0.01,0.024846035358370992,0.0,9.8064999999999998
0.02,0.019000914231745759,0.0,9.8064999999999998
0.029999999999999999,0.013168847492929828,0.0,9.8064999999999998
0.040000000000000001,0.0073499266844221272,0.0,9.8064999999999998
0.050000000000000003,0.0015442433487215803,0.0,9.8064999999999998
0.060000000000000005,-0.0042481109716729195,0.0,9.8064999999999998
0.070000000000000007,-0.010027044734262441,0.0,9.8064999999999998
0.080000000000000002,-0.01579246639654806,0.0,9.8064999999999998
0.089999999999999997,-0.021544284416030884,0.0,9.8064999999999998
0.099999999999999992,-0.027282407250211967,0.0,9.8064999999999998
0.10999999999999999,-0.033006743356592406,0.0,9.8064999999999998
0.11999999999999998,-0.03871720119267328,0.0,9.8064999999999998
0.12999999999999998,-0.04441368921595569,0.0,9.8064999999999998
0.13999999999999999,-0.050096115883940695,0.0,9.8064999999999998
0.14999999999999999,-0.055764389654129422,0.0,9.8064999999999998
0.16,-0.061418418984022879,0.0,9.8064999999999998
0.17000000000000001,-0.067058112331122216,0.0,9.8064999999999998
0.18000000000000002,-0.072683378152928482,0.0,9.8064999999999998
0.19000000000000003,-0.078294124906942777,0.0,9.8064999999999998
0.20000000000000004,-0.083890261050666173,0.0,9.8064999999999998
0.21000000000000005,-0.089471695041599769,0.0,9.8064999999999998
0.22000000000000006,-0.095038335337244595,0.0,9.8064999999999998
0.23000000000000007,-0.10059009039510182,0.0,9.8064999999999998
0.24000000000000007,-0.10612686867267246,0.0,9.8064999999999998
0.25000000000000006,-0.11164857862745758,0.0,9.8064999999999998
0.26000000000000006,-0.11715512871695835,0.0,9.8064999999999998
0.27000000000000007,-0.12264642739867579,0.0,9.8064999999999998
0.28000000000000008,-0.12812238313011101,0.0,9.8064999999999998
0.29000000000000009,-0.1335829043687651,0.0,9.8064999999999998
0.3000000000000001,-0.1390278995721391,0.0,9.8064999999999998
0.31000000000000011,-0.14445727719773413,0.0,9.8064999999999998
0.32000000000000012,-0.14987094570305126,0.0,9.8064999999999998
0.33000000000000013,-0.15526881354559158,0.0,9.8064999999999998
0.34000000000000014,-0.16065078918285616,0.0,9.8064999999999998
0.35000000000000014,-0.1660167810723461,0.0,9.8064999999999998
0.36000000000000015,-0.17136669767156246,0.0,9.8064999999999998
0.37000000000000016,-0.17670044743800634,0.0,9.8064999999999998
0.38000000000000017,-0.18201793882917883,0.0,9.8064999999999998
0.39000000000000018,-0.18731908030258101,0.0,9.8064999999999998
0.40000000000000019,-0.19260378031571393,0.0,9.8064999999999998
0.4100000000000002,-0.19787194732607877,0.0,9.8064999999999998
0.42000000000000021,-0.20312348979117648,0.0,9.8064999999999998
0.43000000000000022,-0.2083583161685082,0.0,9.8064999999999998
0.44000000000000022,-0.21357633491557504,0.0,9.8064999999999998
0.45000000000000023,-0.21877745448987804,0.0,9.8064999999999998
0.46000000000000024,-0.22396158334891836,0.0,9.8064999999999998
0.47000000000000025,-0.229128629950197,0.0,9.8064999999999998
0.48000000000000026,-0.23427850275121506,0.0,9.8064999999999998
0.49000000000000027,-0.23941111020947364,0.0,9.8064999999999998
0.50000000000000022,-0.24452636078247383,0.0,9.8064999999999998
0.51000000000000023,-0.24962416292771669,0.0,9.8064999999999998
0.52000000000000024,-0.25470442510270336,0.0,9.8064999999999998
0.53000000000000025,-0.25976705576493481,0.0,9.8064999999999998
0.54000000000000026,-0.26481196337191221,0.0,9.8064999999999998
0.55000000000000027,-0.26983905638113664,0.0,9.8064999999999998
0.56000000000000028,-0.2748482432501092,0.0,9.8064999999999998
0.57000000000000028,-0.27983943243633086,0.0,9.8064999999999998
0.58000000000000029,-0.28481253239730281,0.0,9.8064999999999998
0.5900000000000003,-0.28976745159052614,0.0,9.8064999999999998
0.60000000000000031,-0.29470409847350193,0.0,9.8064999999999998
0.61000000000000032,-0.29962238150373111,0.0,9.8064999999999998
0.62000000000000033,-0.30452220913871503,0.0,9.8064999999999998
0.63000000000000034,-0.3094034898359545,0.0,9.8064999999999998
0.64000000000000035,-0.31426613205295084,0.0,9.8064999999999998
0.65000000000000036,-0.31911004424720496,0.0,9.8064999999999998
0.66000000000000036,-0.32393513487621806,0.0,9.8064999999999998
0.67000000000000037,-0.3287413123974911,0.0,9.8064999999999998
0.68000000000000038,-0.33352848526852535,0.0,9.8064999999999998
0.69000000000000039,-0.33829656194682167,0.0,9.8064999999999998
0.7000000000000004,-0.34304545088988131,0.0,9.8064999999999998
0.71000000000000041,-0.34777506055520524,0.0,9.8064999999999998
0.72000000000000042,-0.35248529940029466,0.0,9.8064999999999998
0.73000000000000043,-0.35717607588265055,0.0,9.8064999999999998
0.74000000000000044,-0.36184729845977404,0.0,9.8064999999999998
0.75000000000000044,-0.36649887558916627,0.0,9.8064999999999998
0.76000000000000045,-0.37113071572832818,0.0,9.8064999999999998
0.77000000000000046,-0.37574272733476094,0.0,9.8064999999999998
0.78000000000000047,-0.38033481886596565,0.0,9.8064999999999998
0.79000000000000048,-0.38490689877944334,0.0,9.8064999999999998
0.80000000000000049,-0.3894588755326952,0.0,9.8064999999999998
0.8100000000000005,-0.3939906575832221,0.0,9.8064999999999998
0.82000000000000051,-0.39850215338852535,0.0,9.8064999999999998
0.83000000000000052,-0.40299327140610602,0.0,9.8064999999999998
0.84000000000000052,-0.40746392009346499,0.0,9.8064999999999998
0.85000000000000053,-0.41191400790810356,0.0,9.8064999999999998
0.86000000000000054,-0.41634344330752265,0.0,9.8064999999999998
0.87000000000000055,-0.42075213474922346,0.0,9.8064999999999998
0.88000000000000056,-0.42513999069070701,0.0,9.8064999999999998
0.89000000000000057,-0.4295069195894744,0.0,9.8064999999999998
0.90000000000000058,-0.43385282990302665,0.0,9.8064999999999998
0.91000000000000059,-0.43817763008886507,0.0,9.8064999999999998
0.9200000000000006,-0.44248122860449046,0.0,9.8064999999999998
0.9300000000000006,-0.44676353390740403,0.0,9.8064999999999998
0.94000000000000061,-0.45102445445510686,0.0,9.8064999999999998
0.95000000000000062,-0.45526389870510003,0.0,9.8064999999999998
0.96000000000000063,-0.45948177511488469,0.0,9.8064999999999998
0.97000000000000064,-0.46367799214196181,0.0,9.8064999999999998
0.98000000000000065,-0.46785245824383254,0.0,9.8064999999999998
0.99000000000000066,-0.47200508187799789,0.0,9.8064999999999998
1.0000000000000007,-0.47613577150195902,0.0,9.8064999999999998
1.0100000000000007,-0.480244435573217,0.0,9.8064999999999998
1.0200000000000007,-0.48433098254927287,0.0,9.8064999999999998
1.0300000000000007,-0.48839532088762772,0.0,9.8064999999999998
1.0400000000000007,-0.49243735904578273,0.0,9.8064999999999998
1.0500000000000007,-0.49645700548123889,0.0,9.8064999999999998
1.0600000000000007,-0.50045416865149739,0.0,9.8064999999999998
1.0700000000000007,-0.50442875701405909,0.0,9.8064999999999998
1.0800000000000007,-0.50838067902642536,0.0,9.8064999999999998
1.0900000000000007,-0.51230984314609695,0.0,9.8064999999999998
1.1000000000000008,-0.51621615783057528,0.0,9.8064999999999998
1.1100000000000008,-0.52009953153736121,0.0,9.8064999999999998
1.1200000000000008,-0.52395987272395583,0.0,9.8064999999999998
1.1300000000000008,-0.52779708984786045,0.0,9.8064999999999998
1.1400000000000008,-0.53161109136657581,0.0,9.8064999999999998
1.1500000000000008,-0.53540178573760333,0.0,9.8064999999999998
1.1600000000000008,-0.53916908141844389,0.0,9.8064999999999998
1.1700000000000008,-0.54291288686659855,0.0,9.8064999999999998
1.1800000000000008,-0.54663311053956853,0.0,9.8064999999999998
1.1900000000000008,-0.5503296608948548,0.0,9.8064999999999998
1.2000000000000008,-0.55400244638995855,0.0,9.8064999999999998
1.2100000000000009,-0.55765137548238075,0.0,9.8064999999999998
1.2200000000000009,-0.56127635662962261,0.0,9.8064999999999998
1.2300000000000009,-0.56487729828918498,0.0,9.8064999999999998
1.2400000000000009,-0.56845410891856918,0.0,9.8064999999999998
1.2500000000000009,-0.5720066969752764,0.0,9.8064999999999998
1.2600000000000009,-0.57553497091680728,0.0,9.8064999999999998
1.2700000000000009,-0.57903883920066324,0.0,9.8064999999999998
1.2800000000000009,-0.58251821028434536,0.0,9.8064999999999998
1.2900000000000009,-0.58597299262535452,0.0,9.8064999999999998
1.3000000000000009,-0.58940309468119212,0.0,9.8064999999999998
1.3100000000000009,-0.59280842490935892,0.0,9.8064999999999998
1.320000000000001,-0.59618889176735612,0.0,9.8064999999999998
1.330000000000001,-0.5995444037126848,0.0,9.8064999999999998
1.340000000000001,-0.60287486920284616,0.0,9.8064999999999998
1.350000000000001,-0.60618019669534107,0.0,9.8064999999999998
1.360000000000001,-0.60946029464767082,0.0,9.8064999999999998
1.370000000000001,-0.61271507151733651,0.0,9.8064999999999998
1.380000000000001,-0.61594443576183888,0.0,9.8064999999999998
1.390000000000001,-0.61914829583867947,0.0,9.8064999999999998
1.400000000000001,-0.62232656020535904,0.0,9.8064999999999998
1.410000000000001,-0.62547913731937865,0.0,9.8064999999999998
1.420000000000001,-0.62860593563823974,0.0,9.8064999999999998
1.430000000000001,-0.63170686361944295,0.0,9.8064999999999998
1.4400000000000011,-0.63478182972048969,0.0,9.8064999999999998
1.4500000000000011,-0.63783074239888093,0.0,9.8064999999999998
1.4600000000000011,-0.64085351011211777,0.0,9.8064999999999998
1.4700000000000011,-0.64385004131770118,0.0,9.8064999999999998
1.4800000000000011,-0.64682024447313247,0.0,9.8064999999999998
1.4900000000000011,-0.64976402803591238,0.0,9.8064999999999998
1.5000000000000011,-0.65268130046354245,0.0,9.8064999999999998
1.5100000000000011,-0.65557197021352343,0.0,9.8064999999999998
1.5200000000000011,-0.6584359457433564,0.0,9.8064999999999998
1.5300000000000011,-0.66127313551054256,0.0,9.8064999999999998
1.5400000000000011,-0.66408344797258301,0.0,9.8064999999999998
1.5500000000000012,-0.66686679158697881,0.0,9.8064999999999998
1.5600000000000012,-0.66962307481123096,0.0,9.8064999999999998
1.5700000000000012,-0.67235220610284063,0.0,9.8064999999999998
1.5800000000000012,-0.67505409391930893,0.0,9.8064999999999998
1.5900000000000012,-0.67772864671813682,0.0,9.8064999999999998
1.6000000000000012,-0.6803757729568255,0.0,9.8064999999999998
1.6100000000000012,-0.68299538109287605,0.0,9.8064999999999998
1.6200000000000012,-0.68558737958378946,0.0,9.8064999999999998
1.6300000000000012,-0.68815167688706691,0.0,9.8064999999999998
1.6400000000000012,-0.69068818146020927,0.0,9.8064999999999998
1.6500000000000012,-0.69319680176071796,0.0,9.8064999999999998
1.6600000000000013,-0.69567744624609384,0.0,9.8064999999999998
1.6700000000000013,-0.698130023373838,0.0,9.8064999999999998
1.6800000000000013,-0.70055444160145164,0.0,9.8064999999999998
1.6900000000000013,-0.70295060938643583,0.0,9.8064999999999998
1.7000000000000013,-0.70531843518629145,0.0,9.8064999999999998
1.7100000000000013,-0.70765782745851979,0.0,9.8064999999999998
1.7200000000000013,-0.70996869466062185,0.0,9.8064999999999998
1.7300000000000013,-0.7122509452500988,0.0,9.8064999999999998
1.7400000000000013,-0.71450448768445163,0.0,9.8064999999999998
1.7500000000000013,-0.71672923042118142,0.0,9.8064999999999998
1.7600000000000013,-0.71892508191778937,0.0,9.8064999999999998
1.7700000000000014,-0.72109195063177634,0.0,9.8064999999999998
1.7800000000000014,-0.72322974502064374,0.0,9.8064999999999998
1.7900000000000014,-0.72533837354189235,0.0,9.8064999999999998
1.8000000000000014,-0.72741774465302333,0.0,9.8064999999999998
1.8100000000000014,-0.7294677668115378,0.0,9.8064999999999998
1.8200000000000014,-0.73148834847493693,0.0,9.8064999999999998
1.8300000000000014,-0.73347939810072171,0.0,9.8064999999999998
1.8400000000000014,-0.73544082414639322,0.0,9.8064999999999998
1.8500000000000014,-0.73737253506945244,0.0,9.8064999999999998
1.8600000000000014,-0.73927443932740078,0.0,9.8064999999999998
1.8700000000000014,-0.74114644537773899,0.0,9.8064999999999998
1.8800000000000014,-0.74298846167796828,0.0,9.8064999999999998
1.8900000000000015,-0.74480039668558973,0.0,9.8064999999999998
1.9000000000000015,-0.74658215885810431,0.0,9.8064999999999998
1.9100000000000015,-0.74833365665301332,0.0,9.8064999999999998
1.9200000000000015,-0.75005479852781776,0.0,9.8064999999999998
1.9300000000000015,-0.75174549294001858,0.0,9.8064999999999998
1.9400000000000015,-0.75340564834711721,0.0,9.8064999999999998
1.9500000000000015,-0.75503517320661417,0.0,9.8064999999999998
1.9600000000000015,-0.75663397597601101,0.0,9.8064999999999998
1.9700000000000015,-0.7582019651128088,0.0,9.8064999999999998
1.9800000000000015,-0.7597390490745084,0.0,9.8064999999999998
1.9900000000000015,-0.76124513631861102,0.0,9.8064999999999998
2.0000000000000013,-0.76272013530261751,0.0,9.8064999999999998
2.0100000000000011,-0.76416395448402952,0.0,9.8064999999999998
2.0200000000000009,-0.76557650232034746,0.0,9.8064999999999998
2.0300000000000007,-0.76695768726907276,0.0,9.8064999999999998
2.0400000000000005,-0.7683074177877065,0.0,9.8064999999999998
2.0500000000000003,-0.76962560233374966,0.0,9.8064999999999998
2.0600000000000001,-0.77091214936470365,0.0,9.8064999999999998
2.0699999999999998,-0.77216696733806911,0.0,9.8064999999999998
2.0799999999999996,-0.77338996471134724,0.0,9.8064999999999998
2.0899999999999994,-0.77458104994203925,0.0,9.8064999999999998
2.0999999999999992,-0.77574013148764598,0.0,9.8064999999999998
2.109999999999999,-0.77686711780566908,0.0,9.8064999999999998
2.1199999999999988,-0.77796191735360898,0.0,9.8064999999999998
2.1299999999999986,-0.77902443858896697,0.0,9.8064999999999998
2.1399999999999983,-0.78005458996924437,0.0,9.8064999999999998
2.1499999999999981,-0.78105227995194215,0.0,9.8064999999999998
2.1599999999999979,-0.78201741699456129,0.0,9.8064999999999998
2.1699999999999977,-0.78294990955460286,0.0,9.8064999999999998
2.1799999999999975,-0.78384966608956796,0.0,9.8064999999999998
2.1899999999999973,-0.78471659505695779,0.0,9.8064999999999998
2.1999999999999971,-0.7855506049142732,0.0,9.8064999999999998
2.2099999999999969,-0.78635160411901561,0.0,9.8064999999999998
2.2199999999999966,-0.78711950112868578,0.0,9.8064999999999998
2.2299999999999964,-0.78785420440078513,0.0,9.8064999999999998
2.2399999999999962,-0.7885556223928144,0.0,9.8064999999999998
2.249999999999996,-0.7892236635622748,0.0,9.8064999999999998
2.2599999999999958,-0.78985823636666752,0.0,9.8064999999999998
2.2699999999999956,-0.79045924926349354,0.0,9.8064999999999998
2.2799999999999954,-0.79102661071025393,0.0,9.8064999999999998
2.2899999999999952,-0.79156022916444979,0.0,9.8064999999999998
2.2999999999999949,-0.7920600130835822,0.0,9.8064999999999998
2.3099999999999947,-0.79252587092515248,0.0,9.8064999999999998
2.3199999999999945,-0.79295771114666136,0.0,9.8064999999999998
2.3299999999999943,-0.79335544220560983,0.0,9.8064999999999998
2.3399999999999941,-0.79371897255949941,0.0,9.8064999999999998
2.3499999999999939,-0.79404821066583098,0.0,9.8064999999999998
2.3599999999999937,-0.79434306498210572,0.0,9.8064999999999998
2.3699999999999934,-0.79460344396582427,0.0,9.8064999999999998
2.3799999999999932,-0.79482925607448829,0.0,9.8064999999999998
2.389999999999993,-0.79502040976559862,0.0,9.8064999999999998
2.3999999999999928,-0.79517681349665625,0.0,9.8064999999999998
2.4099999999999926,-0.7952983757251626,0.0,9.8064999999999998
2.4199999999999924,-0.79538500490861819,0.0,9.8064999999999998
2.4299999999999922,-0.79543660950452477,0.0,9.8064999999999998
2.439999999999992,-0.79545309797038277,0.0,9.8064999999999998
2.4499999999999917,-0.79543437876369372,0.0,9.8064999999999998
2.4599999999999915,-0.7953803603419588,0.0,9.8064999999999998
2.4699999999999913,-0.79529098777281892,0.0,9.8064999999999998
2.4799999999999911,-0.79516635256447865,0.0,9.8064999999999998
2.4899999999999909,-0.79500658283528169,0.0,9.8064999999999998
2.4999999999999907,-0.79481180670357277,0.0,9.8064999999999998
2.5099999999999905,-0.79458215228769558,0.0,9.8064999999999998
2.5199999999999902,-0.79431774770599484,0.0,9.8064999999999998
2.52999999999999,-0.79401872107681482,0.0,9.8064999999999998
2.5399999999999898,-0.79368520051849956,0.0,9.8064999999999998
2.5499999999999896,-0.79331731414939344,0.0,9.8064999999999998
2.5599999999999894,-0.79291519008784073,0.0,9.8064999999999998
2.5699999999999892,-0.7924789564521858,0.0,9.8064999999999998
2.579999999999989,-0.79200874136077271,0.0,9.8064999999999998
2.5899999999999888,-0.79150467293194582,0.0,9.8064999999999998
2.5999999999999885,-0.79096687928404941,0.0,9.8064999999999998
2.6099999999999883,-0.79039548853542774,0.0,9.8064999999999998
2.6199999999999881,-0.78979062880442519,0.0,9.8064999999999998
2.6299999999999879,-0.78915242820938591,0.0,9.8064999999999998
2.6399999999999877,-0.78848101486865418,0.0,9.8064999999999998
2.6499999999999875,-0.78777651690057426,0.0,9.8064999999999998
2.6599999999999873,-0.78703906242349042,0.0,9.8064999999999998
2.6699999999999871,-0.78626877955574714,0.0,9.8064999999999998
2.6799999999999868,-0.78546579641568826,0.0,9.8064999999999998
2.6899999999999866,-0.78463024112165847,0.0,9.8064999999999998
2.6999999999999864,-0.78376224179200171,0.0,9.8064999999999998
2.7099999999999862,-0.78286192654506248,0.0,9.8064999999999998
2.719999999999986,-0.78192942349918493,0.0,9.8064999999999998
2.7299999999999858,-0.78096486077271343,0.0,9.8064999999999998
2.7399999999999856,-0.77996836648399226,0.0,9.8064999999999998
2.7499999999999853,-0.77894006875136546,0.0,9.8064999999999998
2.7599999999999851,-0.77788009569317751,0.0,9.8064999999999998
2.7699999999999849,-0.77678857542777258,0.0,9.8064999999999998
2.7799999999999847,-0.77566563607349504,0.0,9.8064999999999998
2.7899999999999845,-0.77451140574868915,0.0,9.8064999999999998
2.7999999999999843,-0.7733260125716992,0.0,9.8064999999999998
2.8099999999999841,-0.7721095846608691,0.0,9.8064999999999998
2.8199999999999839,-0.77086225013454368,0.0,9.8064999999999998
2.8299999999999836,-0.76958413711106688,0.0,9.8064999999999998
2.8399999999999834,-0.76827537370878307,0.0,9.8064999999999998
2.8499999999999832,-0.76693608804603641,0.0,9.8064999999999998
2.859999999999983,-0.76556640824117117,0.0,9.8064999999999998
2.8699999999999828,-0.76416646241253172,0.0,9.8064999999999998
2.8799999999999826,-0.76273637867846256,0.0,9.8064999999999998
2.8899999999999824,-0.7612762851573075,0.0,9.8064999999999998
2.8999999999999821,-0.75978630996741114,0.0,9.8064999999999998
2.9099999999999819,-0.75826658122711732,0.0,9.8064999999999998
2.9199999999999817,-0.75671722705477085,0.0,9.8064999999999998
2.9299999999999815,-0.75513837556871577,0.0,9.8064999999999998
2.9399999999999813,-0.75353015488729636,0.0,9.8064999999999998
2.9499999999999811,-0.75189269312885687,0.0,9.8064999999999998
2.9599999999999809,-0.75022611841174125,0.0,9.8064999999999998
2.9699999999999807,-0.74853055885429443,0.0,9.8064999999999998
2.9799999999999804,-0.74680614257486022,0.0,9.8064999999999998
2.9899999999999802,-0.74505299769178301,0.0,9.8064999999999998
2.99999999999998,-0.74327125232340718,0.0,9.8064999999999998
3.0099999999999798,-0.74146103458807677,0.0,9.8064999999999998
3.0199999999999796,-0.73962247260413627,0.0,9.8064999999999998
3.0299999999999794,-0.73775569448992973,0.0,9.8064999999999998
3.0399999999999792,-0.73586082836380151,0.0,9.8064999999999998
3.049999999999979,-0.73393800234409601,0.0,9.8064999999999998
3.0599999999999787,-0.73198734454915737,0.0,9.8064999999999998
3.0699999999999785,-0.73000898309732987,0.0,9.8064999999999998
3.0799999999999783,-0.72800304610695787,0.0,9.8064999999999998
3.0899999999999781,-0.72596966169638555,0.0,9.8064999999999998
3.0999999999999779,-0.72390895798395716,0.0,9.8064999999999998
3.1099999999999777,-0.72182106308801686,0.0,9.8064999999999998
3.1199999999999775,-0.71970610512690925,0.0,9.8064999999999998
3.1299999999999772,-0.71756421221897826,0.0,9.8064999999999998
3.139999999999977,-0.7153955124825685,0.0,9.8064999999999998
3.1499999999999768,-0.71320013403602389,0.0,9.8064999999999998
3.1599999999999766,-0.71097820499768905,0.0,9.8064999999999998
3.1699999999999764,-0.70872985348590778,0.0,9.8064999999999998
3.1799999999999762,-0.70645520761902492,0.0,9.8064999999999998
3.189999999999976,-0.70415439551538439,0.0,9.8064999999999998
3.1999999999999758,-0.70182754529333036,0.0,9.8064999999999998
3.2099999999999755,-0.69947478507120742,0.0,9.8064999999999998
3.2199999999999753,-0.69709624296735961,0.0,9.8064999999999998
3.2299999999999751,-0.69469204710013122,0.0,9.8064999999999998
3.2399999999999749,-0.6922623255878666,0.0,9.8064999999999998
3.2499999999999747,-0.68980720654891003,0.0,9.8064999999999998
3.2599999999999745,-0.68732681810160567,0.0,9.8064999999999998
3.2699999999999743,-0.6848212883642979,0.0,9.8064999999999998
3.279999999999974,-0.68229074545533097,0.0,9.8064999999999998
3.2899999999999738,-0.67973531749304916,0.0,9.8064999999999998
3.2999999999999736,-0.67715513259579652,0.0,9.8064999999999998
3.3099999999999734,-0.67455031888191763,0.0,9.8064999999999998
3.3199999999999732,-0.67192100446975667,0.0,9.8064999999999998
3.329999999999973,-0.66926731747765789,0.0,9.8064999999999998
3.3399999999999728,-0.66658938602396545,0.0,9.8064999999999998
3.3499999999999726,-0.66388733822702384,0.0,9.8064999999999998
3.3599999999999723,-0.66116130220517699,0.0,9.8064999999999998
3.3699999999999721,-0.65841140607676962,0.0,9.8064999999999998
3.3799999999999719,-0.65563777796014555,0.0,9.8064999999999998
3.3899999999999717,-0.65284054597364949,0.0,9.8064999999999998
3.3999999999999715,-0.65001983823562537,0.0,9.8064999999999998
3.4099999999999713,-0.64717578286441746,0.0,9.8064999999999998
3.4199999999999711,-0.64430850797837036,0.0,9.8064999999999998
3.4299999999999708,-0.641418141695828,0.0,9.8064999999999998
3.4399999999999706,-0.63850481213513466,0.0,9.8064999999999998
3.4499999999999704,-0.63556864741463492,0.0,9.8064999999999998
3.4599999999999702,-0.63260977565267262,0.0,9.8064999999999998
3.46999999999997,-0.62962832496759247,0.0,9.8064999999999998
3.4799999999999698,-0.6266244234777385,0.0,9.8064999999999998
3.4899999999999696,-0.62359819930145499,0.0,9.8064999999999998
3.4999999999999694,-0.62054978055708621,0.0,9.8064999999999998
3.5099999999999691,-0.6174792953629763,0.0,9.8064999999999998
3.5199999999999689,-0.61438687183746987,0.0,9.8064999999999998
3.5299999999999687,-0.61127263809891097,0.0,9.8064999999999998
3.5399999999999685,-0.60813672226564386,0.0,9.8064999999999998
3.5499999999999683,-0.60497925245601292,0.0,9.8064999999999998
3.5599999999999681,-0.60180035678836208,0.0,9.8064999999999998
3.5699999999999679,-0.59860016338103617,0.0,9.8064999999999998
3.5799999999999677,-0.59537880035237911,0.0,9.8064999999999998
3.5899999999999674,-0.59213639582073507,0.0,9.8064999999999998
3.5999999999999672,-0.58887307790444865,0.0,9.8064999999999998
3.609999999999967,-0.58558897472186389,0.0,9.8064999999999998
3.6199999999999668,-0.58228421439132505,0.0,9.8064999999999998
3.6299999999999666,-0.57895892503117652,0.0,9.8064999999999998
3.6399999999999664,-0.57561323475976245,0.0,9.8064999999999998
3.6499999999999662,-0.57224727169542733,0.0,9.8064999999999998
3.6599999999999659,-0.56886116395651509,0.0,9.8064999999999998
3.6699999999999657,-0.56545503966137023,0.0,9.8064999999999998
3.6799999999999655,-0.56202902692833701,0.0,9.8064999999999998
3.6899999999999653,-0.55858325387575969,0.0,9.8064999999999998
3.6999999999999651,-0.55511784862198243,0.0,9.8064999999999998
3.7099999999999649,-0.55163293928534951,0.0,9.8064999999999998
3.7199999999999647,-0.54812865398420541,0.0,9.8064999999999998
3.7299999999999645,-0.54460512083689427,0.0,9.8064999999999998
3.7399999999999642,-0.54106246796176016,0.0,9.8064999999999998
3.749999999999964,-0.53750082347714767,0.0,9.8064999999999998
3.7599999999999638,-0.53392031550140107,0.0,9.8064999999999998
3.7699999999999636,-0.53032107215286428,0.0,9.8064999999999998
3.7799999999999634,-0.52670322154988181,0.0,9.8064999999999998
3.7899999999999632,-0.52306689181079802,0.0,9.8064999999999998
3.799999999999963,-0.51941221105395696,0.0,9.8064999999999998
3.8099999999999627,-0.51573930739770313,0.0,9.8064999999999998
3.8199999999999625,-0.51204830896038045,0.0,9.8064999999999998
3.8299999999999623,-0.50833934386033364,0.0,9.8064999999999998
3.8399999999999621,-0.50461254021590662,0.0,9.8064999999999998
3.8499999999999619,-0.50086802614544368,0.0,9.8064999999999998
3.8599999999999617,-0.49710592976728946,0.0,9.8064999999999998
3.8699999999999615,-0.49332637919978778,0.0,9.8064999999999998
3.8799999999999613,-0.48952950256128314,0.0,9.8064999999999998
3.889999999999961,-0.48571542797011974,0.0,9.8064999999999998
3.8999999999999608,-0.48188428354464191,0.0,9.8064999999999998
3.9099999999999606,-0.47803619740319392,0.0,9.8064999999999998
3.9199999999999604,-0.47417129766411986,0.0,9.8064999999999998
3.9299999999999602,-0.47028971244576423,0.0,9.8064999999999998
3.93999999999996,-0.46639156986647123,0.0,9.8064999999999998
3.9499999999999598,-0.46247699804458503,0.0,9.8064999999999998
3.9599999999999596,-0.45854612509845005,0.0,9.8064999999999998
3.9699999999999593,-0.45459907914641068,0.0,9.8064999999999998
3.9799999999999591,-0.45063598830681073,0.0,9.8064999999999998
3.9899999999999589,-0.44665698069799481,0.0,9.8064999999999998
3.9999999999999587,-0.44266218443830707,0.0,9.8064999999999998
4.0099999999999589,-0.43865172764609145,0.0,9.8064999999999998
4.0199999999999587,-0.43462573843969299,0.0,9.8064999999999998
4.0299999999999585,-0.43058434493745562,0.0,9.8064999999999998
4.0399999999999583,-0.42652767525772345,0.0,9.8064999999999998
4.0499999999999581,-0.4224558575188409,0.0,9.8064999999999998
4.0599999999999579,-0.41836901983915226,0.0,9.8064999999999998
4.0699999999999577,-0.4142672903370016,0.0,9.8064999999999998
4.0799999999999574,-0.41015079713073338,0.0,9.8064999999999998
4.0899999999999572,-0.40601966833869185,0.0,9.8064999999999998
4.099999999999957,-0.40187403207922123,0.0,9.8064999999999998
4.1099999999999568,-0.39771401647066579,0.0,9.8064999999999998
4.1199999999999566,-0.39353974963136973,0.0,9.8064999999999998
4.1299999999999564,-0.3893513596796776,0.0,9.8064999999999998
4.1399999999999562,-0.38514897473393328,0.0,9.8064999999999998
4.1499999999999559,-0.38093272291248131,0.0,9.8064999999999998
4.1599999999999557,-0.37670273233366591,0.0,9.8064999999999998
4.1699999999999555,-0.37245913111583118,0.0,9.8064999999999998
4.1799999999999553,-0.36820204737732171,0.0,9.8064999999999998
4.1899999999999551,-0.36393160923648149,0.0,9.8064999999999998
4.1999999999999549,-0.35964794481165491,0.0,9.8064999999999998
4.2099999999999547,-0.35535118222118622,0.0,9.8064999999999998
4.2199999999999545,-0.3510414495834196,0.0,9.8064999999999998
4.2299999999999542,-0.34671887501669957,0.0,9.8064999999999998
4.239999999999954,-0.34238358663937013,0.0,9.8064999999999998
4.2499999999999538,-0.33803571256977566,0.0,9.8064999999999998
4.2599999999999536,-0.33367538092626042,0.0,9.8064999999999998
4.2699999999999534,-0.32930271982716874,0.0,9.8064999999999998
4.2799999999999532,-0.32491785739084472,0.0,9.8064999999999998
4.289999999999953,-0.32052092173563285,0.0,9.8064999999999998
4.2999999999999527,-0.31611204097987727,0.0,9.8064999999999998
4.3099999999999525,-0.31169134324192233,0.0,9.8064999999999998
4.3199999999999523,-0.3072589566401121,0.0,9.8064999999999998
4.3299999999999521,-0.30281500929279115,0.0,9.8064999999999998
4.3399999999999519,-0.29835962931830345,0.0,9.8064999999999998
4.3499999999999517,-0.29389294483499351,0.0,9.8064999999999998
4.3599999999999515,-0.28941508396120541,0.0,9.8064999999999998
4.3699999999999513,-0.28492617481528359,0.0,9.8064999999999998
4.379999999999951,-0.28042634551557222,0.0,9.8064999999999998
4.3899999999999508,-0.2759157241804156,0.0,9.8064999999999998
4.3999999999999506,-0.27139443892815796,0.0,9.8064999999999998
4.4099999999999504,-0.2668626178771436,0.0,9.8064999999999998
4.4199999999999502,-0.26232038914571681,0.0,9.8064999999999998
4.42999999999995,-0.25776788085222185,0.0,9.8064999999999998
4.4399999999999498,-0.25320522111500293,0.0,9.8064999999999998
4.4499999999999496,-0.24863253805240443,0.0,9.8064999999999998
4.4599999999999493,-0.24404995978277053,0.0,9.8064999999999998
4.4699999999999491,-0.23945761442444546,0.0,9.8064999999999998
4.4799999999999489,-0.23485563009577365,0.0,9.8064999999999998
4.4899999999999487,-0.23024413491509924,0.0,9.8064999999999998
4.4999999999999485,-0.22562325700076657,0.0,9.8064999999999998
4.5099999999999483,-0.2209931244711198,0.0,9.8064999999999998
4.5199999999999481,-0.21635386544450327,0.0,9.8064999999999998
4.5299999999999478,-0.21170560803926139,0.0,9.8064999999999998
4.5399999999999476,-0.20704848037373816,0.0,9.8064999999999998
4.5499999999999474,-0.20238261056627799,0.0,9.8064999999999998
4.5599999999999472,-0.1977081267352252,0.0,9.8064999999999998
4.569999999999947,-0.19302515699892395,0.0,9.8064999999999998
4.5799999999999468,-0.18833382947571864,0.0,9.8064999999999998
4.5899999999999466,-0.1836342722839534,0.0,9.8064999999999998
4.5999999999999464,-0.17892661354197259,0.0,9.8064999999999998
4.6099999999999461,-0.17421098136812041,0.0,9.8064999999999998
4.6199999999999459,-0.16948750388074116,0.0,9.8064999999999998
4.6299999999999457,-0.16475630919817918,0.0,9.8064999999999998
4.6399999999999455,-0.16001752543877865,0.0,9.8064999999999998
4.6499999999999453,-0.15527128072088386,0.0,9.8064999999999998
4.6599999999999451,-0.15051770316283908,0.0,9.8064999999999998
4.6699999999999449,-0.14575692088298861,0.0,9.8064999999999998
4.6799999999999446,-0.1409890619996767,0.0,9.8064999999999998
4.6899999999999444,-0.13621425463124762,0.0,9.8064999999999998
4.6999999999999442,-0.13143262689604565,0.0,9.8064999999999998
4.709999999999944,-0.12664430691241502,0.0,9.8064999999999998
4.7199999999999438,-0.12184942279870001,0.0,9.8064999999999998
4.7299999999999436,-0.11704810267324493,0.0,9.8064999999999998
4.7399999999999434,-0.11224047465439402,0.0,9.8064999999999998
4.7499999999999432,-0.10742666686049154,0.0,9.8064999999999998
4.7599999999999429,-0.10260680740988176,0.0,9.8064999999999998
4.7699999999999427,-0.097781024420909024,0.0,9.8064999999999998
4.7799999999999425,-0.092949446011917514,0.0,9.8064999999999998
4.7899999999999423,-0.088112200301251525,0.0,9.8064999999999998
4.7999999999999421,-0.083269415407255284,0.0,9.8064999999999998
4.8099999999999419,-0.078421219448273169,0.0,9.8064999999999998
4.8199999999999417,-0.073567740542649362,0.0,9.8064999999999998
4.8299999999999415,-0.068709106808728132,0.0,9.8064999999999998
4.8399999999999412,-0.063845446364853814,0.0,9.8064999999999998
4.849999999999941,-0.058976887329370647,0.0,9.8064999999999998
4.8599999999999408,-0.054103557820622837,0.0,9.8064999999999998
4.8699999999999406,-0.049225585956954698,0.0,9.8064999999999998
4.8799999999999404,-0.044343099856710561,0.0,9.8064999999999998
4.8899999999999402,-0.039456227638234628,0.0,9.8064999999999998
4.89999999999994,-0.034565097419871189,0.0,9.8064999999999998
4.9099999999999397,-0.029669837319964483,0.0,9.8064999999999998
4.9199999999999395,-0.024770575456858825,0.0,9.8064999999999998
4.9299999999999393,-0.019867439948898447,0.0,9.8064999999999998
4.9399999999999391,-0.014960558914427661,0.0,9.8064999999999998
4.9499999999999389,-0.010050060471790702,0.0,9.8064999999999998
4.9599999999999387,-0.0051360727393318269,0.0,9.8064999999999998
4.9699999999999385,-0.00021874083122179957,0.0,9.8064999999999998
4.9799999999999383,0.0047017221550626209,0.0,9.8064999999999998
4.989999999999938,0.0096250861262183966,0.0,9.8064999999999998
4.9999999999999378,0.014551120988942293,0.0,9.8064999999999998
5.0099999999999376,0.019479596649931138,0.0,9.8064999999999998
5.0199999999999374,0.024410283015881717,0.0,9.8064999999999998
5.0299999999999372,0.029342949993491008,0.0,9.8064999999999998
5.039999999999937,0.03427736748945568,0.0,9.8064999999999998
5.0499999999999368,0.039213305410472681,0.0,9.8064999999999998
5.0599999999999365,0.044150533663238768,0.0,9.8064999999999998
5.0699999999999363,0.049088822154450831,0.0,9.8064999999999998
5.0799999999999361,0.054027940790805702,0.0,9.8064999999999998
5.0899999999999359,0.058967659479000172,0.0,9.8064999999999998
5.0999999999999357,0.06390774812573112,0.0,9.8064999999999998
5.1099999999999355,0.068847976637695305,0.0,9.8064999999999998
5.1199999999999353,0.073788114921589668,0.0,9.8064999999999998
5.1299999999999351,0.07872793288411091,0.0,9.8064999999999998
5.1399999999999348,0.083667200431955968,0.0,9.8064999999999998
5.1499999999999346,0.088605687471821709,0.0,9.8064999999999998
5.1599999999999344,0.093543163910404806,0.0,9.8064999999999998
5.1699999999999342,0.09847939965440225,0.0,9.8064999999999998
5.179999999999934,0.10341416461051077,0.0,9.8064999999999998
5.1899999999999338,0.10834722868542729,0.0,9.8064999999999998
5.1999999999999336,0.11327836178584853,0.0,9.8064999999999998
5.2099999999999334,0.11820733381847144,0.0,9.8064999999999998
5.2199999999999331,0.12313391468999274,0.0,9.8064999999999998
5.2299999999999329,0.12805787430710941,0.0,9.8064999999999998
5.2399999999999327,0.13297898257651813,0.0,9.8064999999999998
5.2499999999999325,0.13789700940491581,0.0,9.8064999999999998
5.2599999999999323,0.14281172469899925,0.0,9.8064999999999998
5.2699999999999321,0.14772289836546532,0.0,9.8064999999999998
5.2799999999999319,0.15263030031101082,0.0,9.8064999999999998
5.2899999999999316,0.15753370044233261,0.0,9.8064999999999998
5.2999999999999314,0.16243286866612755,0.0,9.8064999999999998
5.3099999999999312,0.16732757488909236,0.0,9.8064999999999998
5.319999999999931,0.17221758901792403,0.0,9.8064999999999998
5.3299999999999308,0.17710268095931925,0.0,9.8064999999999998
5.3399999999999306,0.18198262061997492,0.0,9.8064999999999998
5.3499999999999304,0.18685717790658793,0.0,9.8064999999999998
5.3599999999999302,0.19172612272585496,0.0,9.8064999999999998
5.3699999999999299,0.19658922498447298,0.0,9.8064999999999998
5.3799999999999297,0.20144625458913873,0.0,9.8064999999999998
5.3899999999999295,0.20629698144654909,0.0,9.8064999999999998
5.3999999999999293,0.21114117546340094,0.0,9.8064999999999998
5.4099999999999291,0.21597860654639103,0.0,9.8064999999999998
5.4199999999999289,0.2208090446022162,0.0,9.8064999999999998
5.4299999999999287,0.22563225953757335,0.0,9.8064999999999998
5.4399999999999284,0.23044802125915931,0.0,9.8064999999999998
5.4499999999999282,0.23525609967367081,0.0,9.8064999999999998
5.459999999999928,0.2400562646878048,0.0,9.8064999999999998
5.4699999999999278,0.24484828620825805,0.0,9.8064999999999998
5.4799999999999276,0.24963193414172735,0.0,9.8064999999999998
5.4899999999999274,0.25440697839490967,0.0,9.8064999999999998
5.4999999999999272,0.25917318887450175,0.0,9.8064999999999998
5.509999999999927,0.26393033548720035,0.0,9.8064999999999998
5.5199999999999267,0.2686781881397024,0.0,9.8064999999999998
5.5299999999999265,0.27341651673870476,0.0,9.8064999999999998
5.5399999999999263,0.27814509119090419,0.0,9.8064999999999998
5.5499999999999261,0.28286368140299761,0.0,9.8064999999999998
5.5599999999999259,0.28757205728168178,0.0,9.8064999999999998
5.5699999999999257,0.29226998873365351,0.0,9.8064999999999998
5.5799999999999255,0.29695724566560966,0.0,9.8064999999999998
5.5899999999999253,0.30163359798424716,0.0,9.8064999999999998
5.599999999999925,0.30629881559626265,0.0,9.8064999999999998
5.6099999999999248,0.31095266840835317,0.0,9.8064999999999998
5.6199999999999246,0.31559492632721542,0.0,9.8064999999999998
5.6299999999999244,0.32022535925954621,0.0,9.8064999999999998
5.6399999999999242,0.32484373711204262,0.0,9.8064999999999998
5.649999999999924,0.32944982979140108,0.0,9.8064999999999998
5.6599999999999238,0.33404340720431869,0.0,9.8064999999999998
5.6699999999999235,0.33862423925749224,0.0,9.8064999999999998
5.6799999999999233,0.34319209585761862,0.0,9.8064999999999998
5.6899999999999231,0.34774674691139451,0.0,9.8064999999999998
5.6999999999999229,0.35228796232551685,0.0,9.8064999999999998
5.7099999999999227,0.35681551200668238,0.0,9.8064999999999998
5.7199999999999225,0.36132916586158814,0.0,9.8064999999999998
5.7299999999999223,0.36582869379693084,0.0,9.8064999999999998
5.7399999999999221,0.37031386571940716,0.0,9.8064999999999998
5.7499999999999218,0.37478445153571416,0.0,9.8064999999999998
5.7599999999999216,0.37924022115254852,0.0,9.8064999999999998
5.7699999999999214,0.38368094447660722,0.0,9.8064999999999998
5.7799999999999212,0.38810639141458703,0.0,9.8064999999999998
5.789999999999921,0.39251633187318469,0.0,9.8064999999999998
5.7999999999999208,0.39691053575909707,0.0,9.8064999999999998
5.8099999999999206,0.4012887729790211,0.0,9.8064999999999998
5.8199999999999203,0.40565081343965359,0.0,9.8064999999999998
5.8299999999999201,0.40999642704769124,0.0,9.8064999999999998
5.8399999999999199,0.41432538370983102,0.0,9.8064999999999998
5.8499999999999197,0.41863745333276975,0.0,9.8064999999999998
5.8599999999999195,0.42293240582320418,0.0,9.8064999999999998
5.8699999999999193,0.4272100110878313,0.0,9.8064999999999998
5.8799999999999191,0.43147003903334774,0.0,9.8064999999999998
5.8899999999999189,0.43571225956645049,0.0,9.8064999999999998
5.8999999999999186,0.4399364425938363,0.0,9.8064999999999998
5.9099999999999184,0.44414235802220203,0.0,9.8064999999999998
5.9199999999999182,0.44832977575824451,0.0,9.8064999999999998
5.929999999999918,0.45249846570866059,0.0,9.8064999999999998
5.9399999999999178,0.45664819778014709,0.0,9.8064999999999998
5.9499999999999176,0.46077874187940077,0.0,9.8064999999999998
5.9599999999999174,0.46488986791311854,0.0,9.8064999999999998
5.9699999999999172,0.46898134578799733,0.0,9.8064999999999998
5.9799999999999169,0.47305294541073378,0.0,9.8064999999999998
5.9899999999999167,0.47710443668802494,0.0,9.8064999999999998
5.9999999999999165,0.48113558952656743,0.0,9.8064999999999998
6.0099999999999163,0.48514617383305808,0.0,9.8064999999999998
6.0199999999999161,0.48913595951419392,0.0,9.8064999999999998
6.0299999999999159,0.49310471647667165,0.0,9.8064999999999998
6.0399999999999157,0.49705221462718807,0.0,9.8064999999999998
6.0499999999999154,0.50097822387244018,0.0,9.8064999999999998
6.0599999999999152,0.50488251411912455,0.0,9.8064999999999998
6.069999999999915,0.50876485527393833,0.0,9.8064999999999998
6.0799999999999148,0.51262501724357812,0.0,9.8064999999999998
6.0899999999999146,0.51646276993474083,0.0,9.8064999999999998
6.0999999999999144,0.52027788325412327,0.0,9.8064999999999998
6.1099999999999142,0.52407012710842227,0.0,9.8064999999999998
6.119999999999914,0.52783927140433473,0.0,9.8064999999999998
6.1299999999999137,0.53158508604855736,0.0,9.8064999999999998
6.1399999999999135,0.53530734094778709,0.0,9.8064999999999998
6.1499999999999133,0.53900580600872072,0.0,9.8064999999999998
6.1599999999999131,0.54268025113805518,0.0,9.8064999999999998
6.1699999999999129,0.54633044624248717,0.0,9.8064999999999998
6.1799999999999127,0.54995616122871349,0.0,9.8064999999999998
6.1899999999999125,0.55355716600343119,0.0,9.8064999999999998
6.1999999999999122,0.55713323047333696,0.0,9.8064999999999998
6.209999999999912,0.56068412454512739,0.0,9.8064999999999998
6.2199999999999118,0.56420964866495682,0.0,9.8064999999999998
6.2299999999999116,0.56770972543680631,0.0,9.8064999999999998
6.2399999999999114,0.57118430800411502,0.0,9.8064999999999998
6.2499999999999112,0.57463334951032119,0.0,9.8064999999999998
6.259999999999911,0.57805680309886376,0.0,9.8064999999999998
6.2699999999999108,0.58145462191318098,0.0,9.8064999999999998
6.2799999999999105,0.58482675909671167,0.0,9.8064999999999998
6.2899999999999103,0.58817316779289441,0.0,9.8064999999999998
6.2999999999999101,0.59149380114516781,0.0,9.8064999999999998
6.3099999999999099,0.59478861229697066,0.0,9.8064999999999998
6.3199999999999097,0.59805755439174113,0.0,9.8064999999999998
6.3299999999999095,0.60130058057291835,0.0,9.8064999999999998
6.3399999999999093,0.60451764398394059,0.0,9.8064999999999998
6.3499999999999091,0.60770869776824676,0.0,9.8064999999999998
6.3599999999999088,0.61087369506927525,0.0,9.8064999999999998
6.3699999999999086,0.61401258903046474,0.0,9.8064999999999998
6.3799999999999084,0.61712533279525372,0.0,9.8064999999999998
6.3899999999999082,0.62021187950708101,0.0,9.8064999999999998
6.399999999999908,0.62327218230938519,0.0,9.8064999999999998
6.4099999999999078,0.62630619434560475,0.0,9.8064999999999998
6.4199999999999076,0.6293138687591785,0.0,9.8064999999999998
6.4299999999999073,0.63229515869354502,0.0,9.8064999999999998
6.4399999999999071,0.63525001729214259,0.0,9.8064999999999998
6.4499999999999069,0.63817839769841045,0.0,9.8064999999999998
6.4599999999999067,0.64108025305578664,0.0,9.8064999999999998
6.4699999999999065,0.64395553650770987,0.0,9.8064999999999998
6.4799999999999063,0.64680420119761917,0.0,9.8064999999999998
6.4899999999999061,0.64962620026895268,0.0,9.8064999999999998
6.4999999999999059,0.65242148686514934,0.0,9.8064999999999998
6.5099999999999056,0.65519001412964772,0.0,9.8064999999999998
6.5199999999999054,0.65793173520588621,0.0,9.8064999999999998
6.5299999999999052,0.66064660323730351,0.0,9.8064999999999998
6.539999999999905,0.66333457136733853,0.0,9.8064999999999998
6.5499999999999048,0.66599559273942954,0.0,9.8064999999999998
6.5599999999999046,0.66862962049701524,0.0,9.8064999999999998
6.5699999999999044,0.67123660778353433,0.0,9.8064999999999998
6.5799999999999041,0.6738165077424253,0.0,9.8064999999999998
6.5899999999999039,0.67636927351712695,0.0,9.8064999999999998
6.5999999999999037,0.67889485825107798,0.0,9.8064999999999998
6.6099999999999035,0.68139321508771655,0.0,9.8064999999999998
6.6199999999999033,0.68386429717048158,0.0,9.8064999999999998
6.6299999999999031,0.68630805764281166,0.0,9.8064999999999998
6.6399999999999029,0.6887244496481455,0.0,9.8064999999999998
6.6499999999999027,0.69111342632992157,0.0,9.8064999999999998
6.6599999999999024,0.69347494083157857,0.0,9.8064999999999998
6.6699999999999022,0.6958089462965551,0.0,9.8064999999999998
6.679999999999902,0.69811539586828975,0.0,9.8064999999999998
6.6899999999999018,0.7003942426902211,0.0,9.8064999999999998
6.6999999999999016,0.70264543990578798,0.0,9.8064999999999998
6.7099999999999014,0.70486894065842876,0.0,9.8064999999999998
6.7199999999999012,0.70706469809158212,0.0,9.8064999999999998
6.729999999999901,0.70923266534868679,0.0,9.8064999999999998
6.7399999999999007,0.71137279557318112,0.0,9.8064999999999998
6.7499999999999005,0.71348504190850415,0.0,9.8064999999999998
6.7599999999999003,0.71556935749809425,0.0,9.8064999999999998
6.7699999999999001,0.71762569548538968,0.0,9.8064999999999998
6.7799999999998999,0.71965400901382981,0.0,9.8064999999999998
6.7899999999998997,0.72165425122685267,0.0,9.8064999999999998
6.7999999999998995,0.72362637526789708,0.0,9.8064999999999998
6.8099999999998992,0.72557033428040185,0.0,9.8064999999999998
6.819999999999899,0.72748608140780524,0.0,9.8064999999999998
6.8299999999998988,0.72937356979354606,0.0,9.8064999999999998
6.8399999999998986,0.73123275258106302,0.0,9.8064999999999998
6.8499999999998984,0.73306358291379448,0.0,9.8064999999999998
6.8599999999998982,0.73486601393517903,0.0,9.8064999999999998
6.869999999999898,0.73663999878865571,0.0,9.8064999999999998
6.8799999999998978,0.73838549061766279,0.0,9.8064999999999998
6.8899999999998975,0.74010244256563906,0.0,9.8064999999999998
6.8999999999998973,0.74179080777602302,0.0,9.8064999999999998
6.9099999999998971,0.74345053939225314,0.0,9.8064999999999998
6.9199999999998969,0.74508159055776835,0.0,9.8064999999999998
6.9299999999998967,0.74668391441600723,0.0,9.8064999999999998
6.9399999999998965,0.74825746411040817,0.0,9.8064999999999998
6.9499999999998963,0.74980219278440996,0.0,9.8064999999999998
6.959999999999896,0.7513180535814511,0.0,9.8064999999999998
6.9699999999998958,0.75280499964497039,0.0,9.8064999999999998
6.9799999999998956,0.75426298411840642,0.0,9.8064999999999998
6.9899999999998954,0.75569196014519757,0.0,9.8064999999999998
6.9999999999998952,0.75709188086878265,0.0,9.8064999999999998
7.009999999999895,0.75846269943260014,0.0,9.8064999999999998
7.0199999999998948,0.75980436898008907,0.0,9.8064999999999998
7.0299999999998946,0.76111684265468749,0.0,9.8064999999999998
7.0399999999998943,0.7624000735998343,0.0,9.8064999999999998
7.0499999999998941,0.76365401495896812,0.0,9.8064999999999998
7.0599999999998939,0.76487861987552752,0.0,9.8064999999999998
7.0699999999998937,0.76607384149295121,0.0,9.8064999999999998
7.0799999999998935,0.76723963295467767,0.0,9.8064999999999998
7.0899999999998933,0.76837594740414572,0.0,9.8064999999999998
7.0999999999998931,0.76948273798479372,0.0,9.8064999999999998
7.1099999999998929,0.77055995784006037,0.0,9.8064999999999998
7.1199999999998926,0.77160756011338438,0.0,9.8064999999999998
7.1299999999998924,0.77262549794820434,0.0,9.8064999999999998
7.1399999999998922,0.77361372448795884,0.0,9.8064999999999998
7.149999999999892,0.77457219287608636,0.0,9.8064999999999998
7.1599999999998918,0.77550085625602583,0.0,9.8064999999999998
7.1699999999998916,0.77639966777121561,0.0,9.8064999999999998
7.1799999999998914,0.7772685805650944,0.0,9.8064999999999998
7.1899999999998911,0.77810754778110081,0.0,9.8064999999999998
7.1999999999998909,0.77891652256267363,0.0,9.8064999999999998
7.2099999999998907,0.77969545805325091,0.0,9.8064999999999998
7.2199999999998905,0.78044430739627202,0.0,9.8064999999999998
7.2299999999998903,0.7811630237351751,0.0,9.8064999999999998
7.2399999999998901,0.78185156021339897,0.0,9.8064999999999998
7.2499999999998899,0.7825098699743821,0.0,9.8064999999999998
7.2599999999998897,0.7831379061615632,0.0,9.8064999999999998
7.2699999999998894,0.78373562191838098,0.0,9.8064999999999998
7.2799999999998892,0.78430297038827368,0.0,9.8064999999999998
7.289999999999889,0.78483990471468035,0.0,9.8064999999999998
7.2999999999998888,0.78534637804103957,0.0,9.8064999999999998
7.3099999999998886,0.7858223435107895,0.0,9.8064999999999998
7.3199999999998884,0.78626775426736928,0.0,9.8064999999999998
7.3299999999998882,0.7866825634542175,0.0,9.8064999999999998
7.3399999999998879,0.78706672421477231,0.0,9.8064999999999998
7.3499999999998877,0.78742018969247274,0.0,9.8064999999999998
7.3599999999998875,0.78774291303075739,0.0,9.8064999999999998
7.3699999999998873,0.78803484737306462,0.0,9.8064999999999998
7.3799999999998871,0.78829594586283325,0.0,9.8064999999999998
7.3899999999998869,0.78852616164350198,0.0,9.8064999999999998
7.3999999999998867,0.78872544785850907,0.0,9.8064999999999998
7.4099999999998865,0.78889375765129344,0.0,9.8064999999999998
7.4199999999998862,0.7890310441652939,0.0,9.8064999999999998
7.429999999999886,0.7891372605439485,0.0,9.8064999999999998
7.4399999999998858,0.78921235993069627,0.0,9.8064999999999998
7.4499999999998856,0.7892562954689758,0.0,9.8064999999999998
7.4599999999998854,0.78926902030222557,0.0,9.8064999999999998
7.4699999999998852,0.78925050374641303,0.0,9.8064999999999998
7.479999999999885,0.78920077980762093,0.0,9.8064999999999998
7.4899999999998847,0.78911989866446064,0.0,9.8064999999999998
7.4999999999998845,0.78900791049554397,0.0,9.8064999999999998
7.5099999999998843,0.78886486547948231,0.0,9.8064999999999998
7.5199999999998841,0.78869081379488715,0.0,9.8064999999999998
7.5299999999998839,0.78848580562036985,0.0,9.8064999999999998
7.5399999999998837,0.78824989113454225,0.0,9.8064999999999998
7.5499999999998835,0.78798312051601549,0.0,9.8064999999999998
7.5599999999998833,0.78768554394340151,0.0,9.8064999999999998
7.569999999999883,0.78735721159531147,0.0,9.8064999999999998
7.5799999999998828,0.78699817365035696,0.0,9.8064999999999998
7.5899999999998826,0.78660848028714969,0.0,9.8064999999999998
7.5999999999998824,0.78618818168430105,0.0,9.8064999999999998
7.6099999999998822,0.78573732802042251,0.0,9.8064999999999998
7.619999999999882,0.78525596947412568,0.0,9.8064999999999998
7.6299999999998818,0.78474415622402172,0.0,9.8064999999999998
7.6399999999998816,0.78420193844872277,0.0,9.8064999999999998
7.6499999999998813,0.78362936632683988,0.0,9.8064999999999998
7.6599999999998811,0.78302649003698477,0.0,9.8064999999999998
7.6699999999998809,0.7823933597577688,0.0,9.8064999999999998
7.6799999999998807,0.78173002566780359,0.0,9.8064999999999998
7.6899999999998805,0.78103653794570083,0.0,9.8064999999999998
7.6999999999998803,0.78031294677007168,0.0,9.8064999999999998
7.7099999999998801,0.77955930231952786,0.0,9.8064999999999998
7.7199999999998798,0.77877565477268085,0.0,9.8064999999999998
7.7299999999998796,0.77796205430814225,0.0,9.8064999999999998
7.7399999999998794,0.77711855110452333,0.0,9.8064999999999998
7.7499999999998792,0.77624519534043579,0.0,9.8064999999999998
7.759999999999879,0.77534203719449124,0.0,9.8064999999999998
7.7699999999998788,0.77440912684530094,0.0,9.8064999999999998
7.7799999999998786,0.77344651447147683,0.0,9.8064999999999998
7.7899999999998784,0.77245425025162984,0.0,9.8064999999999998
7.7999999999998781,0.77143238436437189,0.0,9.8064999999999998
7.8099999999998779,0.77038096698831438,0.0,9.8064999999999998
7.8199999999998777,0.76930004830206888,0.0,9.8064999999999998
7.8299999999998775,0.76818967848424691,0.0,9.8064999999999998
7.8399999999998773,0.76704990771345982,0.0,9.8064999999999998
7.8499999999998771,0.76588078616831923,0.0,9.8064999999999998
7.8599999999998769,0.76468236402743672,0.0,9.8064999999999998
7.8699999999998766,0.7634546914694238,0.0,9.8064999999999998
7.8799999999998764,0.76219781867289205,0.0,9.8064999999999998
7.8899999999998762,0.76091179581645263,0.0,9.8064999999999998
7.899999999999876,0.75959667307871748,0.0,9.8064999999999998
7.9099999999998758,0.75825250063829797,0.0,9.8064999999999998
7.9199999999998756,0.75687932867380558,0.0,9.8064999999999998
7.9299999999998754,0.75547720736385171,0.0,9.8064999999999998
7.9399999999998752,0.75404618688704794,0.0,9.8064999999999998
7.9499999999998749,0.75258631742200599,0.0,9.8064999999999998
7.9599999999998747,0.75109764914733734,0.0,9.8064999999999998
7.9699999999998745,0.74958023224165338,0.0,9.8064999999999998
7.9799999999998743,0.74803411688356558,0.0,9.8064999999999998
7.9899999999998741,0.74645935325168555,0.0,9.8064999999999998
7.9999999999998739,0.74485599152462478,0.0,9.8064999999999998
8.0099999999998737,0.74322408188099465,0.0,9.8064999999999998
8.0199999999998735,0.74156367449940686,0.0,9.8064999999999998
8.0299999999998732,0.73987481955847278,0.0,9.8064999999999998
8.039999999999873,0.73815756723680426,0.0,9.8064999999999998
8.0499999999998728,0.73641196771301243,0.0,9.8064999999999998
8.0599999999998726,0.73463807116570901,0.0,9.8064999999999998
8.0699999999998724,0.73283592777350537,0.0,9.8064999999999998
8.0799999999998722,0.73100558771501323,0.0,9.8064999999999998
8.089999999999872,0.72914710116884385,0.0,9.8064999999999998
8.0999999999998717,0.72726051831360894,0.0,9.8064999999999998
8.1099999999998715,0.72534588932791999,0.0,9.8064999999999998
8.1199999999998713,0.72340326439038849,0.0,9.8064999999999998
8.1299999999998711,0.72143269367962604,0.0,9.8064999999999998
8.1399999999998709,0.7194342273742439,0.0,9.8064999999999998
8.1499999999998707,0.71740791565285389,0.0,9.8064999999999998
8.1599999999998705,0.71535380869406728,0.0,9.8064999999999998
8.1699999999998703,0.71327195667649579,0.0,9.8064999999999998
8.17999999999987,0.71116240977875078,0.0,9.8064999999999998
8.1899999999998698,0.70902521817944386,0.0,9.8064999999999998
8.1999999999998696,0.70686043205718652,0.0,9.8064999999999998
8.2099999999998694,0.70466810159059023,0.0,9.8064999999999998
8.2199999999998692,0.70244827695826662,0.0,9.8064999999999998
8.229999999999869,0.70020100833882704,0.0,9.8064999999999998
8.2399999999998688,0.69792634591088321,0.0,9.8064999999999998
8.2499999999998685,0.69562433985304639,0.0,9.8064999999999998
8.2599999999998683,0.69329504034392841,0.0,9.8064999999999998
8.2699999999998681,0.69093849756214043,0.0,9.8064999999999998
8.2799999999998679,0.68855476168629426,0.0,9.8064999999999998
8.2899999999998677,0.68614388289500128,0.0,9.8064999999999998
8.2999999999998675,0.68370591136687309,0.0,9.8064999999999998
8.3099999999998673,0.68124089728052117,0.0,9.8064999999999998
8.3199999999998671,0.67874889081455692,0.0,9.8064999999999998
8.3299999999998668,0.67622994214759202,0.0,9.8064999999999998
8.3399999999998666,0.67368410145823776,0.0,9.8064999999999998
8.3499999999998664,0.67111141892510606,0.0,9.8064999999999998
8.3599999999998662,0.66851194472680797,0.0,9.8064999999999998
8.369999999999866,0.66588572904195531,0.0,9.8064999999999998
8.3799999999998658,0.66323282204915956,0.0,9.8064999999999998
8.3899999999998656,0.66055327392703223,0.0,9.8064999999999998
8.3999999999998654,0.65784713485418467,0.0,9.8064999999999998
8.4099999999998651,0.6551144550092286,0.0,9.8064999999999998
8.4199999999998649,0.6523552845707753,0.0,9.8064999999999998
8.4299999999998647,0.64956967371743657,0.0,9.8064999999999998
8.4399999999998645,0.64675767262782391,0.0,9.8064999999999998
8.4499999999998643,0.64391933148054847,0.0,9.8064999999999998
8.4599999999998641,0.6410547004542223,0.0,9.8064999999999998
8.4699999999998639,0.63816382972745633,0.0,9.8064999999999998
8.4799999999998636,0.63524676947886261,0.0,9.8064999999999998
8.4899999999998634,0.63230356988705239,0.0,9.8064999999999998
8.4999999999998632,0.62933428113063716,0.0,9.8064999999999998
8.509999999999863,0.62633895338822854,0.0,9.8064999999999998
8.5199999999998628,0.62331763683843799,0.0,9.8064999999999998
8.5299999999998626,0.62027038165987702,0.0,9.8064999999999998
8.5399999999998624,0.61719723803115711,0.0,9.8064999999999998
8.5499999999998622,0.61409825613088997,0.0,9.8064999999999998
8.5599999999998619,0.61097348613768687,0.0,9.8064999999999998
8.5699999999998617,0.60782297823015952,0.0,9.8064999999999998
8.5799999999998615,0.60464678258691928,0.0,9.8064999999999998
8.5899999999998613,0.60144494938657767,0.0,9.8064999999999998
8.5999999999998611,0.59821752880774637,0.0,9.8064999999999998
8.6099999999998609,0.59496457102903677,0.0,9.8064999999999998
8.6199999999998607,0.59168612622906058,0.0,9.8064999999999998
8.6299999999998604,0.58838224458642885,0.0,9.8064999999999998
8.6399999999998602,0.58505297627975361,0.0,9.8064999999999998
8.64999999999986,0.58169837148764614,0.0,9.8064999999999998
8.6599999999998598,0.57831848038871791,0.0,9.8064999999999998
8.6699999999998596,0.57491335316158054,0.0,9.8064999999999998
8.6799999999998594,0.57148303998484551,0.0,9.8064999999999998
8.6899999999998592,0.56802759103712419,0.0,9.8064999999999998
8.699999999999859,0.56454705649702841,0.0,9.8064999999999998
8.7099999999998587,0.56104148654316943,0.0,9.8064999999999998
8.7199999999998585,0.55751093135415908,0.0,9.8064999999999998
8.7299999999998583,0.55395544110860828,0.0,9.8064999999999998
8.7399999999998581,0.5503750659851292,0.0,9.8064999999999998
8.7499999999998579,0.54676985616233298,0.0,9.8064999999999998
8.7599999999998577,0.54313986181883123,0.0,9.8064999999999998
8.7699999999998575,0.53948513313323543,0.0,9.8064999999999998
8.7799999999998573,0.53580572028415707,0.0,9.8064999999999998
8.789999999999857,0.53210167345020787,0.0,9.8064999999999998
8.7999999999998568,0.52837304280999908,0.0,9.8064999999999998
8.8099999999998566,0.52461987854214243,0.0,9.8064999999999998
8.8199999999998564,0.52084223082524927,0.0,9.8064999999999998
8.8299999999998562,0.51704014983793123,0.0,9.8064999999999998
8.839999999999856,0.51321368575879978,0.0,9.8064999999999998
8.8499999999998558,0.5093628887664664,0.0,9.8064999999999998
8.8599999999998555,0.5054878090395426,0.0,9.8064999999999998
8.8699999999998553,0.50158849675664008,0.0,9.8064999999999998
8.8799999999998551,0.49766500209637021,0.0,9.8064999999999998
8.8899999999998549,0.49371737523734438,0.0,9.8064999999999998
8.8999999999998547,0.48974566635817424,0.0,9.8064999999999998
8.9099999999998545,0.48574992563747138,0.0,9.8064999999999998
8.9199999999998543,0.4817302032538473,0.0,9.8064999999999998
8.9299999999998541,0.47768654938591337,0.0,9.8064999999999998
8.9399999999998538,0.47361901421228125,0.0,9.8064999999999998
8.9499999999998536,0.46952764791156232,0.0,9.8064999999999998
8.9599999999998534,0.46541250066236828,0.0,9.8064999999999998
8.9699999999998532,0.4612736226433104,0.0,9.8064999999999998
8.979999999999853,0.45711106403300034,0.0,9.8064999999999998
8.9899999999998528,0.45292487501004969,0.0,9.8064999999999998
8.9999999999998526,0.44871510575306994,0.0,9.8064999999999998
9.0099999999998523,0.44448180644067248,0.0,9.8064999999999998
9.0199999999998521,0.44022502725146889,0.0,9.8064999999999998
9.0299999999998519,0.43594481836407073,0.0,9.8064999999999998
9.0399999999998517,0.43164122995708942,0.0,9.8064999999999998
9.0499999999998515,0.42731431220913674,0.0,9.8064999999999998
9.0599999999998513,0.42296411529882366,0.0,9.8064999999999998
9.0699999999998511,0.41859068940476224,0.0,9.8064999999999998
9.0799999999998509,0.41419408470556379,0.0,9.8064999999999998
9.0899999999998506,0.40977435137983986,0.0,9.8064999999999998
9.0999999999998504,0.40533153960620188,0.0,9.8064999999999998
9.1099999999998502,0.40086569956326146,0.0,9.8064999999999998
9.11999999999985,0.39637688142963007,0.0,9.8064999999999998
9.1299999999998498,0.39186513538391921,0.0,9.8064999999999998
9.1399999999998496,0.38733051160474047,0.0,9.8064999999999998
9.1499999999998494,0.38277306027070518,0.0,9.8064999999999998
9.1599999999998492,0.3781928315604251,0.0,9.8064999999999998
9.1699999999998489,0.37358987565251167,0.0,9.8064999999999998
9.1799999999998487,0.36896424272557632,0.0,9.8064999999999998
9.1899999999998485,0.3643159829582307,0.0,9.8064999999999998
9.1999999999998483,0.35964514652908613,0.0,9.8064999999999998
9.2099999999998481,0.35495178361675428,0.0,9.8064999999999998
9.2199999999998479,0.35023594439984668,0.0,9.8064999999999998
9.2299999999998477,0.34549767905697476,0.0,9.8064999999999998
9.2399999999998474,0.34073703776675002,0.0,9.8064999999999998
9.2499999999998472,0.33595407070778405,0.0,9.8064999999999998
9.259999999999847,0.33114882805868839,0.0,9.8064999999999998
9.2699999999998468,0.32632135999807443,0.0,9.8064999999999998
9.2799999999998466,0.32147171670455388,0.0,9.8064999999999998
9.2899999999998464,0.31659994835673794,0.0,9.8064999999999998
9.2999999999998462,0.31170610513323854,0.0,9.8064999999999998
9.309999999999846,0.30679023721266691,0.0,9.8064999999999998
9.3199999999998457,0.30185239477363457,0.0,9.8064999999999998
9.3299999999998455,0.29689262799475313,0.0,9.8064999999999998
9.3399999999998453,0.29191098705463409,0.0,9.8064999999999998
9.3499999999998451,0.28690752213188903,0.0,9.8064999999999998
9.3599999999998449,0.28188228340512933,0.0,9.8064999999999998
9.3699999999998447,0.2768353210529666,0.0,9.8064999999999998
9.3799999999998445,0.27176668525401221,0.0,9.8064999999999998
9.3899999999998442,0.26667642618687787,0.0,9.8064999999999998
9.399999999999844,0.26156459403017501,0.0,9.8064999999999998
9.4099999999998438,0.25643123896251513,0.0,9.8064999999999998
9.4199999999998436,0.25127641116250976,0.0,9.8064999999999998
9.4299999999998434,0.24610016080877045,0.0,9.8064999999999998
9.4399999999998432,0.24090253807990869,0.0,9.8064999999999998
9.449999999999843,0.23568359315453602,0.0,9.8064999999999998
9.4599999999998428,0.23044337621126385,0.0,9.8064999999999998
9.4699999999998425,0.22518193742870385,0.0,9.8064999999999998
9.4799999999998423,0.21989932698546741,0.0,9.8064999999999998
9.4899999999998421,0.21459559506016609,0.0,9.8064999999999998
9.4999999999998419,0.20927079183141145,0.0,9.8064999999999998
9.5099999999998417,0.20392496747781494,0.0,9.8064999999999998
9.5199999999998415,0.19855817217798813,0.0,9.8064999999999998
9.5299999999998413,0.19317045611054251,0.0,9.8064999999999998
9.5399999999998411,0.18776186945408962,0.0,9.8064999999999998
9.5499999999998408,0.18233246238724093,0.0,9.8064999999999998
9.5599999999998406,0.17688228508860795,0.0,9.8064999999999998
9.5699999999998404,0.17141138773680223,0.0,9.8064999999999998
9.5799999999998402,0.1659198205104353,0.0,9.8064999999999998
9.58999999999984,0.16040763358811863,0.0,9.8064999999999998
9.5999999999998398,0.15487487714846376,0.0,9.8064999999999998
9.6099999999998396,0.14932160137008227,0.0,9.8064999999999998
9.6199999999998393,0.14374785643158558,0.0,9.8064999999999998
9.6299999999998391,0.13815369251158524,0.0,9.8064999999999998
9.6399999999998389,0.13253915978869277,0.0,9.8064999999999998
9.6499999999998387,0.12690430844151968,0.0,9.8064999999999998
9.6599999999998385,0.12124918864867748,0.0,9.8064999999999998
9.6699999999998383,0.11557385058877769,0.0,9.8064999999999998
9.6799999999998381,0.10987834444043179,0.0,9.8064999999999998
9.6899999999998379,0.1041627203822514,0.0,9.8064999999999998
9.6999999999998376,0.098427028592847951,0.0,9.8064999999999998
9.7099999999998374,0.092671319250832995,0.0,9.8064999999999998
9.7199999999998372,0.086895642534817991,0.0,9.8064999999999998
9.729999999999837,0.081100048623414522,0.0,9.8064999999999998
9.7399999999998368,0.075284587695234093,0.0,9.8064999999999998
9.7499999999998366,0.069449309928888175,0.0,9.8064999999999998
9.7599999999998364,0.063594265502988315,0.0,9.8064999999999998
9.7699999999998361,0.057719504596146033,0.0,9.8064999999999998
9.7799999999998359,0.051825077386972854,0.0,9.8064999999999998
9.7899999999998357,0.045911034054080264,0.0,9.8064999999999998
9.7999999999998355,0.039977424776079809,0.0,9.8064999999999998
9.8099999999998353,0.034024299731582969,0.0,9.8064999999999998
9.8199999999998351,0.028051709099201291,0.0,9.8064999999999998
9.8299999999998349,0.022059703057546287,0.0,9.8064999999999998
9.8399999999998347,0.016048331785229467,0.0,9.8064999999999998
9.8499999999998344,0.010017645460862333,0.0,9.8064999999999998
9.8599999999998342,0.0039676942630564246,0.0,9.8064999999999998
9.869999999999834,-0.0021014716295767472,0.0,9.8064999999999998
9.8799999999998338,-0.0081898020384256823,0.0,9.8064999999999998
9.8899999999998336,-0.014297246784878847,0.0,9.8064999999999998
9.8999999999998334,-0.020423755690324737,0.0,9.8064999999999998
9.9099999999998332,-0.026569278576151822,0.0,9.8064999999999998
9.919999999999833,-0.032733765263748611,0.0,9.8064999999999998
