0.0,0.0099919419514997287,0.038603979894485198,0.092872587817291533
0.010000000000000002,-0.012329082413514148,0.068782255743617682,0.11350859827467222
0.020000000000000004,-0.033236923887717103,0.097694391194297792,0.13431141763349772
0.030000000000000006,-0.052812906870697535,0.12539465741479219,0.15526990207538283
0.040000000000000001,-0.071136236132548741,0.15193572177917358,0.17637319598149703
0.049999999999999996,-0.08828399681386892,0.17736864786732048,0.19761073193256426
0.059999999999999991,-0.10433115442576124,0.20174289546491764,0.21897223070886321
0.069999999999999979,-0.11935055484983373,0.2251063205634555,0.24044770129022691
0.079999999999999988,-0.13341292433819937,0.24750517536023076,0.26202744085604313
0.089999999999999969,-0.14658686951347616,0.26898410825834601,0.28370203478525424
0.099999999999999978,-0.15893887736878684,0.28958616386670977,0.30546235665635701
0.10999999999999999,-0.17053331526775922,0.30935278300003666,0.32729956824740297
0.12,-0.18143243094452602,0.3283238026788472,0.34920511953599814
0.13,-0.19169635250372477,0.34653745612946796,0.37117074869930317
0.14000000000000001,-0.20138308842049807,0.36403037278403139,0.39318848211403312
0.15000000000000002,-0.21054852754049333,0.38083757828047604,0.41525063435645782
0.16000000000000003,-0.21924643907986294,0.39699249446254642,0.4373498082024016
0.17000000000000004,-0.22752847262526427,0.41252693937979307,0.45947889462724351
0.18000000000000005,-0.23544415813385952,0.42747112728757242,0.48163107280591683
0.19000000000000006,-0.24304090593331576,0.44185366864704695,0.50379981011290964
0.20000000000000007,-0.25036400672180525,0.45570157012518525,0.52597886212226463
0.21000000000000005,-0.2574566315680048,0.46904023459476152,0.5481622726075791
0.22000000000000006,-0.26435983191109658,0.48189346113435655,0.57034437354200473
0.23000000000000007,-0.27111253956076725,0.49428344502835647,0.59251978509824799
0.24000000000000007,-0.27775156669720863,0.50623077776695391,0.61468341564856976
0.25000000000000011,-0.28431160587111748,0.51775444704614715,0.63683046176478553
0.26000000000000012,-0.29082523000369537,0.52887183676774052,0.6589564082182654
0.27000000000000013,-0.29732289238664894,0.53959872703934464,0.68105702797993417
0.28000000000000014,-0.30383292668218959,0.54994929417437577,0.70312838222027085
0.29000000000000015,-0.31038154692303382,0.5599361106920564,0.72516682030930957
0.30000000000000016,-0.31699284751240281,0.56957014531741468,0.74716897981663843
0.31000000000000016,-0.32368880322402288,0.57886076298128508,0.76913178651140068
0.32000000000000017,-0.33048926920212524,0.58781572482030797,0.79105245436229354
0.33000000000000018,-0.33741198096144603,0.59644118817692959,0.81292848553756947
0.34000000000000019,-0.34447255438722624,0.60474170659940241,0.83475767040503501
0.3500000000000002,-0.35168448573521166,0.61272022984178443,0.85653808753205152
0.36000000000000021,-0.35905915163165347,0.62037810386394032,0.87826810368553476
0.37000000000000022,-0.36660580907330731,0.62771507083154032,0.8999463738319553
0.38000000000000023,-0.37433159542743377,0.63472926911606042,0.92157184113733792
0.39000000000000024,-0.3822415284317987,0.64141723329478306,0.94314373696726228
0.40000000000000024,-0.39033850619467264,0.64777389415079656,0.96466158088686293
0.41000000000000025,-0.39862330719483108,0.65379257867299512,0.98612518066082788
0.42000000000000026,-0.40709459028155437,0.65946501005607883,1.0075346322534011
0.43000000000000027,-0.41574889467462789,0.6647813077005541,1.0288903198283801
0.44000000000000028,-0.42458063996434198,0.66972998721273314,1.0501929157491177
0.45000000000000029,-0.43358212611149183,0.674297960404734,1.0714433805785204
0.46000000000000024,-0.44274353344737744,0.67847053529448109,1.0926429630790502
0.47000000000000025,-0.45205292267380387,0.68223141610570426,1.1137932002127231
0.48000000000000026,-0.46149623486308133,0.68556270326794011,1.1348959171411102
0.49000000000000027,-0.47105729145802444,0.68844489341653048,1.1559532272253366
0.50000000000000022,-0.48071779427195321,0.69085687939262375,1.1769675320260822
0.51000000000000023,-0.49045732548869225,0.69277595024317384,1.1979415213035816
0.52000000000000024,-0.50025334766257123,0.69417779122094092,1.2188781730176239
0.53000000000000025,-0.51008120371842491,0.69503648378449134,1.2397807533275524
0.54000000000000026,-0.51991411695159262,0.69532450559819692,1.2606528165922659
0.55000000000000027,-0.52972319102791887,0.69501273053223589,1.2814982053702164
0.56000000000000028,-0.53947740998375304,0.69407042866259239,1.3023210504194125
0.57000000000000028,-0.54914363822594936,0.6924652662710562,1.3231257706974149
0.58000000000000029,-0.55868662053186713,0.69016330584522378,1.3439170733613408
0.5900000000000003,-0.56806898204937051,0.68712900607849714,1.364699953767861
0.60000000000000031,-0.57725132380780342,0.68332534737551809,1.3854799158856275
0.61000000000000032,-0.58619327333871485,0.67871521241194366,1.4062653968319545
0.62000000000000033,-0.59485453529658339,0.67326276669422058,1.4270701914095056
0.63000000000000034,-0.60319498696979224,0.66693358406501857,1.4479136725187163
0.64000000000000035,-0.61117467828062955,0.65969464670323164,1.4688207911577946
0.65000000000000036,-0.61875383178528787,0.65151434512397666,1.489822076422723
0.66000000000000036,-0.62589284267386469,0.64236247817859482,1.5109536355072561
0.67000000000000037,-0.63255227877036213,0.63221025305465062,1.532257153702921
0.68000000000000038,-0.63869288053268714,0.62103028527593207,1.5537798943990193
0.69000000000000039,-0.64427556105265094,0.60879659870245095,1.5755746990826249
0.7000000000000004,-0.64926140605597005,0.59548462553044246,1.5976999873385844
0.71000000000000041,-0.65361167390226549,0.58107120629236597,1.6202197568495182
0.72000000000000042,-0.65728779558506256,0.56553458985690352,1.6432035833958198
0.73000000000000043,-0.66025137473179196,0.54885443342896167,1.6667266208556546
0.74000000000000044,-0.66246418760378856,0.53101180254966995,1.6908696012049622
0.75000000000000044,-0.66388818309629238,0.51198917109638198,1.715718834517455
0.76000000000000045,-0.66448548273844765,0.49177042128267451,1.741360019045828
0.77000000000000046,-0.66421838069330374,0.47034084365834838,1.7678101521150724
0.78000000000000047,-0.66304934375781444,0.44768713710942765,1.7949494410157851
0.79000000000000048,-0.66094101136283823,0.4237974088581602,1.8225151130853798
0.80000000000000049,-0.65785619557313879,0.39866117446301758,1.8501014157080873
0.8100000000000005,-0.65375788108738386,0.37226935781869475,1.8771596163149562
0.82000000000000051,-0.64860922523814635,0.34461429115611031,1.9029980023838502
0.83000000000000052,-0.64237355799190365,0.31568971504240667,1.9267818814394515
0.84000000000000052,-0.6350143819490377,0.28549077838094961,1.9475335810532577
0.85000000000000053,-0.62649537234383557,0.25401403841132875,1.9641324488435845
0.86000000000000054,-0.61678037704448863,0.22125746070935703,1.9753148524755644
0.87000000000000055,-0.60583341655309353,0.1872204191870713,1.9796741796611457
0.88000000000000056,-0.59361868400565077,0.15190369609273185,1.9756608381590937
0.89000000000000057,-0.58010054517206622,0.11530948201082258,1.9615822557749925
0.90000000000000058,-0.5652435384561505,0.077441375862051173,1.9356028803612406
0.91000000000000059,-0.54901494656522642,0.038307048595603174,1.8958373012669738
0.9200000000000006,-0.53141308487581773,-0.0020524561960572943,1.841374585287175
0.9300000000000006,-0.51249558979933729,-0.043533421662387786,1.7733026126117841
0.94000000000000061,-0.49238199045169423,-0.085966794002512878,1.6948011982756188
0.95000000000000062,-0.47125370865329441,-0.12911818246522411,1.6110131517304871
0.96000000000000063,-0.44935405892904068,-0.17268785934898009,1.5276259321384462
0.97000000000000064,-0.42698824850833245,-0.21631076000190622,1.4493884958065231
0.98000000000000065,-0.40452337732506599,-0.25955648282179528,1.3792694693149403
0.99000000000000066,-0.38238247900753491,-0.30193593096830224,1.3178524800961635
1.0000000000000007,-0.36097897176733729,-0.34297437119709423,1.264461735828631
1.0100000000000007,-0.34065110928828346,-0.38228449269400083,1.2183524116890245
1.0200000000000007,-0.32165602171629631,-0.41957304878720897,1.1788188673752003
1.0300000000000007,-0.30416971565941131,-0.45464085694726308,1.1451946471061911
1.0400000000000007,-0.28828707418777655,-0.4873827987870652,1.1168524796222041
1.0500000000000007,-0.27402185683365288,-0.51778782006187485,1.0932042781846232
1.0600000000000007,-0.26130669959141367,-0.54593893066930921,1.0737011405760071
1.0700000000000007,-0.24999702124408077,-0.57200866050355437,1.0578330799868709
1.0800000000000007,-0.23991399295521984,-0.59620907385169353,1.045126064770276
1.0900000000000007,-0.23088750786083478,-0.61874178379003431,1.0351390581964188
1.1000000000000008,-0.22276008739590414,-0.63979340803832041,1.0274637493394125
1.1100000000000008,-0.21538688129438083,-0.65953556895973198,1.0217245530772869
1.1200000000000008,-0.20863566758919216,-0.67812489356088479,1.0175786100919872
1.1300000000000008,-0.20238685261223999,-0.69570301349183139,1.0147157868693757
1.1400000000000008,-0.19653347099440055,-0.71239656504606019,1.0128586756992308
1.1500000000000008,-0.19098118566552455,-0.72831718916049581,1.0117625946752473
1.1600000000000008,-0.18564828785443713,-0.74356153141549874,1.0112155876950366
1.1700000000000008,-0.18046569708893789,-0.75821124203486612,1.011038424460126
1.1800000000000008,-0.17537696119580087,-0.77233297588583105,1.0110846004759595
1.1900000000000008,-0.17033825630077448,-0.78597839247906254,1.0112403370518974
1.2000000000000008,-0.16531838682858174,-0.79918415596866621,1.0114245813012162
1.2100000000000009,-0.16029878550291995,-0.81197193515218369,1.0115890061411086
1.2200000000000009,-0.15527298715999574,-0.82434903158055761,1.0117166464674414
1.2300000000000009,-0.15024084069740762,-0.83631528876775019,1.0118068970770842
1.2400000000000009,-0.14520272102302875,-0.84787000140036073,1.0118605105902398
1.2500000000000009,-0.14015900286854169,-0.85901254344759048,1.0118782336252015
1.2600000000000009,-0.13511006078943835,-0.86974236816124262,1.0118608067983519
1.2700000000000009,-0.13005626916502022,-0.88005900807572324,1.0118089647241644
1.2800000000000009,-0.12499800219839798,-0.88996207500803992,1.0117234360152028
1.2900000000000009,-0.11993563391649185,-0.89945126005780296,1.0116049432821201
1.3000000000000009,-0.11486953817003147,-0.90852633360722435,1.0114542031336606
1.3100000000000009,-0.1098000886335558,-0.91718714532111878,1.0112719261766583
1.320000000000001,-0.10472765880541331,-0.92543362414690289,1.0110588170160371
1.330000000000001,-0.099652622007761801,-0.93326577831459534,1.0108155742548115
1.340000000000001,-0.094575351386568515,-0.94068369533681739,1.0105428904940861
1.350000000000001,-0.089496219911610109,-0.94768754200879213,1.0102414523330556
1.360000000000001,-0.084415600376472652,-0.95427756440834532,1.0099119403690049
1.370000000000001,-0.079333865398551626,-0.96045408789590436,1.0095550291973092
1.380000000000001,-0.074251387419051865,-0.96621751711449921,1.0091713874114336
1.390000000000001,-0.069168538702987684,-0.97156833598976167,1.0087616776029338
1.400000000000001,-0.064085691339182779,-0.97650710772992622,1.008326556361455
1.410000000000001,-0.059003217240270266,-0.98103447482582928,1.0078666742747333
1.420000000000001,-0.053921488142692625,-0.98515115905090922,1.0073826759285947
1.430000000000001,-0.04884087560670184,-0.98885796146120719,1.0068751999069554
1.4400000000000011,-0.043761751016359193,-0.99215576239536607,1.0063448787918217
1.4500000000000011,-0.038684485579535452,-0.99504552147463099,1.0057923391632897
1.4600000000000011,-0.033609450327910746,-0.99752827760284946,1.005218201599547
1.4700000000000011,-0.028537016116974696,-0.99960514896647124,1.0046230806768699
1.4800000000000011,-0.023467553626026219,-1.0012773330345479,1.0040075849696259
1.4900000000000011,-0.018401433358173722,-1.0025461065587336,1.0033723170502713
1.5000000000000011,-0.013339025640334979,-1.0034128255732846,1.0027178734893551
1.5100000000000011,-0.0082807006232372173,-1.0038789253950589,1.0020448448555137
1.5200000000000011,-0.0032268282814170266,-1.0039459206235175,1.0013538157154751
1.5300000000000011,0.0018222215867795711,-1.0036154051407233,1.0006453646340576
1.5400000000000011,0.0068660793591971388,-1.0028890521113407,0.99992006417416923
1.5500000000000012,0.011904375589870829,-1.0017686139826376,0.99917848089680827
1.5600000000000012,0.016936741009026427,-1.0002559224844829,0.99842117536106323
1.5700000000000012,0.021962806523080261,-0.99835288862934823,0.99764870212411316
1.5800000000000012,0.02698220321463923,-0.99606150271230764,0.99686160974122662
1.5900000000000012,0.031994562342500893,-0.99338383431103694,0.99606044076576261
1.6000000000000012,0.03699951534165339,-0.99032203228581406,0.99524573174917064
1.6100000000000012,0.041996693823275352,-0.98687832477951987,0.99441801324099
1.6200000000000012,0.046985729574736151,-0.98305501921763638,0.99357780978885035
1.6300000000000012,0.051966254559595616,-0.97885450230824866,0.99272563993847129
1.6400000000000012,0.056937900917604242,-0.9742792400420438,0.99186201623366332
1.6500000000000012,0.061900300964703128,-0.96933177769231071,0.99098744521632609
1.6600000000000013,0.066853087193023866,-0.96401473981494079,0.99010242742645016
1.6700000000000013,0.071795892270888784,-0.95833083024842769,0.9892074574021158
1.6800000000000013,0.076728349042810659,-0.95228283211386699,0.9883030236794943
1.6900000000000013,0.081650090529492958,-0.94587360781495688,0.98738960879284599
1.7000000000000013,0.086560749927829639,-0.93910609903799724,0.98646768927452222
1.7100000000000013,0.091459960610905416,-0.93198332675189055,0.98553773565496416
1.7200000000000013,0.096347356127995415,-0.92450839120814132,0.98460021246270302
1.7300000000000013,0.10122257020456546,-0.91668447194085612,0.98365557822436067
1.7400000000000013,0.1060852367422719,-0.90851482776674408,0.98270428546464883
1.7500000000000013,0.11093498981896174,-0.9000027967851163,0.98174678070636945
1.7600000000000013,0.11577146368867251,-0.89115179637788589,0.98078350447041474
1.7700000000000014,0.1205942927816324,-0.88196532320956877,0.97981489127576704
1.7800000000000014,0.12540311170426016,-0.87244695322728238,0.97884136963949875
1.7900000000000014,0.13019755523916504,-0.86260034166074662,0.9778633620767726
1.8000000000000014,0.13497725834514712,-0.85242922302228352,0.9768812851008416
1.8100000000000014,0.13974185615719684,-0.84193741110681763,0.97589554922304877
1.8200000000000014,0.14449098398649524,-0.83112879899187531,0.97490655895282707
1.8300000000000014,0.1492242773204141,-0.82000735903758526,0.97391471279770014
1.8400000000000014,0.15394137182251569,-0.80857714288667826,0.97292040326328166
1.8500000000000014,0.15864190333255282,-0.79684228146448743,0.97192401685327534
1.8600000000000014,0.1633255078664691,-0.78480698497894841,0.97092593406947514
1.8700000000000014,0.1679918216163985,-0.77247554292059839,0.96992652941176538
1.8800000000000014,0.17264048095066567,-0.75985232406257697,0.96892617137812009
1.8900000000000015,0.17727112241378587,-0.74694177646062621,0.96792522246460366
1.9000000000000015,0.18188338272646495,-0.73374842745309021,0.9669240391653714
1.9100000000000015,0.18647689878559931,-0.72027688366091491,0.96592297197266752
1.9200000000000015,0.19105130766427594,-0.70653183098764905,0.96492236537682741
1.9300000000000015,0.19560624661177248,-0.69251803461944328,0.96392255786627623
1.9400000000000015,0.20014135305355713,-0.67824033902505054,0.9629238819275292
1.9500000000000015,0.20465626459128866,-0.66370366795582558,0.96192666404519234
1.9600000000000013,0.20915061900281637,-0.64891302444572629,0.96093122470196135
1.9700000000000011,0.21362405424218026,-0.63387349081131161,0.95993787837862177
1.9800000000000009,0.21807620843961092,-0.6185902286517434,0.95894693355405003
1.9900000000000007,0.22250671990152951,-0.60306847884878523,0.9579586927052125
2.0000000000000004,0.22691522711054779,-0.58731356156680337,0.95697345230716535
2.0100000000000002,0.23130136872546805,-0.57133087625276591,0.95599150283305567
2.02,0.2356647835812832,-0.5551259016362432,0.95501312875412014
2.0299999999999998,0.24000511068917688,-0.53870419572940831,0.95403860853968581
2.0399999999999996,0.24432198923652299,-0.52207139582703554,0.95306821465716973
2.0499999999999994,0.24861505858688623,-0.50523321850650205,0.95210221357207958
2.0599999999999992,0.25288395828002214,-0.48819545962778738,0.95114086574801282
2.069999999999999,0.25712832803187635,-0.47096399433347275,0.95018442564665728
2.0799999999999987,0.26134780773458538,-0.45354477704874158,0.94923314172779105
2.0899999999999985,0.26554203745647625,-0.43594384148137977,0.9482872564492818
2.0999999999999983,0.26971065744206668,-0.41816730062177565,0.94734700626708801
2.1099999999999981,0.27385330811206493,-0.40022134674291887,0.94641262163525852
2.1199999999999979,0.27796963006336972,-0.38211225140040234,0.94548432700593166
2.1299999999999977,0.2820592640690705,-0.36384636543242044,0.94456234082933643
2.1399999999999975,0.28612185107844729,-0.34543011895976994,0.94364687555379179
2.1499999999999972,0.2901570322169707,-0.32687002138584975,0.9427381376257068
2.159999999999997,0.29416444878630194,-0.30817266139666133,0.94183632748958113
2.1699999999999968,0.29814374226429269,-0.28934470696080777,0.94094163958800425
2.1799999999999966,0.30209455430498544,-0.27039290532949495,0.94005426236165601
2.1899999999999964,0.30601652673861307,-0.25132408303653042,0.93917437824930627
2.1999999999999962,0.30990930157159907,-0.23214514589832411,0.93830216368781505
2.209999999999996,0.31377252098655778,-0.21286307901388854,0.93743778911213282
2.2199999999999958,0.31760582734229381,-0.19348494676483763,0.93658141895529989
2.2299999999999955,0.32140886317380241,-0.17401789281538826,0.93573321164844725
2.2399999999999953,0.32518127119226958,-0.15446914011235907,0.93489331962079514
2.2499999999999951,0.32892269428507187,-0.13484599088517102,0.93406188929965528
2.2599999999999949,0.3326327755157763,-0.11515582664584732,0.93323906111042843
2.2699999999999947,0.33631115812414053,-0.095406108189013142,0.93242496947660602
2.2799999999999945,0.33995748552611288,-0.075604375591896381,0.93161974281977
2.2899999999999943,0.34357140131383224,-0.055758248214326477,0.93082350355959165
2.299999999999994,0.34715254925562794,-0.035875424698735489,0.93003636811383306
2.3099999999999938,0.35070057329602028,-0.015963682970157527,0.92925844689834625
2.3199999999999936,0.35421511755571949,0.0039691197637710231,0.92848984432707371
2.3299999999999934,0.35769582633162728,0.023915047012811854,0.92773065881204775
2.3399999999999932,0.3611423440968351,0.043866083004123826,0.92698098276339136
2.349999999999993,0.36455431550062556,0.063814132682264352,0.92624090258931679
2.3599999999999928,0.36793138536847159,0.083751021709188037,0.92551049869612767
2.3699999999999926,0.37127319870203673,0.10366849646424789,0.92478984548821686
2.3799999999999923,0.37457940067917528,0.12355822404419409,0.9240790113680678
2.3899999999999921,0.3778496366539319,0.14341179226317516,0.923378058736254
2.3999999999999919,0.38108355215654194,0.16322070965273705,0.92268704399143919
2.4099999999999917,0.38428079289343148,0.1829764054618237,0.92200601753037736
2.4199999999999915,0.38744100474721693,0.20267022965677689,0.92133502374791276
2.4299999999999913,0.39056383377670562,0.22229345292133593,0.92067410103697955
2.4399999999999911,0.39364892621689496,0.24183726665663818,0.92002328178860215
2.4499999999999909,0.3966959284789735,0.26129278298121883,0.91938259239189501
2.4599999999999906,0.3997044871503202,0.28065103473101077,0.91875205323406339
2.4699999999999904,0.40267424921224249,0.29990298466152948,0.91813167892958958
2.4799999999999902,0.40560486443509652,0.31903962667190544,0.9175214808412987
2.48999999999999,0.40849598777340673,0.33805208702891604,0.91692146960142207
2.4999999999999898,0.41134727958360351,0.35693163356917113,0.9163316553407852
2.5099999999999896,0.41415840562402384,0.3756696756991128,0.91575204768880758
2.5199999999999894,0.41692903705491086,0.39425776439501475,0.91518265577350333
2.5299999999999891,0.41965885043841405,0.41268759220298268,0.91462348822148043
2.5399999999999889,0.4223475277385893,0.43095099323895492,0.91407455315794095
2.5499999999999887,0.42499475632139866,0.44903994318870133,0.91353585820668148
2.5599999999999885,0.42760022895471061,0.46694655930782375,0.91300741049009237
2.5699999999999883,0.43016364380830002,0.48466310042175653,0.91248921662915827
2.5799999999999881,0.43268470445384771,0.50218196692576589,0.91198128274345824
2.5899999999999879,0.43516311986494122,0.51949570078494989,0.91148361445116544
2.5999999999999877,0.43759860441707416,0.53659698553423885,0.91099621686904686
2.6099999999999874,0.43999087788764663,0.55347864627839494,0.91051909461246416
2.6199999999999872,0.44233966545596487,0.57013364969201308,0.91005225179537241
2.629999999999987,0.4446446977032415,0.58655510401951927,0.90959569203032176
2.6399999999999868,0.44690571061259543,0.60273625907517214,0.90914941842845598
2.6499999999999866,0.44912244556905184,0.61867050624306219,0.90871343359951307
2.6599999999999864,0.4512946493595425,0.63435137847711176,0.90828773965182552
2.6699999999999862,0.45342207417290509,0.64977255030107606,0.90787233819231938
2.6799999999999859,0.45550447759988388,0.66492783780854137,0.90746723032651544
2.6899999999999857,0.45754162263312931,0.67981119866292672,0.90707241665852878
2.6999999999999855,0.45953327766719826,0.69441673209748278,0.90668789729106769
2.7099999999999853,0.46147921649855367,0.70873867891529208,0.90631367182543554
2.7199999999999851,0.46337921832556517,0.72277142148927032,0.90594973936152945
2.7299999999999849,0.46523306774850831,0.73650948376216363,0.90559609849784106
2.7399999999999847,0.4670405547695653,0.74994753124655156,0.90525274733145589
2.7499999999999845,0.46880147479282441,0.76308037102484527,0.90491968345805396
2.7599999999999842,0.47051562862428037,0.77590295174928758,0.90459690397190862
2.769999999999984,0.47218282247183407,0.7884103636419536,0.90428440546588829
2.7799999999999838,0.47380286794529286,0.80059783849475075,0.90398218403145547
2.7899999999999836,0.47537558205637037,0.81246074966941861,0.90369023525866632
2.7999999999999834,0.47690078721868651,0.82399461209752811,0.9034085542361715
2.8099999999999832,0.47837831124776736,0.83519508228048267,0.90313713555121578
2.819999999999983,0.47980798736104574,0.8460579582895178,0.90287597328963809
2.8299999999999828,0.48118965417786025,0.85657917976570108,0.90262506103587181
2.8399999999999825,0.4825231557194562,0.86675482791993219,0.90238439187294384
2.8499999999999823,0.4838083414089851,0.87658112553294232,0.90215395838247603
2.8599999999999821,0.48504506607150438,0.88605443695529551,0.90193375264468378
2.8699999999999819,0.48623318993397868,0.89517126810738712,0.9017237662383768
2.8799999999999817,0.48737257862527805,0.90392826647944524,0.90152399024095931
2.8899999999999815,0.48846310317617941,0.91232222113152961,0.90133441522842939
2.8999999999999813,0.48950464001936561,0.92035006269353214,0.90115503127537933
2.909999999999981,0.49049707098942597,0.92800886336517685,0.90098582795499549
2.9199999999999808,0.49144028332285633,0.93529583691601925,0.90082679433905866
2.9299999999999806,0.49233416965805854,0.94220833868544773,0.90067791899794358
2.9399999999999804,0.49317862803534096,0.94874386558268264,0.90053919000061944
2.9499999999999802,0.49397356189691816,0.95490005608677586,0.90041059491464903
2.95999999999998,0.49471888008691089,0.96067469024661134,0.90029212080619003
2.9699999999999798,0.4954144968513467,0.96606568968090556,0.90018375423999353
2.9799999999999796,0.49606033183815867,0.97107111757820652,0.90008548127940569
2.9899999999999793,0.49665631009718691,0.97568917869689531,0.8999972874863662
2.9999999999999791,0.49720236208017765,0.97991821936518364,0.89991915792140886
3.0099999999999789,0.49769842364078321,0.98375672748111631,0.89985107714366208
3.0199999999999787,0.49814443603456232,0.98720333251256998,0.89979302921084781
3.0299999999999785,0.49854034591898011,0.99025680549725248,0.89974499767928318
3.0399999999999783,0.49888610535340799,0.99291605904270508,0.89970696560387842
3.0499999999999781,0.49918167179912376,0.99518014732630045,0.89967891553813861
3.0599999999999778,0.49942700811931118,0.99704826609524311,0.8996608295341626
3.0699999999999776,0.49962208257906093,0.99851975266657012,0.89965268914264362
3.0799999999999774,0.49976686884536936,0.99959408592714949,0.89965447541286936
3.0899999999999772,0.49986134598713944,1.0002708863336833,0.89966616889272077
3.099999999999977,0.49990549847518068,1.0005499159127036,0.89968774962867393
3.1099999999999768,0.4998993161822084,1.0004310782605754,0.89971919716579885
3.1199999999999766,0.49984279438284462,0.99991441854349639,0.89976049054775931
3.1299999999999764,0.49973593375361758,0.99900012349749534,0.89981160831681339
3.1399999999999761,0.49957874037296157,0.99768852142843301,0.89987252851381394
3.1499999999999759,0.4993712257212175,0.99598008221200318,0.89994322867820709
3.1599999999999757,0.49911340668063264,0.99387541729373086,0.90002368584803383
3.1699999999999755,0.4988053055353604,0.99137527968897332,0.9001138765599288
3.1799999999999753,0.49844694997146061,0.98848056398292028,0.90021377684912141
3.1899999999999751,0.49803837307689897,0.98519230633059252,0.90032336224943454
3.1999999999999749,0.4975796133415481,0.98151168445684367,0.90044260779328567
3.2099999999999747,0.49707071465718683,0.97744001765635991,0.90057148801168674
3.2199999999999744,0.49651172631749996,0.97297876679365802,0.90070997693424271
3.2299999999999742,0.49590270301807893,0.96812953430308801,0.90085804808915426
3.239999999999974,0.49524370485642122,0.9628940641888315,0.90101567450321518
3.2499999999999738,0.49453479733193084,0.95727424202490208,0.90118282870181377
3.2599999999999736,0.49377605134591818,0.95127209495514609,0.90135948270893229
3.2699999999999734,0.49296754320159963,0.94488979169324072,0.90154560804714745
3.2799999999999732,0.49210935460409816,0.93812964252269604,0.90174117573763013
3.2899999999999729,0.49120157266044279,0.93099409929685417,0.90194615630014496
3.2999999999999727,0.49024428987956903,0.92348575543888889,0.90216051975305112
3.3099999999999725,0.4892376041723191,0.91560734594180659,0.90238423561330228
3.3199999999999723,0.48818161885144057,0.9073617473684451,0.90261727289644522
3.3299999999999721,0.48707644263158822,0.89875197785147465,0.90285960011662203
3.3399999999999719,0.48592218962932254,0.8897811970933972,0.90311118528656853
3.3499999999999717,0.48471897936311081,0.88045270636654749,0.9033719959176143
3.3599999999999715,0.48346693675332636,0.87076994851309153,0.90364199901968367
3.3699999999999712,0.4821661921222487,0.86073650794502821,0.90392116110129461
3.379999999999971,0.48081688119406391,0.85035611064418715,0.90420944816956017
3.3899999999999708,0.47941914509486433,0.83963262416223117,0.90450682573018659
3.3999999999999706,0.47797313035264855,0.82857005762065505,0.90481325878747476
3.4099999999999704,0.47647898889732154,0.81717256171078512,0.90512871184431953
3.4199999999999702,0.47493687806069446,0.80544442869377986,0.90545314890221007
3.42999999999997,0.47334696057648484,0.79339009240063041,0.90578653346122984
3.4399999999999697,0.47170940458031657,0.78101412823215932,0.90612882852005638
3.4499999999999695,0.47002438360971988,0.76832125315902111,0.9064799965759609
3.4599999999999693,0.46829207660413119,0.75531632572170326,0.90683999962480943
3.4699999999999691,0.46651266790489321,0.74200434603052412,0.90720879916106201
3.4799999999999689,0.46468634725525526,0.72839045576563488,0.90758635617777306
3.4899999999999687,0.46281330980037255,0.71447993817701816,0.90797263116659033
3.4999999999999685,0.46089375608730687,0.70027821808448965,0.90836758411775664
3.5099999999999683,0.45892789206502632,0.68579086187769622,0.9087711745201088
3.519999999999968,0.45691592908440515,0.67102357751611685,0.90918336136107714
3.5299999999999678,0.45485808389822413,0.65598221452906302,0.90960410312668716
3.5399999999999676,0.45275457866117014,0.64067276401567785,0.91003335780155781
3.5499999999999674,0.45060564092983646,0.62510135864493699,0.91047108286890244
3.5599999999999672,0.44841150366272275,0.60927427265564726,0.91091723531052882
3.569999999999967,0.44617240522023477,0.59319792185644848,0.91137177160683791
3.5799999999999668,0.44388858936468506,0.57687886362581209,0.91183464773682643
3.5899999999999666,0.44156030526029194,0.56032379691204171,0.91230581917808384
3.5999999999999663,0.43918780747318009,0.54353956223327271,0.91278524090679447
3.6099999999999661,0.43677135597138106,0.52653314167747289,0.91327286739773672
3.6199999999999659,0.43431121612483192,0.5093116589024419,0.91376865262428297
3.6299999999999657,0.43180765870537674,0.49188237913581168,0.91427255005840025
3.6399999999999655,0.42926095988676533,0.47425270917504569,0.9147845126706492
3.6499999999999653,0.42667140124465441,0.45643019738744006,0.91530449293018479
3.6599999999999651,0.4240392697566065,0.43842253371012274,0.91583244280475651
3.6699999999999648,0.4213648578020906,0.42023754965005344,0.91636831376070715
3.6799999999999646,0.41864846316248211,0.4018832182840244,0.91691205676297505
3.6899999999999644,0.41589038902106262,0.38336765425865971,0.91746362227509126
3.6999999999999642,0.41309094396302015,0.36469911379041531,0.91802296025918184
3.709999999999964,0.41025044197544897,0.34588599466557962,0.91859002017596703
3.7199999999999638,0.40736920229984885,0.32693682833912374,0.91916475098476114
3.7299999999999636,0.40444754780961523,0.30786019302206297,0.91974710114347202
3.7399999999999634,0.40148580338753048,0.28866462676881788,0.92033701860860284
3.7499999999999631,0.39848429577826183,0.26935861957606483,0.92093445083525005
3.7599999999999629,0.3954433535883628,0.24995061338273686,0.92153934477710442
3.7699999999999627,0.39236330728627189,0.23044900207002234,0.92215164688645124
3.7799999999999625,0.3892444892023133,0.21086213146136656,0.92277130311416988
3.7899999999999623,0.38608723352869706,0.19119829932247059,0.92339825890973337
3.7999999999999621,0.38289187631951838,0.17146575536129144,0.92403245922120947
3.8099999999999619,0.37965875549075823,0.15167270122804255,0.92467384849526002
3.8199999999999616,0.37638821082028295,0.13182729051519321,0.92532237067714096
3.8299999999999614,0.3730805839478446,0.11193762875746917,0.92597796921070208
3.8399999999999612,0.36973621837508075,0.092011773431852018,0.92664058703838792
3.849999999999961,0.36635545946551457,0.072057733957579598,0.92731016660123677
3.8599999999999608,0.36293865444455453,0.052083471696145835,0.92798664983888135
3.8699999999999606,0.359486152399495,0.032096899951300807,0.92866997818954877
3.8799999999999604,0.35599830427951562,0.012105883969050654,0.92936009259005903
3.8899999999999602,0.35247546289568171,-0.0078817590623423521,0.93005693347582785
3.8999999999999599,0.34891798292094417,-0.027858260012359637,0.93076044078086462
3.9099999999999597,0.34532622089013931,-0.047815897808226766,0.93147055393777234
3.9199999999999595,0.34170053519998916,-0.067746999434912927,0.93218721187774911
3.9299999999999593,0.33804128610910106,-0.087643939935131573,0.93291035303058645
3.9399999999999591,0.33434883573796825,-0.10749914240933951,0.93363991532467039
3.9499999999999589,0.33062354806896915,-0.12730507801573784,0.93437583618698095
3.9599999999999587,0.32686578894636797,-0.14705426597027141,0.93511805254309244
3.9699999999999589,0.3230759260763143,-0.16673927354662951,0.9358665008171736
3.9799999999999587,0.31925432902684353,-0.1863527160762434,0.93662111693198669
3.9899999999999585,0.31540136922787648,-0.20588725694829005,0.93738183630888883
3.9999999999999583,0.31151741997121934,-0.22533560760969007,0.93814859386783067
4.009999999999958,0.30760285641056412,-0.2446905275651074,0.93892132402735762
4.0199999999999578,0.30365805556148817,-0.26394482437695038,0.93969996070460893
4.0299999999999576,0.29968339630145441,-0.28309135366537069,0.94048443731531783
4.0399999999999574,0.29567925936981143,-0.3021230191082645,0.94127468677381254
4.0499999999999572,0.29164602736779333,-0.32103277244127126,0.94207064149301423
4.059999999999957,0.28758408475851982,-0.33981361345777455,0.94287223338443937
4.0699999999999568,0.28349381786699596,-0.35845859000890201,0.94367939385819799
4.0799999999999566,0.27937561488011242,-0.37696079800352483,0.94449205382299406
4.0899999999999563,0.2752298658466456,-0.39531338140825828,0.94531014368612676
4.0999999999999561,0.27105696267725732,-0.41350953224746145,0.94613359335348834
4.1099999999999559,0.26685729914449485,-0.43154249060323724,0.94696233222956561
4.1199999999999557,0.26263127088279131,-0.44940554461543281,0.94779628921743964
4.1299999999999555,0.25837927538846489,-0.46709203048163833,0.94863539271878561
4.1399999999999553,0.25410171201971982,-0.48459533245718878,0.94947957063387334
4.1499999999999551,0.24979898199664563,-0.50190888285516255,0.9503287503615655
4.1599999999999548,0.24547148840121738,-0.51902616204638197,0.95118285879932019
4.1699999999999546,0.24111963617729582,-0.53594069845941339,0.95204182234318946
4.1799999999999544,0.23674383213062708,-0.55264606858056664,0.95290556688781902
4.1899999999999542,0.23234448492884302,-0.56913589695389599,0.95377401782644933
4.199999999999954,0.22792200510146085,-0.58540385618119906,0.95464710005091435
4.2099999999999538,0.22347680503988354,-0.60144366692201767,0.95552473795164317
4.2199999999999536,0.21900929899739943,-0.61724909789363736,0.95640685541765813
4.2299999999999534,0.21451990308918248,-0.63281396587108785,0.95729337583657603
4.2399999999999531,0.21000903529229226,-0.64813213568714212,0.9581842220946083
4.2499999999999529,0.20547711544567374,-0.66319752023231771,0.95907931657655987
4.2599999999999527,0.20092456525015764,-0.67800408045487559,0.95997858116583024
4.2699999999999525,0.19635180826845999,-0.69254582536082077,0.96088193724441273
4.2799999999999523,0.19175926992518266,-0.70681681201390223,0.96178930569289545
4.2899999999999521,0.18714737750681271,-0.72081114553561243,0.96270060689046011
4.2999999999999519,0.18251656016172307,-0.73452297910518816,0.96361576071488275
4.3099999999999516,0.17786724890017208,-0.74794651395960998,0.9645346865425336
4.3199999999999514,0.17319987659430372,-0.76107599939360215,0.96545730324837697
4.3299999999999512,0.16851487797814721,-0.77390573275963281,0.96638352920597159
4.339999999999951,0.1638126896476178,-0.78643005946791433,0.96731328228747027
4.3499999999999508,0.1590937500605159,-0.79864337804361984,0.96824647986361967
4.3599999999999506,0.15435849953652764,-0.81054019575627501,0.96918303880376111
4.3699999999999504,0.14960738025722464,-0.82211518424914853,0.97012287547582943
4.3799999999999502,0.14484083626606414,-0.83336318459646908,0.97106590574635465
4.3899999999999499,0.1400593134683889,-0.84427920730342698,0.97201204498046001
4.3999999999999497,0.13526325963142721,-0.85485843230617187,0.97296120804186348
4.4099999999999495,0.13045312438429282,-0.86509620897181438,0.97391330929287667
4.4199999999999493,0.12562935921798524,-0.87498805609842578,0.97486826259440584
4.4299999999999491,0.12079241748538934,-0.88452966191503735,0.97582598130595133
4.4399999999999489,0.11594275440127566,-0.89371688408164096,0.97678637828560755
4.4499999999999487,0.1110808270423002,-0.90254574968918977,0.97774936589006323
4.4599999999999485,0.10620709434700455,-0.91101245525959607,0.97871485597460084
4.4699999999999482,0.10132201711581588,-0.91911336674573374,0.97968275989309728
4.479999999999948,0.096426058011046881,-0.92684501953143639,0.98065298849802407
4.4899999999999478,0.091519681556895757,-0.93420411843149875,0.98162545214044639
4.4999999999999476,0.086603354139446337,-0.94118753769167574,0.98260006067002348
4.5099999999999474,0.081677544006667852,-0.94779232098868227,0.98357672343500901
4.5199999999999472,0.07674272126841529,-0.95401568143019466,0.98455534928225108
4.529999999999947,0.071799357896428981,-0.95985500155484893,0.98553584655719129
4.5399999999999467,0.066847927724335052,-0.96530783333224246,0.98651812310386611
4.5499999999999465,0.061888906447644949,-0.97037189816293212,0.98750208626490565
4.5599999999999463,0.056922771623755718,-0.97504508687843572,0.98848764288153412
4.5699999999999461,0.051950002671950074,-0.97932545974123142,0.98947469929357079
4.5799999999999459,0.046971080873396111,-0.98321124644475832,0.99046316133942769
4.5899999999999457,0.041986489371147566,-0.98670084611341513,0.9914529343561127
4.5999999999999455,0.036996713170143726,-0.98979282730256224,0.99244392317922636
4.6099999999999453,0.032002239137209475,-0.9924859279985192,0.99343603214296428
4.619999999999945,0.027003556001055105,-0.99477905561856728,0.99442916508011547
4.6299999999999448,0.022001154352276571,-0.9966712870109472,0.99542322532206406
4.6399999999999446,0.016995526643355366,-0.99816186845486066,0.99641811569878813
4.6499999999999444,0.011987167188658436,-0.9992502156604699,0.99741373853885895
4.6599999999999442,0.0069765721644383921,-0.99993591376889734,0.99840999566944322
4.669999999999944,0.001964239608833419,-1.0002187173522263,0.99940678841630082
4.6799999999999438,-0.0030493305781329498,-1.0000985504135,1.0004040176037869
4.6899999999999435,-0.0080636366345513896,-0.99957550638672299,1.0014015835548498
4.6999999999999433,-0.013078174936627154,-0.9986498481368592,1.0023993860910323
4.7099999999999431,-0.018092439998679939,-0.99732200795983394,1.0033973245324714
4.7199999999999429,-0.023105924473143913,-0.99559258758253255,1.0043952976978985
4.7299999999999427,-0.028118119150567646,-0.99346235816280115,1.0053932039046387
4.7399999999999425,-0.033128512959614186,-0.99093226028944592,1.0063909409686118
4.7499999999999423,-0.038136592967060956,-0.98800340398223452,1.0073884062043315
4.7599999999999421,-0.043141844377799984,-0.98467706869189342,1.0083854964249055
4.7699999999999418,-0.048143750534837632,-0.98095470330011103,1.0093821079420355
4.7799999999999416,-0.053141792919294738,-0.97683792611953546,1.0103781365660185
4.7899999999999414,-0.058135451150406615,-0.97232852489377575,1.0113734776057446
4.7999999999999412,-0.063124202985522987,-0.96742845679740108,1.0123680258686978
4.809999999999941,-0.068107524320108012,-0.96213984843594136,1.0133616756609576
4.8199999999999408,-0.073084889187740337,-0.95646499584588696,1.0143543207871961
4.8299999999999406,-0.078055769760113233,-0.9504063644946884,1.0153458545506808
4.8399999999999403,-0.083019636347034048,-0.94396658928075683,1.0163361697532733
4.8499999999999401,-0.087975957396424845,-0.9371484745334645,1.0173251586954286
4.8599999999999399,-0.092924199494322027,-0.9299549940131433,1.0183127131761958
4.8699999999999397,-0.097863827364876657,-0.9223892909110859,1.0192987244932195
4.8799999999999395,-0.10279430387035393,-0.91445467784954559,1.0202830834427368
4.8899999999999393,-0.1077150900111337,-0.90615463688173581,1.0212656803195808
4.8999999999999391,-0.11262564492571024,-0.89749281949183091,1.0222464049171767
4.9099999999999389,-0.11752542589069222,-0.88847304659496529,1.0232251465275453
4.9199999999999386,-0.12241388832080281,-0.87909930853723439,1.0242017939413011
4.9299999999999384,-0.12729048576887966,-0.86937576509569359,1.0251762354476532
4.9399999999999382,-0.13215466992587474,-0.85930674547835872,1.0261483588344043
4.949999999999938,-0.13700589062085464,-0.8488967483242067,1.0271180513879514
4.9599999999999378,-0.14184359582100031,-0.83815044170317432,1.0280851998932858
4.9699999999999376,-0.14666723189037936,-0.82707265866813129,1.0290496906919557
4.9799999999999374,-0.15147624643644123,-0.81566834832657342,1.0300114103196525
4.9899999999999372,-0.15627009115651144,-0.80394252691231594,1.0309702461437995
4.9999999999999369,-0.16104822209656486,-0.79190027333746627,1.0319260864215134
5.0099999999999367,-0.16581009965122448,-0.77954672919242329,1.0328788202996049
5.0199999999999365,-0.17055518856376262,-0.76688709874587746,1.0338283378145778
5.0299999999999363,-0.17528295792610007,-0.75392664894481154,1.0347745298926303
5.0399999999999361,-0.17999288117880638,-0.74067070941449997,1.0357172883496535
5.0499999999999359,-0.18468443611110008,-0.72712467245850854,1.0366565058912334
5.0599999999999357,-0.18935710486084809,-0.71329399305869501,1.0375920761126485
5.0699999999999354,-0.19401037391456649,-0.69918418887520928,1.0385238934988719
5.0799999999999352,-0.19864373410741987,-0.68480084024649257,1.0394518534245691
5.089999999999935,-0.20325668062322169,-0.670149590189278,1.0403758521541011
5.0999999999999348,-0.20784871299443414,-0.65523614439859046,1.0412957868415214
5.1099999999999346,-0.21241933510216826,-0.64006627124774684,1.0422115555305773
5.1199999999999344,-0.21696805517618373,-0.62464580178835549,1.0431230571547101
5.1299999999999342,-0.221494385794889,-0.60898062975031675,1.0440301915370549
5.139999999999934,-0.22599784388534133,-0.59307671154182273,1.0449328593904399
5.1499999999999337,-0.23047795072324695,-0.57694006624935712,1.0458309623173876
5.1599999999999335,-0.23493423193296042,-0.56057677563769548,1.0467244028101144
5.1699999999999333,-0.23936621748748552,-0.54399298414990505,1.0476130842505293
5.1799999999999331,-0.24377344170847429,-0.52719489890734528,1.0484969109102362
5.1899999999999329,-0.24815544326622807,-0.51018878970966708,1.0493757879505321
5.1999999999999327,-0.25251176517969659,-0.49298098903481269,1.0502496214224075
5.2099999999999325,-0.25684195481647859,-0.47557789203901701,1.0511183182665473
5.2199999999999322,-0.26114556389282129,-0.45798595655680618,1.0519817863133296
5.229999999999932,-0.265422148473621,-0.44021170310099828,1.0528399342828263
5.2399999999999318,-0.26967126897242255,-0.4222617148627027,1.0536926717848027
5.2499999999999316,-0.27389249015141964,-0.40414263771132164,1.0545399093187187
5.2599999999999314,-0.2780853811214547,-0.38586118019454801,1.0553815582737269
5.2699999999999312,-0.28224951534201909,-0.36742411353836696,1.0562175309286743
5.279999999999931,-0.28638447062125255,-0.3488382716470555,1.057047740452101
5.2899999999999308,-0.29048982911594401,-0.33011055110318233,1.0578721009022414
5.2999999999999305,-0.29456517733153087,-0.31124791116760764,1.0586905272270231
5.3099999999999303,-0.29861010612209948,-0.29225737377948391,1.0595029352640679
5.3199999999999301,-0.30262421069038486,-0.27314602355625506,1.0603092417406907
5.3299999999999299,-0.30660709058777086,-0.25392100779365684,1.0611093642739009
5.3399999999999297,-0.31055834971428986,-0.23458953646571681,1.0619032213704003
5.3499999999999295,-0.31447759631862349,-0.21515888222475435,1.0626907324265862
5.3599999999999293,-0.31836444299810163,-0.1956363804013804,1.063471817728548
5.3699999999999291,-0.32221850669870333,-0.17602942900449794,1.0642463984520698
5.3799999999999288,-0.32603940871505599,-0.15634548872130163,1.0650143966626289
5.3899999999999286,-0.32982677469043614,-0.13659208291727784,1.0657757353153963
5.3999999999999284,-0.33358023461676894,-0.11677679763620478,1.0665303382552369
5.4099999999999282,-0.33729942283462833,-0.096907281600152481,1.0672781302167096
5.419999999999928,-0.34098397803323699,-0.076991246209482708,1.0680190368240663
5.4299999999999278,-0.34463354325046647,-0.057036465542848865,1.0687529845912531
5.4399999999999276,-0.34824776587283685,-0.037050776357196384,1.0694799009219094
5.4499999999999273,-0.35182629763551709,-0.017042078087762202,1.0701997141093686
5.4599999999999271,-0.35536879462232518,0.0029816671519246594,1.070912353336658
5.4699999999999269,-0.35887491726572746,0.023012434570043799,1.0716177486764984
5.4799999999999267,-0.36234433034683922,0.043042136696482575,1.0723158310913041
5.4899999999999265,-0.36577670299542459,0.063062623382836983,1.0730065324331828
5.4999999999999263,-0.36917170868989618,0.083065681802410973,1.0736897854439371
5.5099999999999261,-0.37252902525731585,0.10304303645021687,1.0743655237550624
5.5199999999999259,-0.37584833487339381,0.12298634914297513,1.0750336818877477
5.5299999999999256,-0.37912932406248923,0.1428872190191145,1.0756941952528762
5.5399999999999254,-0.38237168369760993,0.16273718253877184,1.0763470001510245
5.5499999999999252,-0.38557510900041259,0.18252771348379249,1.0769920337724628
5.559999999999925,-0.38873929954120273,0.20225022295772963,1.0776292341971554
5.5699999999999248,-0.39186395923893425,0.22189605938584503,1.07825854039476
5.5799999999999246,-0.39494879636121027,0.2414565085151085,1.0788798922246281
5.5899999999999244,-0.39799352352428241,0.26092279341419811,1.0794932304358047
5.5999999999999241,-0.4009978576930513,0.28028608268343286,1.0800984966670291
5.6099999999999239,-0.40396152018106612,0.29953758076403347,1.0806956334467333
5.6199999999999237,-0.4068842366505247,0.31866861824738213,1.0812845841930441
5.6299999999999235,-0.40976573711227404,0.33767066008495605,1.0818652932137813
5.6399999999999233,-0.41260575592580945,0.35653530558832752,1.0824377057064585
5.6499999999999231,-0.41540403179927532,0.3752542884291627,1.0830017677582831
5.6599999999999229,-0.41816030778946484,0.39381947663922318,1.0835574263461563
5.6699999999999227,-0.42087433130181973,0.41222287261036489,1.084104629336673
5.6799999999999224,-0.42354585409043061,0.43045661309453875,1.0846433254861214
5.6899999999999222,-0.42617463225803665,0.44851296920379002,1.0851734644404838
5.699999999999922,-0.42876042625602634,0.46638434641025889,1.0856949967354361
5.7099999999999218,-0.43130300088443629,0.48406328454618047,1.0862078737963483
5.7199999999999216,-0.43380212529195217,0.5015424578038844,1.086712047938283
5.7299999999999214,-0.43625757297590856,0.51881467473579468,1.0872074723659977
5.7399999999999212,-0.43866912178228851,0.53587287825443053,1.0876941011739427
5.749999999999921,-0.44103655390572399,0.55271014563240584,1.0881718893462631
5.7599999999999207,-0.44335965588949572,0.56931968850242898,1.0886407927567963
5.7699999999999205,-0.44563821862553321,0.58569485285730316,1.0891007681690741
5.7799999999999203,-0.44787203735441483,0.6018291190499262,1.0895517732363227
5.7899999999999201,-0.45006091166536721,0.61771610179329073,1.0899937665014605
5.7999999999999199,-0.45220464549626654,0.63334955016048433,1.0904267073971015
5.8099999999999197,-0.45430304713363712,0.64872334758468864,1.0908505562455511
5.8199999999999195,-0.45635592921265244,0.66383151185918077,1.0912652742588103
5.8299999999999192,-0.45836310871713432,0.67866819513733212,1.091670823538573
5.839999999999919,-0.46032440697955374,0.69322768393260858,1.0920671670762265
5.8499999999999188,-0.46223964968103054,0.70750439911857144,1.0924542687528536
5.8599999999999186,-0.46410866685133262,0.72149289592887622,1.0928320933392277
5.8699999999999184,-0.46593129286887741,0.7351878639572732,1.0932006064958186
5.8799999999999182,-0.46770736646073086,0.74858412715760736,1.0935597747727885
5.889999999999918,-0.46943673070260733,0.7616766438438185,1.093909565609994
5.8999999999999178,-0.47111923301887071,0.77446050668994137,1.0942499473369844
5.9099999999999175,-0.4727547251825327,0.78693094273010455,1.0945808891730042
5.9199999999999173,-0.47434306331525461,0.79908331335853267,1.0949023612269899
5.9299999999999171,-0.47588410788734609,0.81091311432954383,1.0952143344975733
5.9399999999999169,-0.47737772371776543,0.82241597575755154,1.0955167808730781
5.9499999999999167,-0.47882377997412012,0.83358766211706392,1.0958096731315241
5.9599999999999165,-0.48022215017266617,0.8444240722426839,1.0960929849406222
5.9699999999999163,-0.48157271217830833,0.85492123932910835,1.0963666908577792
5.979999999999916,-0.4828753482046001,0.86507533093113009,1.096630766330094
5.9899999999999158,-0.48412994481374383,0.87488264896363555,1.0968851876943602
5.9999999999999156,-0.48533639291659059,0.88433962970160651,1.0971299321770644
6.0099999999999154,-0.48649458777264021,0.89344284378011973,1.0973649778943879
6.0199999999999152,-0.48760442899004153,0.90218899619434567,1.0975903038522046
6.029999999999915,-0.48866582052559154,0.91057492629955028,1.0978058899460825
6.0399999999999148,-0.48967867068473669,0.91859760781109423,1.0980117169612833
6.0499999999999146,-0.49064289212157181,0.92625414880443246,1.0982077665727628
6.0599999999999143,-0.49155840183884053,0.9335417917151152,1.0983940213451699
6.0699999999999141,-0.49242512118793524,0.94045791333878648,1.0985704647328476
6.0799999999999139,-0.49324297586889737,0.94700002483118628,1.0987370810798325
6.0899999999999137,-0.4940118959304165,0.95316577170814831,1.0988938556198549
6.0999999999999135,-0.49473181576983177,0.95895293384560143,1.0990407744763384
6.1099999999999133,-0.49540267413313055,0.96435942547956899,1.0991778246624011
6.1199999999999131,-0.49602441411494913,0.9693832952061695,1.0993049940808541
6.1299999999999129,-0.49659698315857242,0.97402272598161543,1.0994222715242028
6.1399999999999126,-0.49712033305593428,0.97827603512221484,1.0995296466746456
6.1499999999999124,-0.49759441994761727,0.98214167430436983,1.0996271101040753
6.1599999999999122,-0.49801920432285274,0.98561822956457734,1.0997146532740778
6.169999999999912,-0.49839465101952091,0.98870442129942937,1.0997922685359334
6.1799999999999118,-0.49872072922415039,0.99139910426561229,1.0998599491306151
6.1899999999999116,-0.49899741247191887,0.9937012675799074,1.0999176891887905
6.1999999999999114,-0.49922467864665288,0.99561003471919041,1.099965483730821
6.2099999999999111,-0.49940250998082741,0.99712466352043205,1.1000033286667605
6.2199999999999109,-0.49953089305556664,0.99824454653068051,1.1000312207963581
6.2299999999999107,-0.49960981880064304,0.99896921485687051,1.1000491578090552
6.2399999999999105,-0.49963928249447809,0.99929834201563317,1.1000571382839883
6.2499999999999103,-0.49961928376414205,0.99923174428327899,1.1000551616899863
6.2599999999999101,-0.49954982658535374,0.99876938069579735,1.1000432283855728
6.2699999999999099,-0.49943091928248118,0.99791135304885636,1.1000213396189644
6.2799999999999097,-0.49926257452854067,0.99665790589780334,1.099989497528072
6.2899999999999094,-0.49904480934519768,0.99500942655766522,1.0999477051404998
6.2999999999999092,-0.49877764510276601,0.99296644510314691,1.0998959663735459
6.309999999999909,-0.49846110752020856,0.99052963436863328,1.0998342860342016
6.3199999999999088,-0.49809522666513695,0.98769980994818762,1.0997626698191527
6.3299999999999086,-0.49768003695381169,0.98447793019555274,1.0996811243147784
6.3399999999999084,-0.49721557715114156,0.98086509622414975,1.0995896569971515
6.3499999999999082,-0.49670189037068468,0.97686255190707993,1.0994882762320379
6.3599999999999079,-0.49613902407464744,0.97247168387712257,1.0993769912748985
6.3699999999999077,-0.49552703007388554,0.96769402152673634,1.0992558122708869
6.3799999999999075,-0.49486596452790277,0.9625312370080592,1.0991247502548509
6.3899999999999073,-0.49415588794485255,0.9569851452329079,1.0989838171513318
6.3999999999999071,-0.49339686518153625,0.95105770387277799,1.0988330257745647
6.4099999999999069,-0.49258896544340425,0.94475101335884459,1.0986723898284778
6.4199999999999067,-0.49173226228455602,0.93806731688196132,1.0985019239066942
6.4299999999999065,-0.49082683360773938,0.93100900039266143,1.0983216434925296
6.4399999999999062,-0.4898727616643514,0.9235785926011566,1.098131564958994
6.449999999999906,-0.48887013305443705,0.91577876497733801,1.0979317055687912
6.4599999999999058,-0.48781903872669108,0.9076123317507756,1.097722083474318
6.4699999999999056,-0.4867195739784565,0.89908224991071828,1.0975027177176653
6.4799999999999054,-0.48557183845572488,0.89019161920609446,1.0972736282306184
6.4899999999999052,-0.48437593615313712,0.880943682145511,1.0970348358346547
6.499999999999905,-0.48313197541398228,0.87134182399725424,1.0967863622409471
6.5099999999999048,-0.4818400689301986,0.86138957278928907,1.0965282300503607
6.5199999999999045,-0.480500333742373,0.85109059930926023,1.0962604627534553
6.5299999999999043,-0.47911289123974105,0.84044871710449065,1.0959830847304839
6.5399999999999041,-0.4776778671601874,0.82946788248198233,1.0956961212513938
6.5499999999999039,-0.47619539159024482,0.81815219450841736,1.0953995984758249
6.5599999999999037,-0.47466559896509558,0.80650589501015557,1.0950935434531117
6.5699999999999035,-0.47308862806857016,0.79453336857323664,1.0947779841222822
6.5799999999999033,-0.47146462203314821,0.78223914254337878,1.0944529493120581
6.589999999999903,-0.46979372833995786,0.76962788702597951,1.0941184687408549
6.5999999999999028,-0.46807609881877615,0.75670441488611551,1.0937745730167812
6.6099999999999026,-0.466311889648029,0.74347368174854223,1.0934212936376402
6.6199999999999024,-0.4645012613547907,0.7299407859976943,1.0930586629909282
6.6299999999999022,-0.46264437881478465,0.71611096877768532,1.0926867143538352
6.639999999999902,-0.46074141125238294,0.70198961399230786,1.0923054818932456
6.6499999999999018,-0.45879253224060629,0.68758224830503378,1.0919150006657363
6.6599999999999016,-0.45679791970112449,0.67289454113901359,1.0915153066175789
6.6699999999999013,-0.45475775590425577,0.65793230467707708,1.0911064365847385
6.6799999999999011,-0.45267222746896735,0.64270149386173336,1.0906884282928735
6.6899999999999009,-0.45054152536287495,0.62720820639516983,1.0902613203573366
6.6999999999999007,-0.44836584490224329,0.61145868273925386,1.0898251522831737
6.7099999999999005,-0.44614538575198592,0.59545930611553088,1.0893799644651243
6.7199999999999003,-0.443880351925665,0.579216602505226,1.0889257981876226
6.7299999999999001,-0.44157095178549133,0.56273724064924302,1.0884626956247951
6.7399999999998998,-0.43921739804232479,0.5460280320481653,1.0879906998404631
6.7499999999998996,-0.4368199077556737,0.5290959309622546,1.087509854788141
6.7599999999998994,-0.43437870233369547,0.5119480344114522,1.0870202053110369
6.7699999999998992,-0.43189400753319607,0.49459158217537808,1.0865217971420533
6.779999999999899,-0.42936605345963019,0.47703395679333138,1.0860146769037853
6.7899999999998988,-0.42679507456710158,0.45928268356429042,1.0854988921085231
6.7999999999998986,-0.42418130965836226,0.44134543054691222,1.0849744911582488
6.8099999999998984,-0.42152500188481357,0.42323000855953313,1.0844415233446401
6.8199999999998981,-0.41882639874650524,0.40494437118016857,1.0839000388490669
6.8299999999998979,-0.41608575209213583,0.38649661474651253,1.0833500887425935
6.8399999999998977,-0.4133033181190528,0.36789497835593871,1.0827917249859784
6.8499999999998975,-0.41047935737325225,0.34914783621940088,1.0822250004296723
6.8599999999998973,-0.40761413474937908,0.33026361355435052,1.0816499688138212
6.8699999999998971,-0.40470791949072699,0.31125070247765407,1.0810666847682637
6.8799999999998969,-0.40176098518923825,0.29211745435949371,1.0804752038125327
6.8899999999998967,-0.39877360978550441,0.27287217982336803,1.0798755823558546
6.8999999999998964,-0.39574607556876512,0.25352314874609178,1.0792678776971496
6.9099999999998962,-0.39267866917690913,0.23407859025779573,1.0786521480250315
6.919999999999896,-0.38957168159647415,0.21454669274192723,1.0780284524178074
6.9299999999998958,-0.38642540816264609,0.1949356038352493,1.0773968508434792
6.9399999999998956,-0.38324014855926036,0.1752534304278415,1.0767574041597414
6.9499999999998954,-0.38001620681880066,0.15550823866309943,1.0761101741139829
6.9599999999998952,-0.37675389132239917,0.135708053937735,1.0754552233432855
6.9699999999998949,-0.37345351479983774,0.11586086090177621,1.0747926153744256
6.9799999999998947,-0.37011539432954615,0.095974603458567023,1.074122414623873
6.9899999999998945,-0.36673985133860337,0.076057184764767929,1.0734446863977913
6.9999999999998943,-0.36332721160273701,0.056116467230355543,1.0727594968920371
7.0099999999998941,-0.35987780524632329,0.036160272518622423,1.0720669131921616
7.0199999999998939,-0.35639196674238749,0.016196381546177661,1.0713670032734093
7.0299999999998937,-0.35287003491260355,-0.0037674655170538141,1.0706598360007185
7.0399999999998935,-0.34931235292729418,-0.023723569247830711,1.0699454811287208
7.0499999999998932,-0.34571926830543065,-0.043664270969595478,1.0692240093017422
7.059999999999893,-0.34209113291463328,-0.063581952752474691,1.0684954920538019
7.0699999999998928,-0.3384283029711711,-0.083469037413278366,1.0677600018086129
7.0799999999998926,-0.33473113903996177,-0.10331798851550061,1.0670176118795822
7.0899999999998924,-0.33100000603457197,-0.12312131036931917,1.0662683964698101
7.0999999999998922,-0.32723527321721663,-0.1428715480315958,1.0655124306720907
7.109999999999892,-0.32343731419875998,-0.16256128730587596,1.0647497904689116
7.1199999999998917,-0.31960650693871484,-0.18218315474238886,1.0639805527324551
7.1299999999998915,-0.31574323374524277,-0.2017298176380477,1.0632047952245958
7.1399999999998913,-0.31184788127515406,-0.22119398403644938,1.062422596596903
7.1499999999998911,-0.30792084053390789,-0.24056840272787455,1.0616340363906391
7.1599999999998909,-0.30396250687561194,-0.25984586324928788,1.0608391950367604
7.1699999999998907,-0.29997328000302304,-0.27901919588433777,1.0600381538559176
7.1799999999998905,-0.29595356396754652,-0.29808127166335635,1.0592309950584538
7.1899999999998903,-0.29190376716923655,-0.31702500236335979,1.0584178017444068
7.19999999999989,-0.28782430235679601,-0.33584334050804771,1.0575986579035077
7.2099999999998898,-0.28371558662757657,-0.35452927936780387,1.0567736484151813
7.2199999999998896,-0.27957804142757869,-0.37307585295969581,1.055942859048546
7.2299999999998894,-0.2754120925514516,-0.39147613604747483,1.0551063764624147
7.2399999999998892,-0.27121817014249344,-0.40972324414157585,1.0542642882052928
7.249999999999889,-0.2669967086926508,-0.42781033349911812,1.0534166827153804
7.2599999999998888,-0.26274814704251909,-0.44573060112390411,1.0525636493205701
7.2699999999998886,-0.25847292838134278,-0.46347728476642058,1.0517052782384499
7.2799999999998883,-0.25417150024701496,-0.48104366292383782,1.0508416605763002
7.2899999999998881,-0.24984431452607719,-0.49842305484001015,1.0499728883310955
7.2999999999998879,-0.24549182745372028,-0.51560882050547541,1.0490990543895042
7.3099999999998877,-0.24111449961378353,-0.53259436065745569,1.0482202525278876
7.3199999999998875,-0.23671279593875497,-0.54937311677985656,1.047336577412302
7.3299999999998873,-0.23228718570977155,-0.5659385711032674,1.0464481245984962
7.3399999999998871,-0.2278381425566188,-0.5822842466049617,1.0455549905319135
7.3499999999998868,-0.22336614445773129,-0.59840370700889656,1.0446572725476906
7.3599999999998866,-0.21887167374019206,-0.61429055678571276,1.0437550688706574
7.3699999999998864,-0.21435521707973301,-0.62993844115273523,1.0428484786153387
7.3799999999998862,-0.20981726550073498,-0.64534104607397236,1.0419376017859519
7.389999999999886,-0.20525831437622727,-0.66049209826011679,1.0410225392764085
7.3999999999998858,-0.20067886342788838,-0.67538536516854464,1.0401033928703138
7.4099999999998856,-0.19607941672604504,-0.69001465500331594,1.039180265240967
7.4199999999998854,-0.19146048268967306,-0.70437381671517452,1.0382532599513601
7.4299999999998851,-0.18682257408639708,-0.71845674000154802,1.0373224814541797
7.4399999999998849,-0.18216620803249031,-0.73225735530654812,1.0363880350918062
7.4499999999998847,-0.17749190599287473,-0.74576963382097006,1.035450027096313
7.4599999999998845,-0.17280019378112135,-0.75898758748229289,1.0345085645894672
7.4699999999998843,-0.16809160131215203,-0.77190527434938683,1.0335637555308654
7.4799999999998841,-0.16336665988196603,-0.7845168577242897,1.0326157081474197
7.4899999999998839,-0.15862589944736633,-0.79681666527398609,1.0316645303628447
7.4999999999998836,-0.15386984837866149,-0.80879919440511294,1.0307103297457922
7.5099999999998834,-0.14909903345966621,-0.82045911226395973,1.029753213509853
7.5199999999998832,-0.14431397988770109,-0.83179125573646917,1.028793288513554
7.529999999999883,-0.13951521127359243,-0.84279063144823685,1.0278306612603614
7.5399999999998828,-0.13470324964167271,-0.8534524157645107,1.0268654378986779
7.5499999999998826,-0.12987861542978013,-0.8637719547901922,1.025897724221845
7.5599999999998824,-0.12504182748925879,-0.87374476436983495,1.024927625668141
7.5699999999998822,-0.12019340308495882,-0.88336653008764598,1.023955247320782
7.5799999999998819,-0.11533385789523619,-0.89263310726748413,1.0229806939079227
7.5899999999998817,-0.11046370601195264,-0.90154052097286297,1.0220040698026549
7.5999999999998815,-0.10558345994047605,-0.91008496600694699,1.021025479023008
7.6099999999998813,-0.10069363059968005,-0.91826280691255457,1.0200450252319493
7.6199999999998811,-0.095794727321944259,-0.92607057797215586,1.0190628117373837
7.6299999999998809,-0.090887257853154144,-0.93350498320787578,1.0180789414921543
7.6399999999998807,-0.08597172835270106,-0.94056289638149027,1.0170935170940414
7.6499999999998805,-0.081048643393482278,-0.94724136099442835,1.0161066407857635
7.6599999999998802,-0.076118505961901048,-0.95353759028777285,1.0151184144549763
7.66999999999988,-0.071181817457866406,-0.95944896724225848,1.0141289396342734
7.6799999999998798,-0.0662390776947933,-0.96497304457827338,1.013138317501187
7.6899999999998796,-0.061290784899602706,-0.97010754475585781,1.0121466488781852
7.6999999999998794,-0.056337435712721463,-0.97485035997470593,1.0111540342326752
7.7099999999998792,-0.051379525188082198,-0.97919955217416355,1.0101605736770021
7.719999999999879,-0.046417546793123564,-0.98315335303323026,1.0091663669684476
7.7299999999998787,-0.041451992408790141,-0.98671016397055766,1.0081715135092324
7.7399999999998785,-0.036483352329532169,-0.98986855614445102,1.0071761123465137
7.7499999999998783,-0.031512115263306106,-0.99262727045286792,1.0061802621723874
7.7599999999998781,-0.026538768331574088,-0.99498521753341884,1.0051840613238869
7.7699999999998779,-0.02156379706930445,-0.99694147776336695,1.004187607782983
7.7799999999998777,-0.016587685424970959,-0.99849530125962882,1.0031909991765839
7.7899999999998775,-0.01161091576055363,-0.99964610787877306,1.0021943327765368
7.7999999999998773,-0.0066339688515384462,-1.0003934872170217,1.0011977054996257
7.809999999999877,-0.0016573238869170758,-1.0007371986102491,1.0002012139075724
7.8199999999998768,0.0033185415308129942,-1.0006771711339835,0.99920495420703659
7.8299999999998766,0.0082931513856479757,-1.0002135036034046,0.99820902224961527
7.8399999999998764,0.013266031248078571,-0.99934646457334564,0.99721351353184418
7.8499999999998762,0.018236708275089351,-0.99807649233829265,0.99621852319519577
7.859999999999876,0.023204711210158983,-0.99640419493238475,0.99522414602608067
7.8699999999998758,0.028169570383260512,-0.99433035012941284,0.99423047645584728
7.8799999999998755,0.033130817710860627,-0.99185590544282232,0.99323760856078114
7.8899999999998753,0.038087986695920513,-0.98898197812570987,0.99224563606210647
7.8999999999998751,0.043040612427895295,-0.98570985517082588,0.99125465232598486
7.9099999999998749,0.047988231582734138,-0.98204099331057326,0.99026475036351502
7.9199999999998747,0.052930382422880284,-0.97797701901700751,0.98927602283073424
7.9299999999998745,0.057866604797271279,-0.97351972850183788,0.98828856202861692
7.9399999999998743,0.062796440141338561,-0.96867108771642529,0.98730245990307564
7.9499999999998741,0.067719431477007708,-0.96343323235178424,0.98631780804496061
7.9599999999998738,0.072635123412698566,-0.95780846783858165,0.98533469769005955
7.9699999999998736,0.077543062143324806,-0.95179926934713799,0.98435321971909784
7.9799999999998734,0.082442795450294273,-0.94540828178742542,0.983373464657739
7.9899999999998732,0.087333872701509052,-0.93863831980906987,0.98239552267658425
7.999999999999873,0.092215844851365192,-0.93149236780134981,0.98141948359117215
8.0099999999998737,0.097088264440752872,-0.9239735798931964,0.98044543686197905
8.0199999999998735,0.10195068559705642,-0.91608527995319355,0.97947347159441933
8.0299999999998732,0.10680266403415417,-0.90783096158957866,0.97850367653884485
8.039999999999873,0.11164375705241862,-0.89921428815024107,0.97753614009054568
8.0499999999998728,0.11647352353871626,-0.8902390927227235,0.97657095028974894
8.0599999999998726,0.1212915239664078,-0.88090937813422143,0.97560819482161953
8.0699999999998724,0.12609732039534802,-0.87122931695158279,0.97464796101626061
8.0799999999998722,0.13089047647188581,-0.86120325148130927,0.9736903358487129
8.089999999999872,0.13567055742886402,-0.85083569376955426,0.97273540593895447
8.0999999999998717,0.14043713008561984,-0.84013132131244217,0.97178325755190165
8.1099999999998715,0.14518976284798424,-0.82909492986955902,0.97083397659740778
8.1199999999998713,0.14992802570828256,-0.81773138627744524,0.96988764863026478
8.1299999999998711,0.15465149024533417,-0.80604562415991232,0.9689443588502018
8.1399999999998709,0.15935972962445241,-0.79404264392804269,0.96800419210188571
8.1499999999998707,0.16405231859744493,-0.78172751278019104,0.96706723287492158
8.1599999999998705,0.16872883350261314,-0.76910536470198265,0.96613356530385119
8.1699999999998703,0.17338885226475312,-0.75618140046631455,0.96520327316815557
8.17999999999987,0.17803195439515435,-0.74296088763335444,0.96427643989225165
8.1899999999998698,0.18265772099160094,-0.72944916055054254,0.96335314854549592
8.1999999999998696,0.1872657347383708,-0.71565162035258922,0.96243348184218125
8.2099999999998694,0.19185557990623606,-0.70157373496147701,0.96151752214153863
8.2199999999998692,0.19642684235246297,-0.68722103908645915,0.9606053514477374
8.229999999999869,0.20097910952081177,-0.67259913422406081,0.95969705140988359
8.2399999999998688,0.20551197044153693,-0.65771368865807811,0.95879270332202171
8.2499999999998685,0.21002501573138688,-0.64257043745957843,0.9578923881231336
8.2599999999998683,0.21451783759360427,-0.62717518248690096,0.95699618639713935
8.2699999999998681,0.21899002981792573,-0.61153379238565597,0.95610417837289607
8.2799999999998679,0.22344118778058208,-0.59565220258872487,0.95521644392419913
8.2899999999998677,0.22787090844429805,-0.57953641531626077,0.95433306256978112
8.2999999999998675,0.23227879035829282,-0.56319249957568751,0.9534541134733131
8.3099999999998673,0.23666443365827947,-0.54662659116170109,0.9525796754434035
8.3199999999998671,0.24102744006646504,-0.52984489265626855,0.95170982693359807
8.3299999999998668,0.24536741289155076,-0.51285367342862787,0.95084464604238073
8.3399999999998666,0.24968395702873211,-0.49565926963528861,0.94998421051317317
8.3499999999998664,0.2539766789596985,-0.47826808422003197,0.94912859773433467
8.3599999999998662,0.25824518675263353,-0.46068658691391029,0.94827788473916219
8.369999999999866,0.26248909006221482,-0.44292131423524694,0.94743214820589061
8.3799999999998658,0.26670800012961399,-0.42497886948963726,0.94659146445769227
8.3899999999998656,0.2709015297824971,-0.40686592276994715,0.94575590946267751
8.3999999999998654,0.27506929343502401,-0.3885892109563146,0.94492555883389417
8.4099999999998651,0.27921090708784863,-0.37015553771614845,0.94410048782932787
8.4199999999998649,0.28332598832811923,-0.3515717735041291,0.94328077135190214
8.4299999999998647,0.28741415632947798,-0.33284485556220816,0.94246648394947807
8.4399999999998645,0.29147503185206119,-0.31398178791960868,0.94165769981485459
8.4499999999998643,0.29550823724249931,-0.2949896413928248,0.94085449278576805
8.4599999999998641,0.29951339643391689,-0.27587555358562266,0.94005693634489307
8.4699999999998639,0.30349013494593247,-0.25664672888903906,0.9392651036198415
8.4799999999998636,0.30743807988465882,-0.23731043848138217,0.93847906738316345
8.4899999999998634,0.31135685994270274,-0.21787402032823203,0.93769890005234602
8.4999999999998632,0.31524610539916509,-0.19834487918243937,0.93692467368981447
8.509999999999863,0.31910544811964087,-0.17873048658412694,0.93615646000293196
8.5199999999998628,0.32293452155621916,-0.15903838086068811,0.9353943303439991
8.5299999999998626,0.3267329607474832,-0.13927616712678811,0.93463835571025444
8.5399999999998624,0.33050040231851036,-0.11945151728436337,0.93388860674387397
8.5499999999998622,0.33423648448087173,-0.099572170022621614,0.9331451537319716
8.5599999999998619,0.33794084703263311,-0.079645930818041902,0.93240806660659903
8.5699999999998617,0.34161313135835397,-0.059680671934374652,0.93167741494474576
8.5799999999998615,0.34525298042908792,-0.039684332422641556,0.93095326796833833
8.5899999999998613,0.3488600388023827,-0.019664918121135858,0.93023569454424193
8.5999999999998611,0.35243395262228028,0.00036949834457804948,0.92952476318425903
8.6099999999998609,0.35597436961931656,0.020410777561664487,0.92882054204512987
8.6199999999998607,0.35948093911052165,0.040450713330016222,0.92812309892853284
8.6299999999998604,0.3629533119994196,0.060481032662254859,0.92743250128108279
8.6399999999998602,0.3663911407760288,0.080493395783730534,0.92674881619433391
8.64999999999986,0.3697940795168615,0.10047939613252227,0.9260721104047771
8.6599999999998598,0.37316178388492416,0.12043056035943737,0.92540245029384127
8.6699999999998596,0.37649391112971736,0.1403383483280122,0.92473990188789312
8.6799999999998594,0.37979012008723573,0.1601941531145116,0.92408453085823705
8.6899999999998592,0.38305007117996787,0.17998930100792909,0.92343640252111503
8.699999999999859,0.38627342641689671,0.19971505150998653,0.92279558183770682
8.7099999999998587,0.38945984939349915,0.21936259733513519,0.92216213341413011
8.7199999999998585,0.3926090052917463,0.23892307256332238,0.92153612150144038
8.7299999999998583,0.39572056088010321,0.25838764232044198,0.92091760999563044
8.7399999999998581,0.39879418451352916,0.27774759245878261,0.92030666243763104
8.7499999999998579,0.40182954613347732,0.29699433770979655,0.91970334201331061
8.7599999999998577,0.40482631726789514,0.31611942168409968,0.91910771155347537
8.7699999999998575,0.40778417103122411,0.33511451687147042,0.91851983353386912
8.7799999999998573,0.41070278212439992,0.3539714246408518,0.9179397700751738
8.789999999999857,0.41358182683485223,0.37268207524034924,0.9173675829430088
8.7999999999998568,0.41642098303650477,0.39123852779723173,0.91680333354793098
8.8099999999998566,0.41921993018977549,0.40963297031793183,0.91624708294543544
8.8199999999998564,0.42197834934157635,0.42785771968804537,0.91569889183595454
8.8299999999998562,0.4246959231253134,0.44590522167233138,0.91515882056485875
8.839999999999856,0.4273723357608869,0.46376805091471285,0.91462692912245613
8.8499999999998558,0.430007273054691,0.48143891093827529,0.91410327714399231
8.8599999999998555,0.43260042239961416,0.49891063414526821,0.91358792390965082
8.8699999999998553,0.43515147277503879,0.51617618181710423,0.9130809283445529
8.8799999999998551,0.43766011474684163,0.53322864411435955,0.91258234901875768
8.8899999999998549,0.44012604046739295,0.55006124007677315,0.91209224414726142
8.8999999999998547,0.44254894367555786,0.56666731762324851,0.91161067158999898
8.9099999999998545,0.44492851969669506,0.58304035355185124,0.91113768885184221
8.9199999999998543,0.44726446544265763,0.59917395353981084,0.91067335308260122
8.9299999999998541,0.44955647941179239,0.61506185214352072,0.91021772107702337
8.9399999999998538,0.45180426168894067,0.63069791279853649,0.90977084927479424
8.9499999999998536,0.45400751394543759,0.64607612781957835,0.90933279376053666
8.9599999999998534,0.4561659394391126,0.66119061840052895,0.90890361026381161
8.9699999999998532,0.45827924301428896,0.67603563461443461,0.90848335415911741
8.979999999999853,0.46034713110178421,0.69060555541350566,0.90807208046589039
8.9899999999998528,0.46236931171891021,0.70489488862911442,0.9076698438485048
8.9999999999998526,0.4643454944694726,0.71889827097179793,0.90727669861627203
9.0099999999998523,0.46627539054377087,0.73261046803125562,0.90689269872344158
9.0199999999998521,0.46815871271859932,0.74602637427635121,0.90651789776920066
9.0299999999998519,0.46999517535724572,0.75914101305511106,0.90615234899767394
9.0399999999998517,0.47178449440949227,0.77194953659472498,0.90579610529792443
9.0499999999998515,0.47352638741161529,0.78444722600154626,0.90544921920395249
9.0599999999998513,0.47522057348638475,0.79662949126109195,0.90511174289469565
9.0699999999998511,0.47686677334306521,0.80849187123804189,0.90478372819403019
9.0799999999998509,0.47846470927741541,0.82003003367623939,0.90446522657076989
9.0899999999998506,0.48001410517168741,0.83123977519869152,0.9041562891386653
9.0999999999998504,0.48151468649462836,0.84211702130756838,0.90385696665640602
9.1099999999998502,0.48296618030147881,0.8526578263842034,0.90356730952761843
9.11999999999985,0.48436831523397378,0.86285837368909357,0.90328736780086749
9.1299999999998498,0.48572082152034196,0.87271497536189913,0.90301719116965462
9.1399999999998496,0.4870234309753067,0.88222407242144407,0.90275682897242049
9.1499999999998494,0.48827587700008496,0.89138223476571488,0.90250633019254212
9.1599999999998492,0.48947789458238816,0.90018616117186223,0.90226574345833532
9.1699999999998489,0.49062922029642164,0.90863267929619984,0.90203511704305317
9.1799999999998487,0.49172959230288477,0.91671874567420508,0.9018144988648864
9.1899999999998485,0.49277875034897106,0.92444144572051801,0.90160393648696358
9.1999999999998483,0.49377643576836816,0.9317979937289429,0.9014034771173508
9.2099999999998481,0.49472239148125796,0.93878573287244649,0.90121316760905246
9.2199999999998479,0.49561636199431619,0.94540213520315997,0.90103305446001025
9.2299999999998477,0.49645809340071284,0.95164480165237697,0.90086318381310349
9.2399999999998474,0.49724733338011179,0.95751146203055515,0.90070360145614947
9.2499999999998472,0.49798383119867129,0.96299997502731471,0.9005543528219031
9.259999999999847,0.49866733770904359,0.96810832821144022,0.90041548298805707
9.2699999999998468,0.49929760535037487,0.97283463803087888,0.90028703667724186
9.2799999999998466,0.4998743881483057,0.97717714981274184,0.90016905825702553
9.2899999999998464,0.50039744171497047,0.98113423776330255,0.90006159173991396
9.2999999999998462,0.50086652324899783,0.9847044049679996,0.89996468078335057
9.309999999999846,0.50128139153551055,0.98788628339143314,0.89987836868971705
9.3199999999998457,0.50164180694612526,0.99067863387736765,0.8998026984063322
9.3299999999998455,0.50194753143895288,0.9930803461487312,0.89973771252545254
9.3399999999998453,0.50219832855859869,0.99509043880761405,0.89968345328427335
9.3499999999998451,0.50239396343616149,0.99670805933527151,0.89963996256492618
9.3599999999998449,0.50253420278923455,0.99793248409212099,0.89960728189448125
9.3699999999998447,0.50261881492190519,0.99876311831774367,0.89958545244494637
9.3799999999998445,0.50264756972475455,0.99919949613088332,0.89957451503326646
9.3899999999998442,0.5026202386748585,0.99924128052944927,0.89957451012132528
9.399999999999844,0.50253659483578639,0.99888826339051184,0.89958547781594356
9.4099999999998438,0.50239641285760173,0.9981403654703056,0.89960745786887963
9.4199999999998436,0.50219946897686241,0.99699763640422923,0.89964048967683008
9.4299999999998434,0.50194554101662059,0.99546025470684318,0.89968461228142904
9.4399999999998432,0.5016344083864217,0.99352852777187295,0.89973986436924813
9.449999999999843,0.50126585208230623,0.99120289187220645,0.89980628427179699
9.4599999999998428,0.50083965468680802,0.98848391215989484,0.89988390996552281
9.4699999999998425,0.50035560036895554,0.98537228266615351,0.89997277907181061
9.4799999999998423,0.49981347488427097,0.98186882630136019,0.9000729288569832
9.4899999999998421,0.4992130655747708,0.97797449485505661,0.90018439623230084
9.4999999999998419,0.49855416136896563,0.97369036899594785,0.90030721775396205
9.5099999999998417,0.49783655278185995,0.96901765827190212,0.90044142962310225
9.5199999999998415,0.49706003191495263,0.96395770110995138,0.90058706768579555
9.5299999999998413,0.49622439245623634,0.95851196481629031,0.90074416743305297
9.5399999999998411,0.49532942968019816,0.95268204557627745,0.90091276400082387
9.5499999999998408,0.49437494044781893,0.94646966845443459,0.90109289216999477
9.5599999999998406,0.49336072320657398,0.93987668739444707,0.90128458636639053
9.5699999999998404,0.49228657799043229,0.93290508521916338,0.90148788066077334
9.5799999999998402,0.4911523064198573,0.92555697363059541,0.90170280876884312
9.58999999999984,0.48995771170180635,0.91783459320991834,0.90192940405123778
9.5999999999998398,0.48870259862973092,0.90974031341747097,0.90216769951353248
9.6099999999998396,0.48738677358357679,0.90127663259275514,0.90241772780624097
9.6199999999998393,0.4860100445297833,0.89244617795443659,0.90267952122481365
9.6299999999998391,0.48457222102128467,0.88325170560034372,0.90295311170963954
9.6399999999998389,0.48307311419750831,0.87369610050746882,0.90323853084604466
9.6499999999998387,0.48151253678437655,0.86378237653196721,0.90353580986429349
9.6599999999998385,0.47989030309430536,0.8535136764091581,0.90384497963958776
9.6699999999998383,0.47820622902620485,0.84289327175352335,0.904166070692067
9.6799999999998381,0.47646013206547932,0.83192456305870877,0.90449911318680853
9.6899999999998379,0.4746518312840271,0.82061107969752345,0.90484413693382726
9.6999999999998376,0.47278114734024079,0.80895647992193953,0.90520117138807643
9.7099999999998374,0.47084790247900671,0.7969645508630927,0.90557024564944588
9.7199999999998372,0.46885192053170582,0.78463920853128233,0.90595138846276446
9.729999999999837,0.46679302691621249,0.77198449781597056,0.90634462821779749
9.7399999999998368,0.4646710486368959,0.75900459248578356,0.90674999294924929
9.7499999999998366,0.46248581428461888,0.74570379518850993,0.90716751033676102
9.7599999999998364,0.46023715403673837,0.73208653745110286,0.9075972077049117
9.7699999999998361,0.45792489965710559,0.71815737967967785,0.90803911202321819
9.7799999999998359,0.45554888449606579,0.70392101115951466,0.90849324990613534
9.7899999999998357,0.45310894349045822,0.68938225005505549,0.90895964761305525
9.7999999999998355,0.45060491316361634,0.67454604340990665,0.90943833104830807
9.8099999999998353,0.44803663162536772,0.65941746714683747,0.9099293257611617
9.8199999999998351,0.44540393857203381,0.64400172606778072,0.91043265694582132
9.8299999999998349,0.44270667528643054,0.62830415385383265,0.91094834944143066
9.8399999999998347,0.43994468463786757,0.61233021306525259,0.91147642773207038
9.8499999999998344,0.43711781108214887,0.59608549514146369,0.91201691594675927
9.8599999999998342,0.43422590066157235,0.57957572040105199,0.91256983785945378
9.869999999999834,0.4312688010049302,0.56280673804176706,0.91313521688904797
9.8799999999998338,0.4282463613275086,0.5457845261405222,0.91371307609937391
