0.0,6.4000000052690443e-08,0.0,0.0
0.010000000000000002,1.250000000530647e-07,0.0,0.0
0.020000000000000004,2.160000000534135e-07,0.0,0.0
0.030000000000000006,3.4300000005373708e-07,0.0,0.0
0.040000000000000001,5.1200000005403555e-07,0.0,0.0
0.049999999999999996,7.2900000005430945e-07,0.0,0.0
0.059999999999999991,1.000000000054559e-06,0.0,0.0
0.069999999999999979,1.3310000000547847e-06,0.0,0.0
0.079999999999999988,1.7280000000549866e-06,0.0,0.0
0.089999999999999969,2.1970000000551646e-06,0.0,0.0
0.099999999999999978,2.7440000000553209e-06,0.0,0.0
0.10999999999999999,3.3750000000554543e-06,0.0,0.0
0.12,4.0960000000555648e-06,0.0,0.0
0.13,4.9130000000556554e-06,0.0,0.0
0.14000000000000001,5.8320000000557223e-06,0.0,0.0
0.15000000000000002,6.8590000000557685e-06,0.0,0.0
0.16000000000000003,8.0000000000557937e-06,0.0,0.0
0.17000000000000004,9.2610000000557974e-06,0.0,0.0
0.18000000000000005,1.0648000000055781e-05,0.0,0.0
0.19000000000000006,1.2167000000055744e-05,0.0,0.0
0.20000000000000007,1.3824000000055689e-05,0.0,0.0
0.21000000000000005,1.562500000005561e-05,0.0,0.0
0.22000000000000006,1.7576000000055514e-05,0.0,0.0
0.23000000000000007,1.96830000000554e-05,0.0,0.0
0.24000000000000007,2.1952000000055266e-05,0.0,0.0
0.25000000000000011,2.4389000000055115e-05,0.0,0.0
0.26000000000000012,2.7000000000054944e-05,0.0,0.0
0.27000000000000013,2.9791000000054762e-05,0.0,0.0
0.28000000000000014,3.2768000000054558e-05,0.0,0.0
0.29000000000000015,3.5937000000054337e-05,0.0,0.0
0.30000000000000016,3.9304000000054103e-05,0.0,0.0
0.31000000000000016,4.2875000000053843e-05,0.0,0.0
0.32000000000000017,4.6656000000053575e-05,0.0,0.0
0.33000000000000018,5.0653000000053279e-05,0.0,0.0
0.34000000000000019,5.4872000000052983e-05,0.0,0.0
0.3500000000000002,5.9319000000052651e-05,0.0,0.0
0.36000000000000021,6.4000000000052323e-05,0.0,0.0
0.37000000000000022,6.8921000000051974e-05,0.0,0.0
0.38000000000000023,7.4088000000051607e-05,0.0,0.0
0.39000000000000024,7.9507000000051238e-05,0.0,0.0
0.40000000000000024,8.5184000000050852e-05,0.0,0.0
0.41000000000000025,9.1125000000050448e-05,0.0,0.0
0.42000000000000026,9.7336000000050013e-05,0.0,0.0
0.43000000000000027,0.00010382300000004959,0.0,0.0
0.44000000000000028,0.00011059200000004913,0.0,0.0
0.45000000000000029,0.00011764900000004868,0.0,0.0
0.46000000000000024,0.0001250000000000482,0.0,0.0
0.47000000000000025,0.00013265100000004767,0.0,0.0
0.48000000000000026,0.00014060800000004718,0.0,0.0
0.49000000000000027,0.00014887700000004668,0.0,0.0
0.50000000000000022,0.00015746400000004614,0.0,0.0
0.51000000000000023,0.00016637500000004564,0.0,0.0
0.52000000000000024,0.0001756160000000451,0.0,0.0
0.53000000000000025,0.00018519300000004451,0.0,0.0
0.54000000000000026,0.00019511200000004396,0.0,0.0
0.55000000000000027,0.00020537900000004342,0.0,0.0
0.56000000000000028,0.00021600000000004282,0.0,0.0
0.57000000000000028,0.00022698100000004222,0.0,0.0
0.58000000000000029,0.00023832800000004158,0.0,0.0
0.5900000000000003,0.00025004700000004097,0.0,0.0
0.60000000000000031,0.00026214400000004035,0.0,0.0
0.61000000000000032,0.00027462500000003976,0.0,0.0
0.62000000000000033,0.00028749600000003913,0.0,0.0
0.63000000000000034,0.0003007630000000385,0.0,0.0
0.64000000000000035,0.00031443200000003785,0.0,0.0
0.65000000000000036,0.00032850900000003718,0.0,0.0
0.66000000000000036,0.00034300000000003647,0.0,0.0
0.67000000000000037,0.00035791100000003582,0.0,0.0
0.68000000000000038,0.00037324800000003509,0.0,0.0
0.69000000000000039,0.00038901700000003439,0.0,0.0
0.7000000000000004,0.00040522400000003375,0.0,0.0
0.71000000000000041,0.00042187500000003301,0.0,0.0
0.72000000000000042,0.00043897600000003236,0.0,0.0
0.73000000000000043,0.00045653300000003157,0.0,0.0
0.74000000000000044,0.00047455200000003089,0.0,0.0
0.75000000000000044,0.00049303900000003016,0.0,0.0
0.76000000000000045,0.00051200000000002936,0.0,0.0
0.77000000000000046,0.00053144100000002863,0.0,0.0
0.78000000000000047,0.00055136800000002786,0.0,0.0
0.79000000000000048,0.00057178700000002725,0.0,0.0
0.80000000000000049,0.00059270400000002634,0.0,0.0
0.8100000000000005,0.00061412500000002557,0.0,0.0
0.82000000000000051,0.0006360560000000248,0.0,0.0
0.83000000000000052,0.00065850300000002402,0.0,0.0
0.84000000000000052,0.00068147200000002323,0.0,0.0
0.85000000000000053,0.00070496900000002261,0.0,0.0
0.86000000000000054,0.00072900000000002173,0.0,0.0
0.87000000000000055,0.00075357100000002101,0.0,0.0
0.88000000000000056,0.0007786880000000202,0.0,0.0
0.89000000000000057,0.00080435700000001942,0.0,0.0
0.90000000000000058,0.00083058400000001864,0.0,0.0
0.91000000000000059,0.00085737500000001774,0.0,0.0
0.9200000000000006,0.00088473600000001692,0.0,0.0
0.9300000000000006,0.00091267300000001618,0.0,0.0
0.94000000000000061,0.00094119200000001549,0.0,0.0
0.95000000000000062,0.00097029900000001462,0.0,0.0
0.96000000000000063,0.0010000000000000139,0.0,0.0
0.97000000000000064,0.001030301000000013,0.0,0.0
0.98000000000000065,0.0010612080000000123,0.0,0.0
0.99000000000000066,0.0010927270000000112,0.0,0.0
1.0000000000000007,0.0011248640000000104,0.0,0.0
1.0100000000000007,0.0011576250000000098,0.0,0.0
1.0200000000000007,0.0011910160000000089,0.0,0.0
1.0300000000000007,0.0012250430000000081,0.0,0.0
1.0400000000000007,0.0012597120000000074,0.0,0.0
1.0500000000000007,0.0012950290000000066,0.0,0.0
1.0600000000000007,0.0013310000000000058,0.0,0.0
1.0700000000000007,0.001367631000000005,0.0,0.0
1.0800000000000007,0.0014049280000000041,0.0,0.0
1.0900000000000007,0.0014428970000000033,0.0,0.0
1.1000000000000008,0.0014815440000000026,0.0,0.0
1.1100000000000008,0.0015208750000000016,0.0,0.0
1.1200000000000008,0.0015608960000000011,0.0,0.0
1.1300000000000008,0.001601613,0.0,0.0
1.1400000000000008,0.0016430319999999991,0.0,0.0
1.1500000000000008,0.0016851589999999986,0.0,0.0
1.1600000000000008,0.0017279999999999978,0.0,0.0
1.1700000000000008,0.001771560999999997,0.0,0.0
1.1800000000000008,0.001815847999999996,0.0,0.0
1.1900000000000008,0.0018608669999999954,0.0,0.0
1.2000000000000008,0.0019066239999999944,0.0,0.0
1.2100000000000009,0.0019531249999999935,0.0,0.0
1.2200000000000009,0.002000375999999993,0.0,0.0
1.2300000000000009,0.0020483829999999922,0.0,0.0
1.2400000000000009,0.0020971519999999915,0.0,0.0
1.2500000000000009,0.0021466889999999907,0.0,0.0
1.2600000000000009,0.0021969999999999898,0.0,0.0
1.2700000000000009,0.0022480909999999894,0.0,0.0
1.2800000000000009,0.0022999679999999886,0.0,0.0
1.2900000000000009,0.0023526369999999877,0.0,0.0
1.3000000000000009,0.0024061039999999866,0.0,0.0
1.3100000000000009,0.002460374999999986,0.0,0.0
1.320000000000001,0.0025154559999999854,0.0,0.0
1.330000000000001,0.0025713529999999846,0.0,0.0
1.340000000000001,0.0026280719999999839,0.0,0.0
1.350000000000001,0.0026856189999999829,0.0,0.0
1.360000000000001,0.0027439999999999817,0.0,0.0
1.370000000000001,0.0028032209999999816,0.0,0.0
1.380000000000001,0.0028632879999999808,0.0,0.0
1.390000000000001,0.0029242069999999799,0.0,0.0
1.400000000000001,0.0029859839999999797,0.0,0.0
1.410000000000001,0.0030486249999999789,0.0,0.0
1.420000000000001,0.003112135999999978,0.0,0.0
1.430000000000001,0.0031765229999999771,0.0,0.0
1.4400000000000011,0.0032417919999999764,0.0,0.0
1.4500000000000011,0.0033079489999999763,0.0,0.0
1.4600000000000011,0.0033749999999999757,0.0,0.0
1.4700000000000011,0.0034429509999999749,0.0,0.0
1.4800000000000011,0.0035118079999999735,0.0,0.0
1.4900000000000011,0.003581576999999973,0.0,0.0
1.5000000000000011,0.0036522639999999732,0.0,0.0
1.5100000000000011,0.003723874999999972,0.0,0.0
1.5200000000000011,0.0037964159999999713,0.0,0.0
1.5300000000000011,0.0038698929999999706,0.0,0.0
1.5400000000000011,0.0039443119999999707,0.0,0.0
1.5500000000000012,0.0040196789999999687,0.0,0.0
1.5600000000000012,0.0040959999999999677,0.0,0.0
1.5700000000000012,0.0041732809999999688,0.0,0.0
1.5800000000000012,0.004251527999999968,0.0,0.0
1.5900000000000012,0.0043307469999999673,0.0,0.0
1.6000000000000012,0.004410943999999967,0.0,0.0
1.6100000000000012,0.0044921249999999649,0.0,0.0
1.6200000000000012,0.0045742959999999647,0.0,0.0
1.6300000000000012,0.004657462999999965,0.0,0.0
1.6400000000000012,0.0047416319999999635,0.0,0.0
1.6500000000000012,0.0048268089999999641,0.0,0.0
1.6600000000000013,0.0049129999999999625,0.0,0.0
1.6700000000000013,0.0050002109999999628,0.0,0.0
1.6800000000000013,0.0050884479999999625,0.0,0.0
1.6900000000000013,0.0051777169999999611,0.0,0.0
1.7000000000000013,0.0052680239999999606,0.0,0.0
1.7100000000000013,0.0053593749999999605,0.0,0.0
1.7200000000000013,0.0054517759999999612,0.0,0.0
1.7300000000000013,0.0055452329999999602,0.0,0.0
1.7400000000000013,0.0056397519999999588,0.0,0.0
1.7500000000000013,0.0057353389999999583,0.0,0.0
1.7600000000000013,0.0058319999999999587,0.0,0.0
1.7700000000000014,0.005929740999999958,0.0,0.0
1.7800000000000014,0.0060285679999999581,0.0,0.0
1.7900000000000014,0.0061284869999999568,0.0,0.0
1.8000000000000014,0.0062295039999999578,0.0,0.0
1.8100000000000014,0.0063316249999999553,0.0,0.0
1.8200000000000014,0.0064348559999999558,0.0,0.0
1.8300000000000014,0.0065392029999999553,0.0,0.0
1.8400000000000014,0.0066446719999999557,0.0,0.0
1.8500000000000014,0.0067512689999999547,0.0,0.0
1.8600000000000014,0.0068589999999999545,0.0,0.0
1.8700000000000014,0.0069678709999999536,0.0,0.0
1.8800000000000014,0.0070778879999999532,0.0,0.0
1.8900000000000015,0.0071890569999999536,0.0,0.0
1.9000000000000015,0.0073013839999999525,0.0,0.0
1.9100000000000015,0.0074148749999999528,0.0,0.0
1.9200000000000015,0.007529535999999953,0.0,0.0
1.9300000000000015,0.0076453729999999519,0.0,0.0
1.9400000000000015,0.0077623919999999522,0.0,0.0
1.9500000000000015,0.0078805989999999517,0.0,0.0
1.9600000000000013,0.0079999999999999499,0.0,0.0
1.9700000000000011,0.0081206009999999443,0.0,0.0
1.9800000000000009,0.0082424079999999407,0.0,0.0
1.9900000000000007,0.0083654269999999392,0.0,0.0
2.0000000000000004,0.0084896639999999367,0.0,0.0
2.0100000000000002,0.0086151249999999336,0.0,0.0
2.02,0.0087418159999999301,0.0,0.0
2.0299999999999998,0.0088697429999999265,0.0,0.0
2.0399999999999996,0.0089989119999999249,0.0,0.0
2.0499999999999994,0.0091293289999999222,0.0,0.0
2.0599999999999992,0.0092609999999999169,0.0,0.0
2.069999999999999,0.0093939309999999145,0.0,0.0
2.0799999999999987,0.0095281279999999118,0.0,0.0
2.0899999999999985,0.0096635969999999058,0.0,0.0
2.0999999999999983,0.0098003439999999036,0.0,0.0
2.1099999999999981,0.0099383749999999004,0.0,0.0
2.1199999999999979,0.010077695999999896,0.0,0.0
2.1299999999999977,0.010218312999999892,0.0,0.0
2.1399999999999975,0.010360231999999891,0.0,0.0
2.1499999999999972,0.010503458999999885,0.0,0.0
2.159999999999997,0.01064799999999988,0.0,0.0
2.1699999999999968,0.010793860999999877,0.0,0.0
2.1799999999999966,0.010941047999999873,0.0,0.0
2.1899999999999964,0.011089566999999868,0.0,0.0
2.1999999999999962,0.011239423999999866,0.0,0.0
2.209999999999996,0.011390624999999863,0.0,0.0
2.2199999999999958,0.011543175999999856,0.0,0.0
2.2299999999999955,0.011697082999999851,0.0,0.0
2.2399999999999953,0.011852351999999849,0.0,0.0
2.2499999999999951,0.012008988999999845,0.0,0.0
2.2599999999999949,0.012166999999999841,0.0,0.0
2.2699999999999947,0.012326390999999834,0.0,0.0
2.2799999999999945,0.012487167999999832,0.0,0.0
2.2899999999999943,0.012649336999999827,0.0,0.0
2.299999999999994,0.012812903999999823,0.0,0.0
2.3099999999999938,0.012977874999999819,0.0,0.0
2.3199999999999936,0.013144255999999814,0.0,0.0
2.3299999999999934,0.013312052999999812,0.0,0.0
2.3399999999999932,0.013481271999999803,0.0,0.0
2.349999999999993,0.013651918999999799,0.0,0.0
2.3599999999999928,0.013823999999999795,0.0,0.0
2.3699999999999926,0.013997520999999789,0.0,0.0
2.3799999999999923,0.014172487999999784,0.0,0.0
2.3899999999999921,0.014348906999999781,0.0,0.0
2.3999999999999919,0.014526783999999774,0.0,0.0
2.4099999999999917,0.01470612499999977,0.0,0.0
2.4199999999999915,0.014886935999999764,0.0,0.0
2.4299999999999913,0.01506922299999976,0.0,0.0
2.4399999999999911,0.015252991999999754,0.0,0.0
2.4499999999999909,0.015438248999999748,0.0,0.0
2.4599999999999906,0.015624999999999742,0.0,0.0
2.4699999999999904,0.015813250999999737,0.0,0.0
2.4799999999999902,0.016003007999999732,0.0,0.0
2.48999999999999,0.016194276999999726,0.0,0.0
2.4999999999999898,0.016387063999999719,0.0,0.0
2.5099999999999896,0.016581374999999714,0.0,0.0
2.5199999999999894,0.016777215999999706,0.0,0.0
2.5299999999999891,0.016974592999999701,0.0,0.0
2.5399999999999889,0.017173511999999697,0.0,0.0
2.5499999999999887,0.017373978999999692,0.0,0.0
2.5599999999999885,0.017575999999999686,0.0,0.0
2.5699999999999883,0.01777958099999968,0.0,0.0
2.5799999999999881,0.017984727999999672,0.0,0.0
2.5899999999999879,0.018191446999999666,0.0,0.0
2.5999999999999877,0.018399743999999659,0.0,0.0
2.6099999999999874,0.018609624999999651,0.0,0.0
2.6199999999999872,0.018821095999999642,0.0,0.0
2.629999999999987,0.019034162999999639,0.0,0.0
2.6399999999999868,0.019248831999999629,0.0,0.0
2.6499999999999866,0.019465108999999623,0.0,0.0
2.6599999999999864,0.019682999999999621,0.0,0.0
2.6699999999999862,0.019902510999999613,0.0,0.0
2.6799999999999859,0.020123647999999605,0.0,0.0
2.6899999999999857,0.020346416999999596,0.0,0.0
2.6999999999999855,0.020570823999999589,0.0,0.0
2.7099999999999853,0.020796874999999583,0.0,0.0
2.7199999999999851,0.021024575999999576,0.0,0.0
2.7299999999999849,0.021253932999999569,0.0,0.0
2.7399999999999847,0.021484951999999558,0.0,0.0
2.7499999999999845,0.021717638999999553,0.0,0.0
2.7599999999999842,0.021951999999999548,0.0,0.0
2.769999999999984,0.022188040999999537,0.0,0.0
2.7799999999999838,0.02242576799999953,0.0,0.0
2.7899999999999836,0.022665186999999521,0.0,0.0
2.7999999999999834,0.022906303999999517,0.0,0.0
2.8099999999999832,0.023149124999999507,0.0,0.0
2.819999999999983,0.023393655999999499,0.0,0.0
2.8299999999999828,0.023639902999999487,0.0,0.0
2.8399999999999825,0.023887871999999487,0.0,0.0
2.8499999999999823,0.024137568999999481,0.0,0.0
2.8599999999999821,0.024388999999999467,0.0,0.0
2.8699999999999819,0.02464217099999946,0.0,0.0
2.8799999999999817,0.024897087999999457,0.0,0.0
2.8899999999999815,0.02515375699999944,0.0,0.0
2.8999999999999813,0.025412183999999435,0.0,0.0
2.909999999999981,0.025672374999999425,0.0,0.0
2.9199999999999808,0.025934335999999419,0.0,0.0
2.9299999999999806,0.026198072999999409,0.0,0.0
2.9399999999999804,0.026463591999999401,0.0,0.0
2.9499999999999802,0.026730898999999392,0.0,0.0
2.95999999999998,0.026999999999999382,0.0,0.0
2.9699999999999798,0.027270900999999372,0.0,0.0
2.9799999999999796,0.027543607999999362,0.0,0.0
2.9899999999999793,0.027818126999999356,0.0,0.0
2.9999999999999791,0.028094463999999344,0.0,0.0
3.0099999999999789,0.028372624999999336,0.0,0.0
3.0199999999999787,0.028652615999999326,0.0,0.0
3.0299999999999785,0.028934442999999317,0.0,0.0
3.0399999999999783,0.029218111999999307,0.0,0.0
3.0499999999999781,0.029503628999999296,0.0,0.0
3.0599999999999778,0.02979099999999929,0.0,0.0
3.0699999999999776,0.030080230999999277,0.0,0.0
3.0799999999999774,0.030371327999999267,0.0,0.0
3.0899999999999772,0.030664296999999258,0.0,0.0
3.099999999999977,0.030959143999999245,0.0,0.0
3.1099999999999768,0.031255874999999239,0.0,0.0
3.1199999999999766,0.031554495999999231,0.0,0.0
3.1299999999999764,0.03185501299999921,0.0,0.0
3.1399999999999761,0.032157431999999209,0.0,0.0
3.1499999999999759,0.032461758999999195,0.0,0.0
3.1599999999999757,0.032767999999999187,0.0,0.0
3.1699999999999755,0.033076160999999174,0.0,0.0
3.1799999999999753,0.033386247999999161,0.0,0.0
3.1899999999999751,0.03369826699999915,0.0,0.0
3.1999999999999749,0.03401222399999914,0.0,0.0
3.2099999999999747,0.034328124999999127,0.0,0.0
3.2199999999999744,0.034645975999999114,0.0,0.0
3.2299999999999742,0.034965782999999105,0.0,0.0
3.239999999999974,0.035287551999999091,0.0,0.0
3.2499999999999738,0.035611288999999081,0.0,0.0
3.2599999999999736,0.035936999999999074,0.0,0.0
3.2699999999999734,0.036264690999999065,0.0,0.0
3.2799999999999732,0.036594367999999045,0.0,0.0
3.2899999999999729,0.036926036999999044,0.0,0.0
3.2999999999999727,0.037259703999999033,0.0,0.0
3.3099999999999725,0.037595374999999015,0.0,0.0
3.3199999999999723,0.037933055999999007,0.0,0.0
3.3299999999999721,0.038272752999998987,0.0,0.0
3.3399999999999719,0.038614471999998977,0.0,0.0
3.3499999999999717,0.038958218999998961,0.0,0.0
3.3599999999999715,0.039303999999998958,0.0,0.0
3.3699999999999712,0.039651820999998935,0.0,0.0
3.379999999999971,0.040001687999998932,0.0,0.0
3.3899999999999708,0.040353606999998917,0.0,0.0
3.3999999999999706,0.040707583999998902,0.0,0.0
3.4099999999999704,0.041063624999998889,0.0,0.0
3.4199999999999702,0.041421735999998877,0.0,0.0
3.42999999999997,0.041781922999998868,0.0,0.0
3.4399999999999697,0.042144191999998852,0.0,0.0
3.4499999999999695,0.042508548999998834,0.0,0.0
3.4599999999999693,0.042874999999998824,0.0,0.0
3.4699999999999691,0.043243550999998805,0.0,0.0
3.4799999999999689,0.043614207999998794,0.0,0.0
3.4899999999999687,0.043986976999998782,0.0,0.0
3.4999999999999685,0.044361863999998773,0.0,0.0
3.5099999999999683,0.044738874999998755,0.0,0.0
3.519999999999968,0.045118015999998741,0.0,0.0
3.5299999999999678,0.045499292999998726,0.0,0.0
3.5399999999999676,0.045882711999998708,0.0,0.0
3.5499999999999674,0.046268278999998691,0.0,0.0
3.5599999999999672,0.046655999999998671,0.0,0.0
3.569999999999967,0.047045880999998659,0.0,0.0
3.5799999999999668,0.047437927999998651,0.0,0.0
3.5899999999999666,0.047832146999998632,0.0,0.0
3.5999999999999663,0.048228543999998617,0.0,0.0
3.6099999999999661,0.048627124999998599,0.0,0.0
3.6199999999999659,0.049027895999998593,0.0,0.0
3.6299999999999657,0.049430862999998562,0.0,0.0
3.6399999999999655,0.049836031999998559,0.0,0.0
3.6499999999999653,0.050243408999998539,0.0,0.0
3.6599999999999651,0.050652999999998533,0.0,0.0
3.6699999999999648,0.05106481099999851,0.0,0.0
3.6799999999999646,0.051478847999998495,0.0,0.0
3.6899999999999644,0.051895116999998478,0.0,0.0
3.6999999999999642,0.052313623999998456,0.0,0.0
3.709999999999964,0.052734374999998446,0.0,0.0
3.7199999999999638,0.053157375999998438,0.0,0.0
3.7299999999999636,0.053582632999998416,0.0,0.0
3.7399999999999634,0.054010151999998389,0.0,0.0
3.7499999999999631,0.054439938999998376,0.0,0.0
3.7599999999999629,0.054871999999998367,0.0,0.0
3.7699999999999627,0.05530634099999835,0.0,0.0
3.7799999999999625,0.055742967999998345,0.0,0.0
3.7899999999999623,0.056181886999998314,0.0,0.0
3.7999999999999621,0.0566231039999983,0.0,0.0
3.8099999999999619,0.057066624999998282,0.0,0.0
3.8199999999999616,0.057512455999998255,0.0,0.0
3.8299999999999614,0.057960602999998237,0.0,0.0
3.8399999999999612,0.058411071999998225,0.0,0.0
3.849999999999961,0.058863868999998209,0.0,0.0
3.8599999999999608,0.0593189999999982,0.0,0.0
3.8699999999999606,0.05977647099999818,0.0,0.0
3.8799999999999604,0.060236287999998153,0.0,0.0
3.8899999999999602,0.060698456999998138,0.0,0.0
3.8999999999999599,0.061162983999998116,0.0,0.0
3.9099999999999597,0.061629874999998106,0.0,0.0
3.9199999999999595,0.062099135999998077,0.0,0.0
3.9299999999999593,0.062570772999998053,0.0,0.0
3.9399999999999591,0.063044791999998046,0.0,0.0
3.9499999999999589,0.063521198999998016,0.0,0.0
3.9599999999999587,0.063999999999998003,0.0,0.0
3.9699999999999589,0.064481200999998017,0.0,0.0
3.9799999999999587,0.064964807999997987,0.0,0.0
3.9899999999999585,0.065450826999997963,0.0,0.0
3.9999999999999583,0.065939263999997957,0.0,0.0
4.009999999999958,0.066430124999997939,0.0,0.0
4.0199999999999578,0.066923415999997904,0.0,0.0
4.0299999999999576,0.067419142999997891,0.0,0.0
4.0399999999999574,0.06791731199999787,0.0,0.0
4.0499999999999572,0.068417928999997851,0.0,0.0
4.059999999999957,0.068920999999997831,0.0,0.0
4.0699999999999568,0.069426530999997821,0.0,0.0
4.0799999999999566,0.069934527999997789,0.0,0.0
4.0899999999999563,0.070444996999997761,0.0,0.0
4.0999999999999561,0.070957943999997733,0.0,0.0
4.1099999999999559,0.07147337499999773,0.0,0.0
4.1199999999999557,0.071991295999997706,0.0,0.0
4.1299999999999555,0.072511712999997674,0.0,0.0
4.1399999999999553,0.073034631999997657,0.0,0.0
4.1499999999999551,0.073560058999997638,0.0,0.0
4.1599999999999548,0.074087999999997614,0.0,0.0
4.1699999999999546,0.074618460999997582,0.0,0.0
4.1799999999999544,0.075151447999997567,0.0,0.0
4.1899999999999542,0.075686966999997551,0.0,0.0
4.199999999999954,0.076225023999997532,0.0,0.0
4.2099999999999538,0.076765624999997506,0.0,0.0
4.2199999999999536,0.07730877599999747,0.0,0.0
4.2299999999999534,0.077854482999997462,0.0,0.0
4.2399999999999531,0.078402751999997439,0.0,0.0
4.2499999999999529,0.078953588999997409,0.0,0.0
4.2599999999999527,0.079506999999997385,0.0,0.0
4.2699999999999525,0.080062990999997363,0.0,0.0
4.2799999999999523,0.080621567999997354,0.0,0.0
4.2899999999999521,0.081182736999997313,0.0,0.0
4.2999999999999519,0.081746503999997291,0.0,0.0
4.3099999999999516,0.082312874999997274,0.0,0.0
4.3199999999999514,0.082881855999997256,0.0,0.0
4.3299999999999512,0.083453452999997235,0.0,0.0
4.339999999999951,0.084027671999997208,0.0,0.0
4.3499999999999508,0.084604518999997186,0.0,0.0
4.3599999999999506,0.085183999999997165,0.0,0.0
4.3699999999999504,0.085766120999997142,0.0,0.0
4.3799999999999502,0.0863508879999971,0.0,0.0
4.3899999999999499,0.086938306999997078,0.0,0.0
4.3999999999999497,0.087528383999997059,0.0,0.0
4.4099999999999495,0.088121124999997039,0.0,0.0
4.4199999999999493,0.088716535999997015,0.0,0.0
4.4299999999999491,0.08931462299999697,0.0,0.0
4.4399999999999489,0.089915391999996958,0.0,0.0
4.4499999999999487,0.090518848999996931,0.0,0.0
4.4599999999999485,0.091124999999996903,0.0,0.0
4.4699999999999482,0.091733850999996869,0.0,0.0
4.479999999999948,0.092345407999996854,0.0,0.0
4.4899999999999478,0.092959676999996826,0.0,0.0
4.4999999999999476,0.093576663999996798,0.0,0.0
4.5099999999999474,0.094196374999996765,0.0,0.0
4.5199999999999472,0.094818815999996739,0.0,0.0
4.529999999999947,0.095443992999996716,0.0,0.0
4.5399999999999467,0.096071911999996679,0.0,0.0
4.5499999999999465,0.096702578999996666,0.0,0.0
4.5599999999999463,0.097335999999996634,0.0,0.0
4.5699999999999461,0.097972180999996591,0.0,0.0
4.5799999999999459,0.098611127999996592,0.0,0.0
4.5899999999999457,0.099252846999996536,0.0,0.0
4.5999999999999455,0.09989734399999653,0.0,0.0
4.6099999999999453,0.10054462499999649,0.0,0.0
4.619999999999945,0.10119469599999648,0.0,0.0
4.6299999999999448,0.10184756299999644,0.0,0.0
4.6399999999999446,0.10250323199999642,0.0,0.0
4.6499999999999444,0.1031617089999964,0.0,0.0
4.6599999999999442,0.10382299999999633,0.0,0.0
4.669999999999944,0.10448711099999633,0.0,0.0
4.6799999999999438,0.10515404799999629,0.0,0.0
4.6899999999999435,0.10582381699999627,0.0,0.0
4.6999999999999433,0.10649642399999625,0.0,0.0
4.7099999999999431,0.10717187499999621,0.0,0.0
4.7199999999999429,0.10785017599999618,0.0,0.0
4.7299999999999427,0.10853133299999615,0.0,0.0
4.7399999999999425,0.10921535199999612,0.0,0.0
4.7499999999999423,0.10990223899999607,0.0,0.0
4.7599999999999421,0.11059199999999605,0.0,0.0
4.7699999999999418,0.11128464099999602,0.0,0.0
4.7799999999999416,0.11198016799999599,0.0,0.0
4.7899999999999414,0.11267858699999597,0.0,0.0
4.7999999999999412,0.11337990399999594,0.0,0.0
4.809999999999941,0.11408412499999591,0.0,0.0
4.8199999999999408,0.11479125599999589,0.0,0.0
4.8299999999999406,0.11550130299999585,0.0,0.0
4.8399999999999403,0.1162142719999958,0.0,0.0
4.8499999999999401,0.11693016899999577,0.0,0.0
4.8599999999999399,0.11764899999999576,0.0,0.0
4.8699999999999397,0.11837077099999573,0.0,0.0
4.8799999999999395,0.11909548799999568,0.0,0.0
4.8899999999999393,0.11982315699999566,0.0,0.0
4.8999999999999391,0.12055378399999563,0.0,0.0
4.9099999999999389,0.12128737499999559,0.0,0.0
4.9199999999999386,0.12202393599999556,0.0,0.0
4.9299999999999384,0.12276347299999554,0.0,0.0
4.9399999999999382,0.1235059919999955,0.0,0.0
4.949999999999938,0.12425149899999546,0.0,0.0
4.9599999999999378,0.12499999999999542,0.0,0.0
4.9699999999999376,0.12575150099999535,0.0,0.0
4.9799999999999374,0.12650600799999531,0.0,0.0
4.9899999999999372,0.12726352699999527,0.0,0.0
4.9999999999999369,0.12802406399999525,0.0,0.0
5.0099999999999367,0.12878762499999524,0.0,0.0
5.0199999999999365,0.12955421599999523,0.0,0.0
5.0299999999999363,0.13032384299999517,0.0,0.0
5.0399999999999361,0.13109651199999517,0.0,0.0
5.0499999999999359,0.13187222899999512,0.0,0.0
5.0599999999999357,0.13265099999999508,0.0,0.0
5.0699999999999354,0.13343283099999503,0.0,0.0
5.0799999999999352,0.13421772799999498,0.0,0.0
5.089999999999935,0.13500569699999498,0.0,0.0
5.0999999999999348,0.13579674399999495,0.0,0.0
5.1099999999999346,0.13659087499999489,0.0,0.0
5.1199999999999344,0.13738809599999485,0.0,0.0
5.1299999999999342,0.13818841299999479,0.0,0.0
5.139999999999934,0.13899183199999479,0.0,0.0
5.1499999999999337,0.13979835899999474,0.0,0.0
5.1599999999999335,0.14060799999999471,0.0,0.0
5.1699999999999333,0.14142076099999468,0.0,0.0
5.1799999999999331,0.14223664799999464,0.0,0.0
5.1899999999999329,0.14305566699999461,0.0,0.0
5.1999999999999327,0.14387782399999458,0.0,0.0
5.2099999999999325,0.14470312499999452,0.0,0.0
5.2199999999999322,0.14553157599999447,0.0,0.0
5.229999999999932,0.14636318299999446,0.0,0.0
5.2399999999999318,0.14719795199999441,0.0,0.0
5.2499999999999316,0.14803588899999437,0.0,0.0
5.2599999999999314,0.14887699999999432,0.0,0.0
5.2699999999999312,0.14972129099999429,0.0,0.0
5.279999999999931,0.15056876799999425,0.0,0.0
5.2899999999999308,0.15141943699999422,0.0,0.0
5.2999999999999305,0.15227330399999417,0.0,0.0
5.3099999999999303,0.15313037499999413,0.0,0.0
5.3199999999999301,0.15399065599999409,0.0,0.0
5.3299999999999299,0.15485415299999405,0.0,0.0
5.3399999999999297,0.15572087199999401,0.0,0.0
5.3499999999999295,0.15659081899999397,0.0,0.0
5.3599999999999293,0.15746399999999391,0.0,0.0
5.3699999999999291,0.1583404209999939,0.0,0.0
5.3799999999999288,0.15922008799999382,0.0,0.0
5.3899999999999286,0.1601030069999938,0.0,0.0
5.3999999999999284,0.16098918399999376,0.0,0.0
5.4099999999999282,0.1618786249999937,0.0,0.0
5.419999999999928,0.16277133599999369,0.0,0.0
5.4299999999999278,0.16366732299999365,0.0,0.0
5.4399999999999276,0.16456659199999357,0.0,0.0
5.4499999999999273,0.16546914899999357,0.0,0.0
5.4599999999999271,0.1663749999999935,0.0,0.0
5.4699999999999269,0.16728415099999347,0.0,0.0
5.4799999999999267,0.16819660799999339,0.0,0.0
5.4899999999999265,0.16911237699999337,0.0,0.0
5.4999999999999263,0.1700314639999933,0.0,0.0
5.5099999999999261,0.17095387499999329,0.0,0.0
5.5199999999999259,0.17187961599999324,0.0,0.0
5.5299999999999256,0.17280869299999321,0.0,0.0
5.5399999999999254,0.17374111199999315,0.0,0.0
5.5499999999999252,0.1746768789999931,0.0,0.0
5.559999999999925,0.17561599999999306,0.0,0.0
5.5699999999999248,0.17655848099999302,0.0,0.0
5.5799999999999246,0.17750432799999299,0.0,0.0
5.5899999999999244,0.17845354699999294,0.0,0.0
5.5999999999999241,0.17940614399999288,0.0,0.0
5.6099999999999239,0.18036212499999282,0.0,0.0
5.6199999999999237,0.18132149599999278,0.0,0.0
5.6299999999999235,0.18228426299999273,0.0,0.0
5.6399999999999233,0.18325043199999269,0.0,0.0
5.6499999999999231,0.18422000899999266,0.0,0.0
5.6599999999999229,0.18519299999999264,0.0,0.0
5.6699999999999227,0.18616941099999257,0.0,0.0
5.6799999999999224,0.18714924799999252,0.0,0.0
5.6899999999999222,0.18813251699999248,0.0,0.0
5.699999999999922,0.1891192239999924,0.0,0.0
5.7099999999999218,0.19010937499999236,0.0,0.0
5.7199999999999216,0.19110297599999232,0.0,0.0
5.7299999999999214,0.19210003299999226,0.0,0.0
5.7399999999999212,0.19310055199999221,0.0,0.0
5.749999999999921,0.19410453899999219,0.0,0.0
5.7599999999999207,0.19511199999999213,0.0,0.0
5.7699999999999205,0.19612294099999208,0.0,0.0
5.7799999999999203,0.19713736799999204,0.0,0.0
5.7899999999999201,0.19815528699999199,0.0,0.0
5.7999999999999199,0.19917670399999193,0.0,0.0
5.8099999999999197,0.20020162499999186,0.0,0.0
5.8199999999999195,0.2012300559999918,0.0,0.0
5.8299999999999192,0.20226200299999178,0.0,0.0
5.839999999999919,0.20329747199999174,0.0,0.0
5.8499999999999188,0.20433646899999167,0.0,0.0
5.8599999999999186,0.2053789999999916,0.0,0.0
5.8699999999999184,0.20642507099999158,0.0,0.0
5.8799999999999182,0.20747468799999155,0.0,0.0
5.889999999999918,0.20852785699999146,0.0,0.0
5.8999999999999178,0.20958458399999141,0.0,0.0
5.9099999999999175,0.21064487499999135,0.0,0.0
5.9199999999999173,0.21170873599999129,0.0,0.0
5.9299999999999171,0.21277617299999127,0.0,0.0
5.9399999999999169,0.21384719199999122,0.0,0.0
5.9499999999999167,0.2149217989999912,0.0,0.0
5.9599999999999165,0.21599999999999117,0.0,0.0
5.9699999999999163,0.21708180099999108,0.0,0.0
5.979999999999916,0.21816720799999104,0.0,0.0
5.9899999999999158,0.21925622699999095,0.0,0.0
5.9999999999999156,0.22034886399999093,0.0,0.0
6.0099999999999154,0.22144512499999083,0.0,0.0
6.0199999999999152,0.2225450159999908,0.0,0.0
6.029999999999915,0.22364854299999073,0.0,0.0
6.0399999999999148,0.2247557119999907,0.0,0.0
6.0499999999999146,0.22586652899999063,0.0,0.0
6.0599999999999143,0.22698099999999058,0.0,0.0
6.0699999999999141,0.22809913099999052,0.0,0.0
6.0799999999999139,0.22922092799999047,0.0,0.0
6.0899999999999137,0.23034639699999038,0.0,0.0
6.0999999999999135,0.23147554399999037,0.0,0.0
6.1099999999999133,0.23260837499999029,0.0,0.0
6.1199999999999131,0.23374489599999024,0.0,0.0
6.1299999999999129,0.23488511299999021,0.0,0.0
6.1399999999999126,0.23602903199999015,0.0,0.0
6.1499999999999124,0.2371766589999901,0.0,0.0
6.1599999999999122,0.23832799999999005,0.0,0.0
6.169999999999912,0.23948306099998995,0.0,0.0
6.1799999999999118,0.24064184799998989,0.0,0.0
6.1899999999999116,0.24180436699998983,0.0,0.0
6.1999999999999114,0.24297062399998978,0.0,0.0
6.2099999999999111,0.2441406249999897,0.0,0.0
6.2199999999999109,0.24531437599998968,0.0,0.0
6.2299999999999107,0.24649188299998956,0.0,0.0
6.2399999999999105,0.24767315199998954,0.0,0.0
6.2499999999999103,0.24885818899998946,0.0,0.0
6.2599999999999101,0.25004699999998947,0.0,0.0
6.2699999999999099,0.25123959099998933,0.0,0.0
6.2799999999999097,0.2524359679999893,0.0,0.0
6.2899999999999094,0.25363613699998921,0.0,0.0
6.2999999999999092,0.25484010399998919,0.0,0.0
6.309999999999909,0.2560478749999891,0.0,0.0
6.3199999999999088,0.25725945599998906,0.0,0.0
6.3299999999999086,0.25847485299998901,0.0,0.0
6.3399999999999084,0.25969407199998895,0.0,0.0
6.3499999999999082,0.26091711899998887,0.0,0.0
6.3599999999999079,0.26214399999998877,0.0,0.0
6.3699999999999077,0.26337472099998877,0.0,0.0
6.3799999999999075,0.26460928799998873,0.0,0.0
6.3899999999999073,0.26584770699998866,0.0,0.0
6.3999999999999071,0.26708998399998857,0.0,0.0
6.4099999999999069,0.26833612499998849,0.0,0.0
6.4199999999999067,0.26958613599998843,0.0,0.0
6.4299999999999065,0.27084002299998838,0.0,0.0
6.4399999999999062,0.27209779199998835,0.0,0.0
6.449999999999906,0.27335944899998826,0.0,0.0
6.4599999999999058,0.27462499999998818,0.0,0.0
6.4699999999999056,0.27589445099998811,0.0,0.0
6.4799999999999054,0.27716780799998803,0.0,0.0
6.4899999999999052,0.27844507699998799,0.0,0.0
6.499999999999905,0.27972626399998796,0.0,0.0
6.5099999999999048,0.28101137499998785,0.0,0.0
6.5199999999999045,0.28230041599998779,0.0,0.0
6.5299999999999043,0.28359339299998776,0.0,0.0
6.5399999999999041,0.28489031199998766,0.0,0.0
6.5499999999999039,0.28619117899998758,0.0,0.0
6.5599999999999037,0.28749599999998754,0.0,0.0
6.5699999999999035,0.28880478099998746,0.0,0.0
6.5799999999999033,0.29011752799998741,0.0,0.0
6.589999999999903,0.29143424699998738,0.0,0.0
6.5999999999999028,0.29275494399998725,0.0,0.0
6.6099999999999026,0.29407962499998719,0.0,0.0
6.6199999999999024,0.29540829599998708,0.0,0.0
6.6299999999999022,0.29674096299998709,0.0,0.0
6.639999999999902,0.29807763199998699,0.0,0.0
6.6499999999999018,0.29941830899998695,0.0,0.0
6.6599999999999016,0.30076299999998685,0.0,0.0
6.6699999999999013,0.30211171099998679,0.0,0.0
6.6799999999999011,0.30346444799998673,0.0,0.0
6.6899999999999009,0.30482121699998665,0.0,0.0
6.6999999999999007,0.30618202399998656,0.0,0.0
6.7099999999999005,0.30754687499998651,0.0,0.0
6.7199999999999003,0.30891577599998643,0.0,0.0
6.7299999999999001,0.31028873299998638,0.0,0.0
6.7399999999998998,0.31166575199998625,0.0,0.0
6.7499999999998996,0.3130468389999862,0.0,0.0
6.7599999999998994,0.31443199999998617,0.0,0.0
6.7699999999998992,0.3158212409999861,0.0,0.0
6.779999999999899,0.31721456799998599,0.0,0.0
6.7899999999998988,0.31861198699998594,0.0,0.0
6.7999999999998986,0.3200135039999859,0.0,0.0
6.8099999999998984,0.32141912499998582,0.0,0.0
6.8199999999998981,0.32282885599998573,0.0,0.0
6.8299999999998979,0.32424270299998564,0.0,0.0
6.8399999999998977,0.32566067199998555,0.0,0.0
6.8499999999998975,0.32708276899998551,0.0,0.0
6.8599999999998973,0.32850899999998545,0.0,0.0
6.8699999999998971,0.32993937099998538,0.0,0.0
6.8799999999998969,0.33137388799998535,0.0,0.0
6.8899999999998967,0.33281255699998524,0.0,0.0
6.8999999999998964,0.33425538399998517,0.0,0.0
6.9099999999998962,0.33570237499998512,0.0,0.0
6.919999999999896,0.33715353599998504,0.0,0.0
6.9299999999998958,0.33860887299998493,0.0,0.0
6.9399999999998956,0.34006839199998484,0.0,0.0
6.9499999999998954,0.34153209899998477,0.0,0.0
6.9599999999998952,0.34299999999998471,0.0,0.0
6.9699999999998949,0.34447210099998465,0.0,0.0
6.9799999999998947,0.34594840799998455,0.0,0.0
6.9899999999998945,0.34742892699998451,0.0,0.0
6.9999999999998943,0.34891366399998441,0.0,0.0
7.0099999999998941,0.35040262499998431,0.0,0.0
7.0199999999998939,0.35189581599998426,0.0,0.0
7.0299999999998937,0.35339324299998426,0.0,0.0
7.0399999999998935,0.35489491199998408,0.0,0.0
7.0499999999998932,0.35640082899998399,0.0,0.0
7.059999999999893,0.35791099999998388,0.0,0.0
7.0699999999998928,0.35942543099998386,0.0,0.0
7.0799999999998926,0.36094412799998382,0.0,0.0
7.0899999999998924,0.36246709699998364,0.0,0.0
7.0999999999998922,0.36399434399998359,0.0,0.0
7.109999999999892,0.36552587499998351,0.0,0.0
7.1199999999998917,0.36706169599998345,0.0,0.0
7.1299999999998915,0.36860181299998335,0.0,0.0
7.1399999999998913,0.37014623199998331,0.0,0.0
7.1499999999998911,0.37169495899998317,0.0,0.0
7.1599999999998909,0.37324799999998315,0.0,0.0
7.1699999999998907,0.37480536099998302,0.0,0.0
7.1799999999998905,0.376367047999983,0.0,0.0
7.1899999999998903,0.37793306699998286,0.0,0.0
7.19999999999989,0.37950342399998277,0.0,0.0
7.2099999999998898,0.38107812499998278,0.0,0.0
7.2199999999998896,0.38265717599998261,0.0,0.0
7.2299999999998894,0.38424058299998254,0.0,0.0
7.2399999999998892,0.38582835199998244,0.0,0.0
7.249999999999889,0.38742048899998244,0.0,0.0
7.2599999999998888,0.38901699999998229,0.0,0.0
7.2699999999998886,0.39061789099998229,0.0,0.0
7.2799999999998883,0.39222316799998214,0.0,0.0
7.2899999999998881,0.39383283699998206,0.0,0.0
7.2999999999998879,0.39544690399998195,0.0,0.0
7.3099999999998877,0.39706537499998185,0.0,0.0
7.3199999999998875,0.39868825599998176,0.0,0.0
7.3299999999998873,0.40031555299998173,0.0,0.0
7.3399999999998871,0.40194727199998165,0.0,0.0
7.3499999999998868,0.40358341899998157,0.0,0.0
7.3599999999998866,0.40522399999998143,0.0,0.0
7.3699999999998864,0.40686902099998135,0.0,0.0
7.3799999999998862,0.40851848799998125,0.0,0.0
7.389999999999886,0.41017240699998114,0.0,0.0
7.3999999999998858,0.41183078399998108,0.0,0.0
7.4099999999998856,0.41349362499998099,0.0,0.0
7.4199999999998854,0.41516093599998094,0.0,0.0
7.4299999999998851,0.41683272299998086,0.0,0.0
7.4399999999998849,0.41850899199998076,0.0,0.0
7.4499999999998847,0.42018974899998068,0.0,0.0
7.4599999999998845,0.42187499999998057,0.0,0.0
7.4699999999998843,0.42356475099998042,0.0,0.0
7.4799999999998841,0.4252590079999804,0.0,0.0
7.4899999999998839,0.42695777699998028,0.0,0.0
7.4999999999998836,0.42866106399998016,0.0,0.0
7.5099999999998834,0.43036887499998006,0.0,0.0
7.5199999999998832,0.43208121599998006,0.0,0.0
7.529999999999883,0.43379809299997996,0.0,0.0
7.5399999999998828,0.43551951199997979,0.0,0.0
7.5499999999998826,0.43724547899997979,0.0,0.0
7.5599999999998824,0.43897599999997966,0.0,0.0
7.5699999999998822,0.44071108099997958,0.0,0.0
7.5799999999998819,0.44245072799997948,0.0,0.0
7.5899999999998817,0.4441949469999793,0.0,0.0
7.5999999999998815,0.44594374399997927,0.0,0.0
7.6099999999998813,0.44769712499997916,0.0,0.0
7.6199999999998811,0.44945509599997913,0.0,0.0
7.6299999999998809,0.45121766299997901,0.0,0.0
7.6399999999998807,0.45298483199997891,0.0,0.0
7.6499999999998805,0.45475660899997888,0.0,0.0
7.6599999999998802,0.45653299999997871,0.0,0.0
7.66999999999988,0.45831401099997865,0.0,0.0
7.6799999999998798,0.46009964799997854,0.0,0.0
7.6899999999998796,0.46188991699997844,0.0,0.0
7.6999999999998794,0.46368482399997835,0.0,0.0
7.7099999999998792,0.46548437499997825,0.0,0.0
7.719999999999879,0.46728857599997814,0.0,0.0
7.7299999999998787,0.46909743299997803,0.0,0.0
7.7399999999998785,0.47091095199997796,0.0,0.0
7.7499999999998783,0.47272913899997787,0.0,0.0
7.7599999999998781,0.47455199999997777,0.0,0.0
7.7699999999998779,0.4763795409999777,0.0,0.0
7.7799999999998777,0.47821176799997761,0.0,0.0
7.7899999999998775,0.48004868699997749,0.0,0.0
7.7999999999998773,0.4818903039999774,0.0,0.0
7.809999999999877,0.48373662499997733,0.0,0.0
7.8199999999998768,0.48558765599997727,0.0,0.0
7.8299999999998766,0.48744340299997718,0.0,0.0
7.8399999999998764,0.48930387199997705,0.0,0.0
7.8499999999998762,0.49116906899997692,0.0,0.0
7.859999999999876,0.49303899999997686,0.0,0.0
7.8699999999998758,0.49491367099997674,0.0,0.0
7.8799999999998755,0.49679308799997662,0.0,0.0
7.8899999999998753,0.4986772569999765,0.0,0.0
7.8999999999998751,0.50056618399997643,0.0,0.0
7.9099999999998749,0.50245987499997624,0.0,0.0
7.9199999999998747,0.50435833599997615,0.0,0.0
7.9299999999998745,0.50626157299997609,0.0,0.0
7.9399999999998743,0.50816959199997602,0.0,0.0
7.9499999999998741,0.51008239899997598,0.0,0.0
7.9599999999998738,0.51199999999997581,0.0,0.0
7.9699999999998736,0.51392240099997566,0.0,0.0
7.9799999999998734,0.51584960799997548,0.0,0.0
7.9899999999998732,0.51778162699997543,0.0,0.0
7.999999999999873,0.51971846399997534,0.0,0.0
8.0099999999998737,0.52166012499997527,0.0,0.0
8.0199999999998735,0.52360661599997516,0.0,0.0
8.0299999999998732,0.52555794299997505,0.0,0.0
8.039999999999873,0.52751411199997489,0.0,0.0
8.0499999999998728,0.52947512899997473,0.0,0.0
8.0599999999998726,0.53144099999997474,0.0,0.0
8.0699999999998724,0.53341173099997463,0.0,0.0
8.0799999999998722,0.53538732799997446,0.0,0.0
8.089999999999872,0.5373677969999745,0.0,0.0
8.0999999999998717,0.53935314399997436,0.0,0.0
8.1099999999998715,0.5413433749999742,0.0,0.0
8.1199999999998713,0.54333849599997408,0.0,0.0
8.1299999999998711,0.54533851299997405,0.0,0.0
8.1399999999998709,0.54734343199997393,0.0,0.0
8.1499999999998707,0.54935325899997378,0.0,0.0
8.1599999999998705,0.55136799999997377,0.0,0.0
8.1699999999998703,0.55338766099997361,0.0,0.0
8.17999999999987,0.55541224799997346,0.0,0.0
8.1899999999998698,0.55744176699997328,0.0,0.0
8.1999999999998696,0.55947622399997332,0.0,0.0
8.2099999999998694,0.56151562499997321,0.0,0.0
8.2199999999998692,0.56355997599997298,0.0,0.0
8.229999999999869,0.56560928299997293,0.0,0.0
8.2399999999998688,0.56766355199997287,0.0,0.0
8.2499999999998685,0.56972278899997275,0.0,0.0
8.2599999999998683,0.57178699999997262,0.0,0.0
8.2699999999998681,0.57385619099997254,0.0,0.0
8.2799999999998679,0.57593036799997233,0.0,0.0
8.2899999999998677,0.57800953699997226,0.0,0.0
8.2999999999998675,0.58009370399997218,0.0,0.0
8.3099999999998673,0.58218287499997201,0.0,0.0
8.3199999999998671,0.58427705599997182,0.0,0.0
8.3299999999998668,0.58637625299997187,0.0,0.0
8.3399999999998666,0.58848047199997167,0.0,0.0
8.3499999999998664,0.59058971899997148,0.0,0.0
8.3599999999998662,0.59270399999997148,0.0,0.0
8.369999999999866,0.59482332099997137,0.0,0.0
8.3799999999998658,0.59694768799997122,0.0,0.0
8.3899999999998656,0.59907710699997108,0.0,0.0
8.3999999999998654,0.60121158399997099,0.0,0.0
8.4099999999998651,0.6033511249999709,0.0,0.0
8.4199999999998649,0.60549573599997075,0.0,0.0
8.4299999999998647,0.6076454229999706,0.0,0.0
8.4399999999998645,0.6098001919999706,0.0,0.0
8.4499999999998643,0.61196004899997047,0.0,0.0
8.4599999999998641,0.61412499999997028,0.0,0.0
8.4699999999998639,0.61629505099997017,0.0,0.0
8.4799999999998636,0.6184702079999701,0.0,0.0
8.4899999999998634,0.62065047699997,0.0,0.0
8.4999999999998632,0.62283586399996982,0.0,0.0
8.509999999999863,0.6250263749999696,0.0,0.0
8.5199999999998628,0.62722201599996963,0.0,0.0
8.5299999999998626,0.6294227929999695,0.0,0.0
8.5399999999998624,0.63162871199996939,0.0,0.0
8.5499999999998622,0.63383977899996924,0.0,0.0
8.5599999999998619,0.63605599999996909,0.0,0.0
8.5699999999998617,0.638277380999969,0.0,0.0
8.5799999999998615,0.64050392799996891,0.0,0.0
8.5899999999998613,0.64273564699996866,0.0,0.0
8.5999999999998611,0.64497254399996862,0.0,0.0
8.6099999999998609,0.64721462499996851,0.0,0.0
8.6199999999998607,0.64946189599996829,0.0,0.0
8.6299999999998604,0.65171436299996821,0.0,0.0
8.6399999999998602,0.65397203199996812,0.0,0.0
8.64999999999986,0.65623490899996806,0.0,0.0
8.6599999999998598,0.65850299999996786,0.0,0.0
8.6699999999998596,0.6607763109999677,0.0,0.0
8.6799999999998594,0.66305484799996772,0.0,0.0
8.6899999999998592,0.66533861699996755,0.0,0.0
8.699999999999859,0.66762762399996745,0.0,0.0
8.7099999999998587,0.66992187499996736,0.0,0.0
8.7199999999998585,0.67222137599996723,0.0,0.0
8.7299999999998583,0.67452613299996711,0.0,0.0
8.7399999999998581,0.67683615199996716,0.0,0.0
8.7499999999998579,0.67915143899996688,0.0,0.0
8.7599999999998577,0.68147199999996666,0.0,0.0
8.7699999999998575,0.68379784099996666,0.0,0.0
8.7799999999998573,0.68612896799996648,0.0,0.0
8.789999999999857,0.6884653869999664,0.0,0.0
8.7999999999998568,0.69080710399996637,0.0,0.0
8.8099999999998566,0.69315412499996609,0.0,0.0
8.8199999999998564,0.69550645599996597,0.0,0.0
8.8299999999998562,0.69786410299996593,0.0,0.0
8.839999999999856,0.70022707199996581,0.0,0.0
8.8499999999998558,0.70259536899996555,0.0,0.0
8.8599999999998555,0.70496899999996543,0.0,0.0
8.8699999999998553,0.70734797099996538,0.0,0.0
8.8799999999998551,0.70973228799996524,0.0,0.0
8.8899999999998549,0.71212195699996506,0.0,0.0
8.8999999999998547,0.71451698399996499,0.0,0.0
8.9099999999998545,0.71691737499996466,0.0,0.0
8.9199999999998543,0.71932313599996478,0.0,0.0
8.9299999999998541,0.72173427299996462,0.0,0.0
8.9399999999998538,0.72415079199996435,0.0,0.0
8.9499999999998536,0.72657269899996424,0.0,0.0
8.9599999999998534,0.72899999999996423,0.0,0.0
8.9699999999998532,0.73143270099996405,0.0,0.0
8.979999999999853,0.73387080799996396,0.0,0.0
8.9899999999998528,0.7363143269999638,0.0,0.0
8.9999999999998526,0.73876326399996373,0.0,0.0
9.0099999999998523,0.74121762499996358,0.0,0.0
9.0199999999998521,0.74367741599996329,0.0,0.0
9.0299999999998519,0.74614264299996313,0.0,0.0
9.0399999999998517,0.74861331199996317,0.0,0.0
9.0499999999998515,0.75108942899996289,0.0,0.0
9.0599999999998513,0.7535709999999628,0.0,0.0
9.0699999999998511,0.75605803099996272,0.0,0.0
9.0799999999998509,0.7585505279999627,0.0,0.0
9.0899999999998506,0.76104849699996235,0.0,0.0
9.0999999999998504,0.76355194399996218,0.0,0.0
9.1099999999998502,0.766060874999962,0.0,0.0
9.11999999999985,0.76857529599996199,0.0,0.0
9.1299999999998498,0.77109521299996198,0.0,0.0
9.1399999999998496,0.77362063199996178,0.0,0.0
9.1499999999998494,0.77615155899996158,0.0,0.0
9.1599999999998492,0.77868799999996163,0.0,0.0
9.1699999999998489,0.78122996099996134,0.0,0.0
9.1799999999998487,0.78377744799996119,0.0,0.0
9.1899999999998485,0.78633046699996112,0.0,0.0
9.1999999999998483,0.78888902399996097,0.0,0.0
9.2099999999998481,0.79145312499996079,0.0,0.0
9.2199999999998479,0.79402277599996063,0.0,0.0
9.2299999999998477,0.79659798299996054,0.0,0.0
9.2399999999998474,0.79917875199996025,0.0,0.0
9.2499999999998472,0.80176508899996013,0.0,0.0
9.259999999999847,0.80435699999996013,0.0,0.0
9.2699999999998468,0.80695449099995997,0.0,0.0
9.2799999999998466,0.80955756799995993,0.0,0.0
9.2899999999998464,0.8121662369999596,0.0,0.0
9.2999999999998462,0.8147805039999596,0.0,0.0
9.309999999999846,0.81740037499995932,0.0,0.0
9.3199999999998457,0.82002585599995925,0.0,0.0
9.3299999999998455,0.82265695299995911,0.0,0.0
9.3399999999998453,0.82529367199995896,0.0,0.0
9.3499999999998451,0.82793601899995883,0.0,0.0
9.3599999999998449,0.83058399999995858,0.0,0.0
9.3699999999998447,0.83323762099995846,0.0,0.0
9.3799999999998445,0.83589688799995832,0.0,0.0
9.3899999999998442,0.8385618069999583,0.0,0.0
9.399999999999844,0.84123238399995814,0.0,0.0
9.4099999999998438,0.843908624999958,0.0,0.0
9.4199999999998436,0.84659053599995793,0.0,0.0
9.4299999999998434,0.84927812299995764,0.0,0.0
9.4399999999998432,0.85197139199995742,0.0,0.0
9.449999999999843,0.85467034899995742,0.0,0.0
9.4599999999998428,0.85737499999995714,0.0,0.0
9.4699999999998425,0.86008535099995709,0.0,0.0
9.4799999999998423,0.86280140799995686,0.0,0.0
9.4899999999998421,0.86552317699995684,0.0,0.0
9.4999999999998419,0.86825066399995665,0.0,0.0
9.5099999999998417,0.87098387499995655,0.0,0.0
9.5199999999998415,0.87372281599995627,0.0,0.0
9.5299999999998413,0.87646749299995608,0.0,0.0
9.5399999999998411,0.87921791199995591,0.0,0.0
9.5499999999998408,0.88197407899995595,0.0,0.0
9.5599999999998406,0.88473599999995567,0.0,0.0
9.5699999999998404,0.88750368099995569,0.0,0.0
9.5799999999998402,0.89027712799995551,0.0,0.0
9.58999999999984,0.89305634699995529,0.0,0.0
9.5999999999998398,0.89584134399995519,0.0,0.0
9.6099999999998396,0.89863212499995504,0.0,0.0
9.6199999999998393,0.90142869599995479,0.0,0.0
9.6299999999998391,0.9042310629999547,0.0,0.0
9.6399999999998389,0.90703923199995462,0.0,0.0
9.6499999999998387,0.90985320899995448,0.0,0.0
9.6599999999998385,0.91267299999995444,0.0,0.0
9.6699999999998383,0.91549861099995422,0.0,0.0
9.6799999999998381,0.91833004799995399,0.0,0.0
9.6899999999998379,0.92116731699995391,0.0,0.0
9.6999999999998376,0.9240104239999537,0.0,0.0
9.7099999999998374,0.92685937499995374,0.0,0.0
9.7199999999998372,0.92971417599995343,0.0,0.0
9.729999999999837,0.93257483299995314,0.0,0.0
9.7399999999998368,0.93544135199995304,0.0,0.0
9.7499999999998366,0.93831373899995296,0.0,0.0
9.7599999999998364,0.94119199999995273,0.0,0.0
9.7699999999998361,0.94407614099995263,0.0,0.0
9.7799999999998359,0.94696616799995248,0.0,0.0
9.7899999999998357,0.94986208699995245,0.0,0.0
9.7999999999998355,0.95276390399995226,0.0,0.0
9.8099999999998353,0.95567162499995206,0.0,0.0
9.8199999999998351,0.95858525599995181,0.0,0.0
9.8299999999998349,0.96150480299995178,0.0,0.0
9.8399999999998347,0.96443027199995157,0.0,0.0
9.8499999999998344,0.96736166899995146,0.0,0.0
9.8599999999998342,0.97029899999995128,0.0,0.0
9.869999999999834,0.97324227099995109,0.0,0.0
9.8799999999998338,0.97619148799995092,0.0,0.0
