0.0,4.8000000000387126e-06,0.0,0.0
0.010000000000000002,7.5000000000361431e-06,0.0,0.0
0.020000000000000004,1.0800000000033607e-05,0.0,0.0
0.030000000000000006,1.4700000000031105e-05,0.0,0.0
0.040000000000000001,1.9200000000028625e-05,0.0,0.0
0.049999999999999996,2.4300000000026178e-05,0.0,0.0
0.059999999999999991,3.0000000000023765e-05,0.0,0.0
0.069999999999999979,3.6300000000021381e-05,0.0,0.0
0.079999999999999988,4.3200000000019027e-05,0.0,0.0
0.089999999999999969,5.0700000000016696e-05,0.0,0.0
0.099999999999999978,5.8800000000014413e-05,0.0,0.0
0.10999999999999999,6.7500000000012157e-05,0.0,0.0
0.12,7.6800000000009931e-05,0.0,0.0
0.13,8.6700000000007759e-05,0.0,0.0
0.14000000000000001,9.7200000000005588e-05,0.0,0.0
0.15000000000000002,0.00010830000000000346,0.0,0.0
0.16000000000000003,0.00012000000000000136,0.0,0.0
0.17000000000000004,0.00013229999999999929,0.0,0.0
0.18000000000000005,0.00014519999999999724,0.0,0.0
0.19000000000000006,0.00015869999999999524,0.0,0.0
0.20000000000000007,0.00017279999999999325,0.0,0.0
0.21000000000000005,0.00018749999999999128,0.0,0.0
0.22000000000000006,0.00020279999999998934,0.0,0.0
0.23000000000000007,0.00021869999999998745,0.0,0.0
0.24000000000000007,0.00023519999999998558,0.0,0.0
0.25000000000000011,0.00025229999999998374,0.0,0.0
0.26000000000000012,0.00026999999999998195,0.0,0.0
0.27000000000000013,0.00028829999999998023,0.0,0.0
0.28000000000000014,0.00030719999999997841,0.0,0.0
0.29000000000000015,0.00032669999999997672,0.0,0.0
0.30000000000000016,0.00034679999999997504,0.0,0.0
0.31000000000000016,0.00036749999999997337,0.0,0.0
0.32000000000000017,0.00038879999999997172,0.0,0.0
0.33000000000000018,0.00041069999999997008,0.0,0.0
0.34000000000000019,0.00043319999999996852,0.0,0.0
0.3500000000000002,0.00045629999999996686,0.0,0.0
0.36000000000000021,0.00047999999999996537,0.0,0.0
0.37000000000000022,0.00050429999999996385,0.0,0.0
0.38000000000000023,0.00052919999999996245,0.0,0.0
0.39000000000000024,0.00055469999999996095,0.0,0.0
0.40000000000000024,0.00058079999999995958,0.0,0.0
0.41000000000000025,0.00060749999999995823,0.0,0.0
0.42000000000000026,0.00063479999999995677,0.0,0.0
0.43000000000000027,0.00066269999999995545,0.0,0.0
0.44000000000000028,0.00069119999999995413,0.0,0.0
0.45000000000000029,0.00072029999999995284,0.0,0.0
0.46000000000000024,0.00074999999999995155,0.0,0.0
0.47000000000000025,0.00078029999999995017,0.0,0.0
0.48000000000000026,0.00081119999999994892,0.0,0.0
0.49000000000000027,0.00084269999999994768,0.0,0.0
0.50000000000000022,0.00087479999999994645,0.0,0.0
0.51000000000000023,0.00090749999999994535,0.0,0.0
0.52000000000000024,0.00094079999999994426,0.0,0.0
0.53000000000000025,0.00097469999999994319,0.0,0.0
0.54000000000000026,0.0010091999999999421,0.0,0.0
0.55000000000000027,0.0010442999999999412,0.0,0.0
0.56000000000000028,0.0010799999999999402,0.0,0.0
0.57000000000000028,0.001116299999999939,0.0,0.0
0.58000000000000029,0.001153199999999938,0.0,0.0
0.5900000000000003,0.0011906999999999372,0.0,0.0
0.60000000000000031,0.0012287999999999362,0.0,0.0
0.61000000000000032,0.0012674999999999351,0.0,0.0
0.62000000000000033,0.0013067999999999344,0.0,0.0
0.63000000000000034,0.0013466999999999336,0.0,0.0
0.64000000000000035,0.0013871999999999329,0.0,0.0
0.65000000000000036,0.0014282999999999319,0.0,0.0
0.66000000000000036,0.001469999999999931,0.0,0.0
0.67000000000000037,0.0015122999999999302,0.0,0.0
0.68000000000000038,0.0015551999999999296,0.0,0.0
0.69000000000000039,0.0015986999999999289,0.0,0.0
0.7000000000000004,0.0016427999999999283,0.0,0.0
0.71000000000000041,0.0016874999999999273,0.0,0.0
0.72000000000000042,0.001732799999999927,0.0,0.0
0.73000000000000043,0.0017786999999999261,0.0,0.0
0.74000000000000044,0.0018251999999999255,0.0,0.0
0.75000000000000044,0.0018722999999999251,0.0,0.0
0.76000000000000045,0.0019199999999999244,0.0,0.0
0.77000000000000046,0.0019682999999999238,0.0,0.0
0.78000000000000047,0.002017199999999923,0.0,0.0
0.79000000000000048,0.0020666999999999227,0.0,0.0
0.80000000000000049,0.0021167999999999222,0.0,0.0
0.8100000000000005,0.0021674999999999217,0.0,0.0
0.82000000000000051,0.002218799999999921,0.0,0.0
0.83000000000000052,0.0022706999999999207,0.0,0.0
0.84000000000000052,0.0023231999999999203,0.0,0.0
0.85000000000000053,0.0023762999999999202,0.0,0.0
0.86000000000000054,0.0024299999999999196,0.0,0.0
0.87000000000000055,0.002484299999999919,0.0,0.0
0.88000000000000056,0.002539199999999919,0.0,0.0
0.89000000000000057,0.0025946999999999186,0.0,0.0
0.90000000000000058,0.0026507999999999181,0.0,0.0
0.91000000000000059,0.0027074999999999179,0.0,0.0
0.9200000000000006,0.0027647999999999176,0.0,0.0
0.9300000000000006,0.0028226999999999172,0.0,0.0
0.94000000000000061,0.0028811999999999176,0.0,0.0
0.95000000000000062,0.002940299999999917,0.0,0.0
0.96000000000000063,0.0029999999999999164,0.0,0.0
0.97000000000000064,0.0030602999999999169,0.0,0.0
0.98000000000000065,0.0031211999999999165,0.0,0.0
0.99000000000000066,0.003182699999999916,0.0,0.0
1.0000000000000007,0.0032447999999999158,0.0,0.0
1.0100000000000007,0.003307499999999916,0.0,0.0
1.0200000000000007,0.0033707999999999156,0.0,0.0
1.0300000000000007,0.003434699999999916,0.0,0.0
1.0400000000000007,0.0034991999999999159,0.0,0.0
1.0500000000000007,0.0035642999999999161,0.0,0.0
1.0600000000000007,0.0036299999999999158,0.0,0.0
1.0700000000000007,0.0036962999999999159,0.0,0.0
1.0800000000000007,0.0037631999999999158,0.0,0.0
1.0900000000000007,0.0038306999999999152,0.0,0.0
1.1000000000000008,0.0038987999999999159,0.0,0.0
1.1100000000000008,0.0039674999999999155,0.0,0.0
1.1200000000000008,0.004036799999999916,0.0,0.0
1.1300000000000008,0.0041066999999999163,0.0,0.0
1.1400000000000008,0.0041771999999999157,0.0,0.0
1.1500000000000008,0.0042482999999999167,0.0,0.0
1.1600000000000008,0.0043199999999999168,0.0,0.0
1.1700000000000008,0.0043922999999999176,0.0,0.0
1.1800000000000008,0.0044651999999999158,0.0,0.0
1.1900000000000008,0.0045386999999999173,0.0,0.0
1.2000000000000008,0.004612799999999917,0.0,0.0
1.2100000000000009,0.0046874999999999174,0.0,0.0
1.2200000000000009,0.0047627999999999178,0.0,0.0
1.2300000000000009,0.0048386999999999181,0.0,0.0
1.2400000000000009,0.0049151999999999182,0.0,0.0
1.2500000000000009,0.0049922999999999183,0.0,0.0
1.2600000000000009,0.0050699999999999192,0.0,0.0
1.2700000000000009,0.00514829999999992,0.0,0.0
1.2800000000000009,0.0052271999999999198,0.0,0.0
1.2900000000000009,0.0053066999999999195,0.0,0.0
1.3000000000000009,0.0053867999999999191,0.0,0.0
1.3100000000000009,0.0054674999999999212,0.0,0.0
1.320000000000001,0.0055487999999999206,0.0,0.0
1.330000000000001,0.0056306999999999208,0.0,0.0
1.340000000000001,0.0057131999999999209,0.0,0.0
1.350000000000001,0.0057962999999999218,0.0,0.0
1.360000000000001,0.0058799999999999217,0.0,0.0
1.370000000000001,0.0059642999999999224,0.0,0.0
1.380000000000001,0.006049199999999923,0.0,0.0
1.390000000000001,0.0061346999999999227,0.0,0.0
1.400000000000001,0.0062207999999999248,0.0,0.0
1.410000000000001,0.0063074999999999243,0.0,0.0
1.420000000000001,0.0063947999999999245,0.0,0.0
1.430000000000001,0.0064826999999999255,0.0,0.0
1.4400000000000011,0.0065711999999999255,0.0,0.0
1.4500000000000011,0.0066602999999999272,0.0,0.0
1.4600000000000011,0.0067499999999999271,0.0,0.0
1.4700000000000011,0.0068402999999999277,0.0,0.0
1.4800000000000011,0.0069311999999999273,0.0,0.0
1.4900000000000011,0.0070226999999999278,0.0,0.0
1.5000000000000011,0.007114799999999929,0.0,0.0
1.5100000000000011,0.0072074999999999292,0.0,0.0
1.5200000000000011,0.0073007999999999294,0.0,0.0
1.5300000000000011,0.0073946999999999303,0.0,0.0
1.5400000000000011,0.007489199999999932,0.0,0.0
1.5500000000000012,0.007584299999999931,0.0,0.0
1.5600000000000012,0.0076799999999999317,0.0,0.0
1.5700000000000012,0.007776299999999934,0.0,0.0
1.5800000000000012,0.0078731999999999344,0.0,0.0
1.5900000000000012,0.0079706999999999348,0.0,0.0
1.6000000000000012,0.0080687999999999368,0.0,0.0
1.6100000000000012,0.0081674999999999352,0.0,0.0
1.6200000000000012,0.008266799999999937,0.0,0.0
1.6300000000000012,0.008366699999999937,0.0,0.0
1.6400000000000012,0.0084671999999999369,0.0,0.0
1.6500000000000012,0.0085682999999999385,0.0,0.0
1.6600000000000013,0.0086699999999999399,0.0,0.0
1.6700000000000013,0.0087722999999999395,0.0,0.0
1.6800000000000013,0.0088751999999999408,0.0,0.0
1.6900000000000013,0.0089786999999999419,0.0,0.0
1.7000000000000013,0.0090827999999999413,0.0,0.0
1.7100000000000013,0.009187499999999944,0.0,0.0
1.7200000000000013,0.0092927999999999449,0.0,0.0
1.7300000000000013,0.0093986999999999456,0.0,0.0
1.7400000000000013,0.0095051999999999446,0.0,0.0
1.7500000000000013,0.0096122999999999469,0.0,0.0
1.7600000000000013,0.0097199999999999474,0.0,0.0
1.7700000000000014,0.0098282999999999478,0.0,0.0
1.7800000000000014,0.0099371999999999499,0.0,0.0
1.7900000000000014,0.01004669999999995,0.0,0.0
1.8000000000000014,0.010156799999999952,0.0,0.0
1.8100000000000014,0.01026749999999995,0.0,0.0
1.8200000000000014,0.010378799999999954,0.0,0.0
1.8300000000000014,0.010490699999999954,0.0,0.0
1.8400000000000014,0.010603199999999955,0.0,0.0
1.8500000000000014,0.010716299999999955,0.0,0.0
1.8600000000000014,0.010829999999999956,0.0,0.0
1.8700000000000014,0.010944299999999955,0.0,0.0
1.8800000000000014,0.011059199999999958,0.0,0.0
1.8900000000000015,0.011174699999999958,0.0,0.0
1.9000000000000015,0.011290799999999959,0.0,0.0
1.9100000000000015,0.011407499999999959,0.0,0.0
1.9200000000000015,0.011524799999999962,0.0,0.0
1.9300000000000015,0.011642699999999961,0.0,0.0
1.9400000000000015,0.011761199999999963,0.0,0.0
1.9500000000000015,0.011880299999999965,0.0,0.0
1.9600000000000013,0.011999999999999962,0.0,0.0
1.9700000000000011,0.012120299999999959,0.0,0.0
1.9800000000000009,0.012241199999999957,0.0,0.0
1.9900000000000007,0.012362699999999957,0.0,0.0
2.0000000000000004,0.012484799999999956,0.0,0.0
2.0100000000000002,0.012607499999999952,0.0,0.0
2.02,0.012730799999999952,0.0,0.0
2.0299999999999998,0.012854699999999948,0.0,0.0
2.0399999999999996,0.012979199999999949,0.0,0.0
2.0499999999999994,0.013104299999999947,0.0,0.0
2.0599999999999992,0.013229999999999945,0.0,0.0
2.069999999999999,0.013356299999999943,0.0,0.0
2.0799999999999987,0.013483199999999942,0.0,0.0
2.0899999999999985,0.013610699999999937,0.0,0.0
2.0999999999999983,0.013738799999999936,0.0,0.0
2.1099999999999981,0.013867499999999935,0.0,0.0
2.1199999999999979,0.013996799999999931,0.0,0.0
2.1299999999999977,0.014126699999999931,0.0,0.0
2.1399999999999975,0.01425719999999993,0.0,0.0
2.1499999999999972,0.014388299999999927,0.0,0.0
2.159999999999997,0.014519999999999924,0.0,0.0
2.1699999999999968,0.01465229999999992,0.0,0.0
2.1799999999999966,0.01478519999999992,0.0,0.0
2.1899999999999964,0.014918699999999917,0.0,0.0
2.1999999999999962,0.015052799999999917,0.0,0.0
2.209999999999996,0.015187499999999913,0.0,0.0
2.2199999999999958,0.015322799999999911,0.0,0.0
2.2299999999999955,0.015458699999999907,0.0,0.0
2.2399999999999953,0.015595199999999905,0.0,0.0
2.2499999999999951,0.015732299999999904,0.0,0.0
2.2599999999999949,0.015869999999999902,0.0,0.0
2.2699999999999947,0.016008299999999899,0.0,0.0
2.2799999999999945,0.016147199999999896,0.0,0.0
2.2899999999999943,0.016286699999999894,0.0,0.0
2.299999999999994,0.016426799999999891,0.0,0.0
2.3099999999999938,0.016567499999999891,0.0,0.0
2.3199999999999936,0.016708799999999888,0.0,0.0
2.3299999999999934,0.016850699999999885,0.0,0.0
2.3399999999999932,0.016993199999999882,0.0,0.0
2.349999999999993,0.017136299999999879,0.0,0.0
2.3599999999999928,0.017279999999999875,0.0,0.0
2.3699999999999926,0.017424299999999872,0.0,0.0
2.3799999999999923,0.017569199999999872,0.0,0.0
2.3899999999999921,0.017714699999999868,0.0,0.0
2.3999999999999919,0.017860799999999864,0.0,0.0
2.4099999999999917,0.018007499999999864,0.0,0.0
2.4199999999999915,0.01815479999999986,0.0,0.0
2.4299999999999913,0.018302699999999859,0.0,0.0
2.4399999999999911,0.018451199999999855,0.0,0.0
2.4499999999999909,0.018600299999999851,0.0,0.0
2.4599999999999906,0.01874999999999985,0.0,0.0
2.4699999999999904,0.018900299999999846,0.0,0.0
2.4799999999999902,0.019051199999999845,0.0,0.0
2.48999999999999,0.019202699999999844,0.0,0.0
2.4999999999999898,0.019354799999999839,0.0,0.0
2.5099999999999896,0.019507499999999834,0.0,0.0
2.5199999999999894,0.019660799999999829,0.0,0.0
2.5299999999999891,0.019814699999999828,0.0,0.0
2.5399999999999889,0.019969199999999826,0.0,0.0
2.5499999999999887,0.020124299999999824,0.0,0.0
2.5599999999999885,0.020279999999999819,0.0,0.0
2.5699999999999883,0.020436299999999817,0.0,0.0
2.5799999999999881,0.020593199999999815,0.0,0.0
2.5899999999999879,0.020750699999999813,0.0,0.0
2.5999999999999877,0.020908799999999807,0.0,0.0
2.6099999999999874,0.021067499999999802,0.0,0.0
2.6199999999999872,0.021226799999999796,0.0,0.0
2.629999999999987,0.021386699999999797,0.0,0.0
2.6399999999999868,0.021547199999999791,0.0,0.0
2.6499999999999866,0.021708299999999788,0.0,0.0
2.6599999999999864,0.021869999999999785,0.0,0.0
2.6699999999999862,0.022032299999999783,0.0,0.0
2.6799999999999859,0.022195199999999776,0.0,0.0
2.6899999999999857,0.022358699999999777,0.0,0.0
2.6999999999999855,0.02252279999999977,0.0,0.0
2.7099999999999853,0.022687499999999767,0.0,0.0
2.7199999999999851,0.022852799999999764,0.0,0.0
2.7299999999999849,0.02301869999999976,0.0,0.0
2.7399999999999847,0.023185199999999757,0.0,0.0
2.7499999999999845,0.023352299999999753,0.0,0.0
2.7599999999999842,0.023519999999999749,0.0,0.0
2.769999999999984,0.023688299999999746,0.0,0.0
2.7799999999999838,0.023857199999999742,0.0,0.0
2.7899999999999836,0.024026699999999738,0.0,0.0
2.7999999999999834,0.024196799999999737,0.0,0.0
2.8099999999999832,0.024367499999999733,0.0,0.0
2.819999999999983,0.024538799999999725,0.0,0.0
2.8299999999999828,0.024710699999999721,0.0,0.0
2.8399999999999825,0.024883199999999724,0.0,0.0
2.8499999999999823,0.025056299999999719,0.0,0.0
2.8599999999999821,0.025229999999999711,0.0,0.0
2.8699999999999819,0.02540429999999971,0.0,0.0
2.8799999999999817,0.025579199999999708,0.0,0.0
2.8899999999999815,0.025754699999999697,0.0,0.0
2.8999999999999813,0.025930799999999695,0.0,0.0
2.909999999999981,0.02610749999999969,0.0,0.0
2.9199999999999808,0.026284799999999692,0.0,0.0
2.9299999999999806,0.026462699999999686,0.0,0.0
2.9399999999999804,0.026641199999999681,0.0,0.0
2.9499999999999802,0.026820299999999676,0.0,0.0
2.95999999999998,0.02699999999999967,0.0,0.0
2.9699999999999798,0.027180299999999668,0.0,0.0
2.9799999999999796,0.027361199999999662,0.0,0.0
2.9899999999999793,0.02754269999999966,0.0,0.0
2.9999999999999791,0.027724799999999654,0.0,0.0
3.0099999999999789,0.027907499999999651,0.0,0.0
3.0199999999999787,0.028090799999999649,0.0,0.0
3.0299999999999785,0.028274699999999642,0.0,0.0
3.0399999999999783,0.028459199999999636,0.0,0.0
3.0499999999999781,0.028644299999999633,0.0,0.0
3.0599999999999778,0.02882999999999963,0.0,0.0
3.0699999999999776,0.029016299999999624,0.0,0.0
3.0799999999999774,0.02920319999999962,0.0,0.0
3.0899999999999772,0.029390699999999617,0.0,0.0
3.099999999999977,0.02957879999999961,0.0,0.0
3.1099999999999768,0.029767499999999607,0.0,0.0
3.1199999999999766,0.029956799999999603,0.0,0.0
3.1299999999999764,0.030146699999999593,0.0,0.0
3.1399999999999761,0.030337199999999592,0.0,0.0
3.1499999999999759,0.030528299999999585,0.0,0.0
3.1599999999999757,0.030719999999999581,0.0,0.0
3.1699999999999755,0.030912299999999577,0.0,0.0
3.1799999999999753,0.031105199999999573,0.0,0.0
3.1899999999999751,0.031298699999999569,0.0,0.0
3.1999999999999749,0.031492799999999557,0.0,0.0
3.2099999999999747,0.031687499999999556,0.0,0.0
3.2199999999999744,0.031882799999999552,0.0,0.0
3.2299999999999742,0.032078699999999551,0.0,0.0
3.239999999999974,0.032275199999999539,0.0,0.0
3.2499999999999738,0.032472299999999538,0.0,0.0
3.2599999999999736,0.032669999999999533,0.0,0.0
3.2699999999999734,0.032868299999999524,0.0,0.0
3.2799999999999732,0.033067199999999519,0.0,0.0
3.2899999999999729,0.033266699999999517,0.0,0.0
3.2999999999999727,0.033466799999999512,0.0,0.0
3.3099999999999725,0.03366749999999951,0.0,0.0
3.3199999999999723,0.033868799999999505,0.0,0.0
3.3299999999999721,0.034070699999999496,0.0,0.0
3.3399999999999719,0.03427319999999949,0.0,0.0
3.3499999999999717,0.034476299999999488,0.0,0.0
3.3599999999999715,0.034679999999999482,0.0,0.0
3.3699999999999712,0.03488429999999948,0.0,0.0
3.379999999999971,0.035089199999999474,0.0,0.0
3.3899999999999708,0.035294699999999464,0.0,0.0
3.3999999999999706,0.035500799999999458,0.0,0.0
3.4099999999999704,0.035707499999999455,0.0,0.0
3.4199999999999702,0.035914799999999449,0.0,0.0
3.42999999999997,0.036122699999999446,0.0,0.0
3.4399999999999697,0.036331199999999439,0.0,0.0
3.4499999999999695,0.036540299999999429,0.0,0.0
3.4599999999999693,0.036749999999999429,0.0,0.0
3.4699999999999691,0.036960299999999419,0.0,0.0
3.4799999999999689,0.037171199999999419,0.0,0.0
3.4899999999999687,0.037382699999999408,0.0,0.0
3.4999999999999685,0.037594799999999408,0.0,0.0
3.5099999999999683,0.037807499999999397,0.0,0.0
3.519999999999968,0.03802079999999939,0.0,0.0
3.5299999999999678,0.038234699999999386,0.0,0.0
3.5399999999999676,0.038449199999999378,0.0,0.0
3.5499999999999674,0.038664299999999367,0.0,0.0
3.5599999999999672,0.03887999999999936,0.0,0.0
3.569999999999967,0.039096299999999355,0.0,0.0
3.5799999999999668,0.039313199999999354,0.0,0.0
3.5899999999999666,0.039530699999999343,0.0,0.0
3.5999999999999663,0.039748799999999342,0.0,0.0
3.6099999999999661,0.03996749999999933,0.0,0.0
3.6199999999999659,0.040186799999999329,0.0,0.0
3.6299999999999657,0.040406699999999317,0.0,0.0
3.6399999999999655,0.040627199999999315,0.0,0.0
3.6499999999999653,0.04084829999999931,0.0,0.0
3.6599999999999651,0.041069999999999308,0.0,0.0
3.6699999999999648,0.041292299999999296,0.0,0.0
3.6799999999999646,0.041515199999999294,0.0,0.0
3.6899999999999644,0.041738699999999282,0.0,0.0
3.6999999999999642,0.041962799999999273,0.0,0.0
3.709999999999964,0.042187499999999267,0.0,0.0
3.7199999999999638,0.042412799999999272,0.0,0.0
3.7299999999999636,0.042638699999999259,0.0,0.0
3.7399999999999634,0.04286519999999925,0.0,0.0
3.7499999999999631,0.043092299999999244,0.0,0.0
3.7599999999999629,0.043319999999999241,0.0,0.0
3.7699999999999627,0.043548299999999235,0.0,0.0
3.7799999999999625,0.043777199999999232,0.0,0.0
3.7899999999999623,0.044006699999999219,0.0,0.0
3.7999999999999621,0.044236799999999216,0.0,0.0
3.8099999999999619,0.044467499999999209,0.0,0.0
3.8199999999999616,0.044698799999999199,0.0,0.0
3.8299999999999614,0.044930699999999192,0.0,0.0
3.8399999999999612,0.045163199999999182,0.0,0.0
3.849999999999961,0.045396299999999175,0.0,0.0
3.8599999999999608,0.045629999999999178,0.0,0.0
3.8699999999999606,0.045864299999999171,0.0,0.0
3.8799999999999604,0.04609919999999916,0.0,0.0
3.8899999999999602,0.046334699999999153,0.0,0.0
3.8999999999999599,0.046570799999999142,0.0,0.0
3.9099999999999597,0.046807499999999135,0.0,0.0
3.9199999999999595,0.047044799999999123,0.0,0.0
3.9299999999999593,0.047282699999999116,0.0,0.0
3.9399999999999591,0.047521199999999118,0.0,0.0
3.9499999999999589,0.047760299999999103,0.0,0.0
3.9599999999999587,0.047999999999999106,0.0,0.0
3.9699999999999589,0.048240299999999112,0.0,0.0
3.9799999999999587,0.0484811999999991,0.0,0.0
3.9899999999999585,0.048722699999999085,0.0,0.0
3.9999999999999583,0.048964799999999087,0.0,0.0
4.009999999999958,0.049207499999999078,0.0,0.0
4.0199999999999578,0.049450799999999066,0.0,0.0
4.0299999999999576,0.049694699999999065,0.0,0.0
4.0399999999999574,0.049939199999999052,0.0,0.0
4.0499999999999572,0.050184299999999044,0.0,0.0
4.059999999999957,0.050429999999999038,0.0,0.0
4.0699999999999568,0.050676299999999036,0.0,0.0
4.0799999999999566,0.050923199999999023,0.0,0.0
4.0899999999999563,0.051170699999999007,0.0,0.0
4.0999999999999561,0.051418799999998994,0.0,0.0
4.1099999999999559,0.051667499999998999,0.0,0.0
4.1199999999999557,0.051916799999998993,0.0,0.0
4.1299999999999555,0.052166699999998983,0.0,0.0
4.1399999999999553,0.05241719999999897,0.0,0.0
4.1499999999999551,0.052668299999998967,0.0,0.0
4.1599999999999548,0.052919999999998954,0.0,0.0
4.1699999999999546,0.053172299999998944,0.0,0.0
4.1799999999999544,0.053425199999998937,0.0,0.0
4.1899999999999542,0.053678699999998934,0.0,0.0
4.199999999999954,0.053932799999998927,0.0,0.0
4.2099999999999538,0.05418749999999891,0.0,0.0
4.2199999999999536,0.054442799999998903,0.0,0.0
4.2299999999999534,0.0546986999999989,0.0,0.0
4.2399999999999531,0.054955199999998892,0.0,0.0
4.2499999999999529,0.055212299999998882,0.0,0.0
4.2599999999999527,0.055469999999998874,0.0,0.0
4.2699999999999525,0.055728299999998863,0.0,0.0
4.2799999999999523,0.055987199999998863,0.0,0.0
4.2899999999999521,0.056246699999998852,0.0,0.0
4.2999999999999519,0.056506799999998837,0.0,0.0
4.3099999999999516,0.056767499999998833,0.0,0.0
4.3199999999999514,0.057028799999998832,0.0,0.0
4.3299999999999512,0.05729069999999882,0.0,0.0
4.339999999999951,0.057553199999998805,0.0,0.0
4.3499999999999508,0.057816299999998801,0.0,0.0
4.3599999999999506,0.058079999999998792,0.0,0.0
4.3699999999999504,0.058344299999998787,0.0,0.0
4.3799999999999502,0.058609199999998779,0.0,0.0
4.3899999999999499,0.058874699999998767,0.0,0.0
4.3999999999999497,0.059140799999998758,0.0,0.0
4.4099999999999495,0.059407499999998746,0.0,0.0
4.4199999999999493,0.059674799999998744,0.0,0.0
4.4299999999999491,0.059942699999998732,0.0,0.0
4.4399999999999489,0.060211199999998723,0.0,0.0
4.4499999999999487,0.06048029999999871,0.0,0.0
4.4599999999999485,0.060749999999998701,0.0,0.0
4.4699999999999482,0.061020299999998695,0.0,0.0
4.479999999999948,0.061291199999998693,0.0,0.0
4.4899999999999478,0.06156269999999868,0.0,0.0
4.4999999999999476,0.06183479999999867,0.0,0.0
4.5099999999999474,0.062107499999998664,0.0,0.0
4.5199999999999472,0.062380799999998647,0.0,0.0
4.529999999999947,0.062654699999998648,0.0,0.0
4.5399999999999467,0.062929199999998631,0.0,0.0
4.5499999999999465,0.063204299999998631,0.0,0.0
4.5599999999999463,0.063479999999998621,0.0,0.0
4.5699999999999461,0.0637562999999986,0.0,0.0
4.5799999999999459,0.064033199999998597,0.0,0.0
4.5899999999999457,0.064310699999998583,0.0,0.0
4.5999999999999455,0.064588799999998586,0.0,0.0
4.6099999999999453,0.064867499999998565,0.0,0.0
4.619999999999945,0.065146799999998561,0.0,0.0
4.6299999999999448,0.065426699999998547,0.0,0.0
4.6399999999999446,0.065707199999998536,0.0,0.0
4.6499999999999444,0.065988299999998543,0.0,0.0
4.6599999999999442,0.066269999999998511,0.0,0.0
4.669999999999944,0.06655229999999851,0.0,0.0
4.6799999999999438,0.066835199999998499,0.0,0.0
4.6899999999999435,0.067118699999998491,0.0,0.0
4.6999999999999433,0.067402799999998486,0.0,0.0
4.7099999999999431,0.067687499999998471,0.0,0.0
4.7199999999999429,0.067972799999998459,0.0,0.0
4.7299999999999427,0.068258699999998451,0.0,0.0
4.7399999999999425,0.068545199999998446,0.0,0.0
4.7499999999999423,0.068832299999998431,0.0,0.0
4.7599999999999421,0.069119999999998419,0.0,0.0
4.7699999999999418,0.06940829999999841,0.0,0.0
4.7799999999999416,0.069697199999998405,0.0,0.0
4.7899999999999414,0.069986699999998389,0.0,0.0
4.7999999999999412,0.070276799999998391,0.0,0.0
4.809999999999941,0.070567499999998382,0.0,0.0
4.8199999999999408,0.070858799999998376,0.0,0.0
4.8299999999999406,0.07115069999999836,0.0,0.0
4.8399999999999403,0.071443199999998347,0.0,0.0
4.8499999999999401,0.071736299999998338,0.0,0.0
4.8599999999999399,0.072029999999998331,0.0,0.0
4.8699999999999397,0.072324299999998315,0.0,0.0
4.8799999999999395,0.072619199999998302,0.0,0.0
4.8899999999999393,0.072914699999998292,0.0,0.0
4.8999999999999391,0.073210799999998286,0.0,0.0
4.9099999999999389,0.073507499999998283,0.0,0.0
4.9199999999999386,0.073804799999998269,0.0,0.0
4.9299999999999384,0.074102699999998259,0.0,0.0
4.9399999999999382,0.074401199999998252,0.0,0.0
4.949999999999938,0.074700299999998235,0.0,0.0
4.9599999999999378,0.074999999999998221,0.0,0.0
4.9699999999999376,0.075300299999998196,0.0,0.0
4.9799999999999374,0.075601199999998189,0.0,0.0
4.9899999999999372,0.075902699999998172,0.0,0.0
4.9999999999999369,0.076204799999998171,0.0,0.0
5.0099999999999367,0.076507499999998174,0.0,0.0
5.0199999999999365,0.076810799999998167,0.0,0.0
5.0299999999999363,0.077114699999998149,0.0,0.0
5.0399999999999361,0.077419199999998148,0.0,0.0
5.0499999999999359,0.077724299999998137,0.0,0.0
5.0599999999999357,0.078029999999998129,0.0,0.0
5.0699999999999354,0.07833629999999811,0.0,0.0
5.0799999999999352,0.078643199999998081,0.0,0.0
5.089999999999935,0.078950699999998084,0.0,0.0
5.0999999999999348,0.079258799999998075,0.0,0.0
5.1099999999999346,0.079567499999998056,0.0,0.0
5.1199999999999344,0.079876799999998055,0.0,0.0
5.1299999999999342,0.080186699999998029,0.0,0.0
5.139999999999934,0.080497199999998034,0.0,0.0
5.1499999999999337,0.080808299999998015,0.0,0.0
5.1599999999999335,0.081119999999998013,0.0,0.0
5.1699999999999333,0.081432299999998001,0.0,0.0
5.1799999999999331,0.081745199999997992,0.0,0.0
5.1899999999999329,0.082058699999997986,0.0,0.0
5.1999999999999327,0.08237279999999797,0.0,0.0
5.2099999999999325,0.082687499999997943,0.0,0.0
5.2199999999999322,0.083002799999997934,0.0,0.0
5.229999999999932,0.083318699999997928,0.0,0.0
5.2399999999999318,0.083635199999997925,0.0,0.0
5.2499999999999316,0.083952299999997912,0.0,0.0
5.2599999999999314,0.084269999999997902,0.0,0.0
5.2699999999999312,0.084588299999997868,0.0,0.0
5.279999999999931,0.084907199999997865,0.0,0.0
5.2899999999999308,0.085226699999997851,0.0,0.0
5.2999999999999305,0.085546799999997841,0.0,0.0
5.3099999999999303,0.085867499999997834,0.0,0.0
5.3199999999999301,0.086188799999997831,0.0,0.0
5.3299999999999299,0.086510699999997817,0.0,0.0
5.3399999999999297,0.086833199999997793,0.0,0.0
5.3499999999999295,0.087156299999997786,0.0,0.0
5.3599999999999293,0.087479999999997768,0.0,0.0
5.3699999999999291,0.087804299999997767,0.0,0.0
5.3799999999999288,0.088129199999997743,0.0,0.0
5.3899999999999286,0.088454699999997735,0.0,0.0
5.3999999999999284,0.088780799999997717,0.0,0.0
5.4099999999999282,0.089107499999997702,0.0,0.0
5.419999999999928,0.089434799999997705,0.0,0.0
5.4299999999999278,0.089762699999997697,0.0,0.0
5.4399999999999276,0.090091199999997679,0.0,0.0
5.4499999999999273,0.090420299999997664,0.0,0.0
5.4599999999999271,0.090749999999997652,0.0,0.0
5.4699999999999269,0.091080299999997644,0.0,0.0
5.4799999999999267,0.091411199999997625,0.0,0.0
5.4899999999999265,0.091742699999997623,0.0,0.0
5.4999999999999263,0.092074799999997597,0.0,0.0
5.5099999999999261,0.092407499999997589,0.0,0.0
5.5199999999999259,0.09274079999999757,0.0,0.0
5.5299999999999256,0.093074699999997568,0.0,0.0
5.5399999999999254,0.093409199999997555,0.0,0.0
5.5499999999999252,0.093744299999997532,0.0,0.0
5.559999999999925,0.094079999999997527,0.0,0.0
5.5699999999999248,0.094416299999997524,0.0,0.0
5.5799999999999246,0.094753199999997512,0.0,0.0
5.5899999999999244,0.095090699999997488,0.0,0.0
5.5999999999999241,0.095428799999997482,0.0,0.0
5.6099999999999239,0.095767499999997466,0.0,0.0
5.6199999999999237,0.096106799999997453,0.0,0.0
5.6299999999999235,0.096446699999997443,0.0,0.0
5.6399999999999233,0.096787199999997423,0.0,0.0
5.6499999999999231,0.097128299999997419,0.0,0.0
5.6599999999999229,0.097469999999997406,0.0,0.0
5.6699999999999227,0.097812299999997396,0.0,0.0
5.6799999999999224,0.098155199999997389,0.0,0.0
5.6899999999999222,0.098498699999997372,0.0,0.0
5.699999999999922,0.098842799999997344,0.0,0.0
5.7099999999999218,0.099187499999997333,0.0,0.0
5.7199999999999216,0.09953279999999734,0.0,0.0
5.7299999999999214,0.099878699999997309,0.0,0.0
5.7399999999999212,0.10022519999999731,0.0,0.0
5.749999999999921,0.1005722999999973,0.0,0.0
5.7599999999999207,0.10091999999999728,0.0,0.0
5.7699999999999205,0.10126829999999726,0.0,0.0
5.7799999999999203,0.10161719999999724,0.0,0.0
5.7899999999999201,0.10196669999999725,0.0,0.0
5.7999999999999199,0.10231679999999722,0.0,0.0
5.8099999999999197,0.10266749999999719,0.0,0.0
5.8199999999999195,0.10301879999999719,0.0,0.0
5.8299999999999192,0.10337069999999718,0.0,0.0
5.839999999999919,0.10372319999999717,0.0,0.0
5.8499999999999188,0.10407629999999715,0.0,0.0
5.8599999999999186,0.10442999999999714,0.0,0.0
5.8699999999999184,0.10478429999999712,0.0,0.0
5.8799999999999182,0.10513919999999713,0.0,0.0
5.889999999999918,0.1054946999999971,0.0,0.0
5.8999999999999178,0.10585079999999709,0.0,0.0
5.9099999999999175,0.10620749999999708,0.0,0.0
5.9199999999999173,0.10656479999999706,0.0,0.0
5.9299999999999171,0.10692269999999704,0.0,0.0
5.9399999999999169,0.10728119999999704,0.0,0.0
5.9499999999999167,0.10764029999999704,0.0,0.0
5.9599999999999165,0.10799999999999703,0.0,0.0
5.9699999999999163,0.108360299999997,0.0,0.0
5.979999999999916,0.10872119999999699,0.0,0.0
5.9899999999999158,0.10908269999999697,0.0,0.0
5.9999999999999156,0.10944479999999698,0.0,0.0
6.0099999999999154,0.10980749999999695,0.0,0.0
6.0199999999999152,0.11017079999999693,0.0,0.0
6.029999999999915,0.11053469999999692,0.0,0.0
6.0399999999999148,0.11089919999999691,0.0,0.0
6.0499999999999146,0.1112642999999969,0.0,0.0
6.0599999999999143,0.11162999999999687,0.0,0.0
6.0699999999999141,0.11199629999999687,0.0,0.0
6.0799999999999139,0.11236319999999686,0.0,0.0
6.0899999999999137,0.11273069999999683,0.0,0.0
6.0999999999999135,0.11309879999999684,0.0,0.0
6.1099999999999133,0.11346749999999681,0.0,0.0
6.1199999999999131,0.1138367999999968,0.0,0.0
6.1299999999999129,0.11420669999999679,0.0,0.0
6.1399999999999126,0.11457719999999677,0.0,0.0
6.1499999999999124,0.11494829999999676,0.0,0.0
6.1599999999999122,0.11531999999999674,0.0,0.0
6.169999999999912,0.11569229999999672,0.0,0.0
6.1799999999999118,0.1160651999999967,0.0,0.0
6.1899999999999116,0.11643869999999669,0.0,0.0
6.1999999999999114,0.11681279999999668,0.0,0.0
6.2099999999999111,0.11718749999999666,0.0,0.0
6.2199999999999109,0.11756279999999665,0.0,0.0
6.2299999999999107,0.11793869999999662,0.0,0.0
6.2399999999999105,0.11831519999999662,0.0,0.0
6.2499999999999103,0.1186922999999966,0.0,0.0
6.2599999999999101,0.11906999999999661,0.0,0.0
6.2699999999999099,0.11944829999999657,0.0,0.0
6.2799999999999097,0.11982719999999657,0.0,0.0
6.2899999999999094,0.12020669999999654,0.0,0.0
6.2999999999999092,0.12058679999999654,0.0,0.0
6.309999999999909,0.12096749999999651,0.0,0.0
6.3199999999999088,0.12134879999999651,0.0,0.0
6.3299999999999086,0.12173069999999649,0.0,0.0
6.3399999999999084,0.12211319999999648,0.0,0.0
6.3499999999999082,0.12249629999999646,0.0,0.0
6.3599999999999079,0.12287999999999644,0.0,0.0
6.3699999999999077,0.12326429999999644,0.0,0.0
6.3799999999999075,0.12364919999999642,0.0,0.0
6.3899999999999073,0.1240346999999964,0.0,0.0
6.3999999999999071,0.12442079999999639,0.0,0.0
6.4099999999999069,0.12480749999999637,0.0,0.0
6.4199999999999067,0.12519479999999636,0.0,0.0
6.4299999999999065,0.12558269999999633,0.0,0.0
6.4399999999999062,0.12597119999999634,0.0,0.0
6.449999999999906,0.12636029999999632,0.0,0.0
6.4599999999999058,0.12674999999999631,0.0,0.0
6.4699999999999056,0.12714029999999629,0.0,0.0
6.4799999999999054,0.12753119999999626,0.0,0.0
6.4899999999999052,0.12792269999999625,0.0,0.0
6.499999999999905,0.12831479999999626,0.0,0.0
6.5099999999999048,0.12870749999999623,0.0,0.0
6.5199999999999045,0.12910079999999621,0.0,0.0
6.5299999999999043,0.12949469999999619,0.0,0.0
6.5399999999999041,0.12988919999999618,0.0,0.0
6.5499999999999039,0.13028429999999616,0.0,0.0
6.5599999999999037,0.13067999999999616,0.0,0.0
6.5699999999999035,0.13107629999999612,0.0,0.0
6.5799999999999033,0.13147319999999613,0.0,0.0
6.589999999999903,0.13187069999999612,0.0,0.0
6.5999999999999028,0.13226879999999608,0.0,0.0
6.6099999999999026,0.13266749999999608,0.0,0.0
6.6199999999999024,0.13306679999999604,0.0,0.0
6.6299999999999022,0.13346669999999605,0.0,0.0
6.639999999999902,0.13386719999999602,0.0,0.0
6.6499999999999018,0.13426829999999601,0.0,0.0
6.6599999999999016,0.13466999999999599,0.0,0.0
6.6699999999999013,0.13507229999999598,0.0,0.0
6.6799999999999011,0.13547519999999597,0.0,0.0
6.6899999999999009,0.13587869999999594,0.0,0.0
6.6999999999999007,0.13628279999999593,0.0,0.0
6.7099999999999005,0.13668749999999591,0.0,0.0
6.7199999999999003,0.13709279999999591,0.0,0.0
6.7299999999999001,0.13749869999999589,0.0,0.0
6.7399999999998998,0.13790519999999587,0.0,0.0
6.7499999999998996,0.13831229999999584,0.0,0.0
6.7599999999998994,0.13871999999999585,0.0,0.0
6.7699999999998992,0.13912829999999582,0.0,0.0
6.779999999999899,0.13953719999999581,0.0,0.0
6.7899999999998988,0.13994669999999579,0.0,0.0
6.7999999999998986,0.14035679999999578,0.0,0.0
6.8099999999998984,0.14076749999999577,0.0,0.0
6.8199999999998981,0.14117879999999575,0.0,0.0
6.8299999999998979,0.14159069999999571,0.0,0.0
6.8399999999998977,0.14200319999999572,0.0,0.0
6.8499999999998975,0.14241629999999569,0.0,0.0
6.8599999999998973,0.14282999999999571,0.0,0.0
6.8699999999998971,0.14324429999999566,0.0,0.0
6.8799999999998969,0.14365919999999566,0.0,0.0
6.8899999999998967,0.14407469999999564,0.0,0.0
6.8999999999998964,0.14449079999999564,0.0,0.0
6.9099999999998962,0.14490749999999564,0.0,0.0
6.919999999999896,0.14532479999999562,0.0,0.0
6.9299999999998958,0.14574269999999559,0.0,0.0
6.9399999999998956,0.14616119999999555,0.0,0.0
6.9499999999998954,0.14658029999999556,0.0,0.0
6.9599999999998952,0.14699999999999552,0.0,0.0
6.9699999999998949,0.14742029999999554,0.0,0.0
6.9799999999998947,0.14784119999999551,0.0,0.0
6.9899999999998945,0.1482626999999955,0.0,0.0
6.9999999999998943,0.14868479999999548,0.0,0.0
7.0099999999998941,0.14910749999999545,0.0,0.0
7.0199999999998939,0.14953079999999544,0.0,0.0
7.0299999999998937,0.14995469999999544,0.0,0.0
7.0399999999998935,0.15037919999999541,0.0,0.0
7.0499999999998932,0.15080429999999539,0.0,0.0
7.059999999999893,0.15122999999999537,0.0,0.0
7.0699999999998928,0.15165629999999536,0.0,0.0
7.0799999999998926,0.15208319999999534,0.0,0.0
7.0899999999998924,0.15251069999999531,0.0,0.0
7.0999999999998922,0.15293879999999532,0.0,0.0
7.109999999999892,0.1533674999999953,0.0,0.0
7.1199999999998917,0.15379679999999527,0.0,0.0
7.1299999999998915,0.15422669999999525,0.0,0.0
7.1399999999998913,0.15465719999999525,0.0,0.0
7.1499999999998911,0.15508829999999521,0.0,0.0
7.1599999999998909,0.15551999999999522,0.0,0.0
7.1699999999998907,0.15595229999999519,0.0,0.0
7.1799999999998905,0.15638519999999517,0.0,0.0
7.1899999999998903,0.15681869999999515,0.0,0.0
7.19999999999989,0.15725279999999514,0.0,0.0
7.2099999999998898,0.15768749999999512,0.0,0.0
7.2199999999998896,0.1581227999999951,0.0,0.0
7.2299999999998894,0.15855869999999508,0.0,0.0
7.2399999999998892,0.15899519999999506,0.0,0.0
7.249999999999889,0.15943229999999509,0.0,0.0
7.2599999999998888,0.15986999999999504,0.0,0.0
7.2699999999998886,0.16030829999999505,0.0,0.0
7.2799999999998883,0.16074719999999501,0.0,0.0
7.2899999999998881,0.16118669999999499,0.0,0.0
7.2999999999998879,0.16162679999999496,0.0,0.0
7.3099999999998877,0.16206749999999495,0.0,0.0
7.3199999999998875,0.16250879999999493,0.0,0.0
7.3299999999998873,0.16295069999999492,0.0,0.0
7.3399999999998871,0.16339319999999491,0.0,0.0
7.3499999999998868,0.16383629999999491,0.0,0.0
7.3599999999998866,0.16427999999999487,0.0,0.0
7.3699999999998864,0.16472429999999486,0.0,0.0
7.3799999999998862,0.16516919999999485,0.0,0.0
7.389999999999886,0.16561469999999481,0.0,0.0
7.3999999999998858,0.16606079999999482,0.0,0.0
7.4099999999998856,0.16650749999999478,0.0,0.0
7.4199999999998854,0.1669547999999948,0.0,0.0
7.4299999999998851,0.16740269999999477,0.0,0.0
7.4399999999998849,0.16785119999999473,0.0,0.0
7.4499999999998847,0.16830029999999474,0.0,0.0
7.4599999999998845,0.16874999999999471,0.0,0.0
7.4699999999998843,0.16920029999999467,0.0,0.0
7.4799999999998841,0.16965119999999467,0.0,0.0
7.4899999999998839,0.17010269999999464,0.0,0.0
7.4999999999998836,0.17055479999999465,0.0,0.0
7.5099999999998834,0.17100749999999459,0.0,0.0
7.5199999999998832,0.17146079999999461,0.0,0.0
7.529999999999883,0.17191469999999459,0.0,0.0
7.5399999999998828,0.17236919999999456,0.0,0.0
7.5499999999998826,0.17282429999999457,0.0,0.0
7.5599999999998824,0.17327999999999455,0.0,0.0
7.5699999999998822,0.17373629999999454,0.0,0.0
7.5799999999998819,0.1741931999999945,0.0,0.0
7.5899999999998817,0.17465069999999447,0.0,0.0
7.5999999999998815,0.17510879999999449,0.0,0.0
7.6099999999998813,0.17556749999999444,0.0,0.0
7.6199999999998811,0.17602679999999446,0.0,0.0
7.6299999999998809,0.17648669999999442,0.0,0.0
7.6399999999998807,0.17694719999999439,0.0,0.0
7.6499999999998805,0.17740829999999441,0.0,0.0
7.6599999999998802,0.17786999999999437,0.0,0.0
7.66999999999988,0.17833229999999436,0.0,0.0
7.6799999999998798,0.17879519999999433,0.0,0.0
7.6899999999998796,0.1792586999999943,0.0,0.0
7.6999999999998794,0.1797227999999943,0.0,0.0
7.7099999999998792,0.18018749999999428,0.0,0.0
7.719999999999879,0.18065279999999428,0.0,0.0
7.7299999999998787,0.18111869999999425,0.0,0.0
7.7399999999998785,0.18158519999999423,0.0,0.0
7.7499999999998783,0.18205229999999423,0.0,0.0
7.7599999999998781,0.18251999999999421,0.0,0.0
7.7699999999998779,0.18298829999999419,0.0,0.0
7.7799999999998777,0.18345719999999416,0.0,0.0
7.7899999999998775,0.18392669999999417,0.0,0.0
7.7999999999998773,0.18439679999999414,0.0,0.0
7.809999999999877,0.18486749999999413,0.0,0.0
7.8199999999998768,0.18533879999999411,0.0,0.0
7.8299999999998766,0.18581069999999411,0.0,0.0
7.8399999999998764,0.18628319999999407,0.0,0.0
7.8499999999998762,0.18675629999999405,0.0,0.0
7.859999999999876,0.18722999999999404,0.0,0.0
7.8699999999998758,0.18770429999999402,0.0,0.0
7.8799999999998755,0.188179199999994,0.0,0.0
7.8899999999998753,0.18865469999999399,0.0,0.0
7.8999999999998751,0.18913079999999396,0.0,0.0
7.9099999999998749,0.18960749999999393,0.0,0.0
7.9199999999998747,0.19008479999999392,0.0,0.0
7.9299999999998745,0.19056269999999392,0.0,0.0
7.9399999999998743,0.19104119999999389,0.0,0.0
7.9499999999998741,0.1915202999999939,0.0,0.0
7.9599999999998738,0.19199999999999387,0.0,0.0
7.9699999999998736,0.19248029999999383,0.0,0.0
7.9799999999998734,0.19296119999999381,0.0,0.0
7.9899999999998732,0.19344269999999381,0.0,0.0
7.999999999999873,0.19392479999999379,0.0,0.0
8.0099999999998737,0.19440749999999377,0.0,0.0
8.0199999999998735,0.19489079999999373,0.0,0.0
8.0299999999998732,0.19537469999999374,0.0,0.0
8.039999999999873,0.19585919999999371,0.0,0.0
8.0499999999998728,0.19634429999999367,0.0,0.0
8.0599999999998726,0.1968299999999937,0.0,0.0
8.0699999999998724,0.19731629999999367,0.0,0.0
8.0799999999998722,0.19780319999999366,0.0,0.0
8.089999999999872,0.19829069999999363,0.0,0.0
8.0999999999998717,0.19877879999999365,0.0,0.0
8.1099999999998715,0.1992674999999936,0.0,0.0
8.1199999999998713,0.19975679999999357,0.0,0.0
8.1299999999998711,0.20024669999999356,0.0,0.0
8.1399999999998709,0.20073719999999357,0.0,0.0
8.1499999999998707,0.2012282999999935,0.0,0.0
8.1599999999998705,0.20171999999999352,0.0,0.0
8.1699999999998703,0.20221229999999352,0.0,0.0
8.17999999999987,0.20270519999999345,0.0,0.0
8.1899999999998698,0.20319869999999343,0.0,0.0
8.1999999999998696,0.20369279999999346,0.0,0.0
8.2099999999998694,0.20418749999999344,0.0,0.0
8.2199999999998692,0.20468279999999336,0.0,0.0
8.229999999999869,0.20517869999999339,0.0,0.0
8.2399999999998688,0.2056751999999934,0.0,0.0
8.2499999999998685,0.20617229999999337,0.0,0.0
8.2599999999998683,0.20666999999999333,0.0,0.0
8.2699999999998681,0.20716829999999334,0.0,0.0
8.2799999999998679,0.20766719999999328,0.0,0.0
8.2899999999998677,0.20816669999999327,0.0,0.0
8.2999999999998675,0.20866679999999327,0.0,0.0
8.3099999999998673,0.20916749999999323,0.0,0.0
8.3199999999998671,0.20966879999999322,0.0,0.0
8.3299999999998668,0.21017069999999324,0.0,0.0
8.3399999999998666,0.2106731999999932,0.0,0.0
8.3499999999998664,0.21117629999999316,0.0,0.0
8.3599999999998662,0.21167999999999315,0.0,0.0
8.369999999999866,0.21218429999999316,0.0,0.0
8.3799999999998658,0.21268919999999314,0.0,0.0
8.3899999999998656,0.2131946999999931,0.0,0.0
8.3999999999998654,0.21370079999999309,0.0,0.0
8.4099999999998651,0.21420749999999308,0.0,0.0
8.4199999999998649,0.21471479999999304,0.0,0.0
8.4299999999998647,0.21522269999999299,0.0,0.0
8.4399999999998645,0.21573119999999305,0.0,0.0
8.4499999999998643,0.216240299999993,0.0,0.0
8.4599999999998641,0.21674999999999298,0.0,0.0
8.4699999999998639,0.21726029999999297,0.0,0.0
8.4799999999998636,0.21777119999999295,0.0,0.0
8.4899999999998634,0.21828269999999295,0.0,0.0
8.4999999999998632,0.21879479999999291,0.0,0.0
8.509999999999863,0.21930749999999288,0.0,0.0
8.5199999999998628,0.21982079999999291,0.0,0.0
8.5299999999998626,0.22033469999999289,0.0,0.0
8.5399999999998624,0.22084919999999286,0.0,0.0
8.5499999999998622,0.22136429999999283,0.0,0.0
8.5599999999998619,0.22187999999999278,0.0,0.0
8.5699999999998617,0.22239629999999277,0.0,0.0
8.5799999999998615,0.22291319999999279,0.0,0.0
8.5899999999998613,0.22343069999999274,0.0,0.0
8.5999999999998611,0.22394879999999273,0.0,0.0
8.6099999999998609,0.22446749999999271,0.0,0.0
8.6199999999998607,0.22498679999999269,0.0,0.0
8.6299999999998604,0.22550669999999268,0.0,0.0
8.6399999999998602,0.22602719999999266,0.0,0.0
8.64999999999986,0.22654829999999265,0.0,0.0
8.6599999999998598,0.22706999999999261,0.0,0.0
8.6699999999998596,0.22759229999999259,0.0,0.0
8.6799999999998594,0.22811519999999261,0.0,0.0
8.6899999999998592,0.22863869999999256,0.0,0.0
8.699999999999859,0.22916279999999256,0.0,0.0
8.7099999999998587,0.22968749999999255,0.0,0.0
8.7199999999998585,0.23021279999999256,0.0,0.0
8.7299999999998583,0.23073869999999252,0.0,0.0
8.7399999999998581,0.23126519999999257,0.0,0.0
8.7499999999998579,0.23179229999999251,0.0,0.0
8.7599999999998577,0.23231999999999248,0.0,0.0
8.7699999999998575,0.23284829999999246,0.0,0.0
8.7799999999998573,0.23337719999999246,0.0,0.0
8.789999999999857,0.23390669999999242,0.0,0.0
8.7999999999998568,0.23443679999999245,0.0,0.0
8.8099999999998566,0.23496749999999239,0.0,0.0
8.8199999999998564,0.23549879999999238,0.0,0.0
8.8299999999998562,0.23603069999999235,0.0,0.0
8.839999999999856,0.23656319999999234,0.0,0.0
8.8499999999998558,0.23709629999999232,0.0,0.0
8.8599999999998555,0.23762999999999229,0.0,0.0
8.8699999999998553,0.23816429999999231,0.0,0.0
8.8799999999998551,0.23869919999999226,0.0,0.0
8.8899999999998549,0.23923469999999225,0.0,0.0
8.8999999999998547,0.23977079999999223,0.0,0.0
8.9099999999998545,0.24030749999999218,0.0,0.0
8.9199999999998543,0.2408447999999922,0.0,0.0
8.9299999999998541,0.24138269999999218,0.0,0.0
8.9399999999998538,0.24192119999999218,0.0,0.0
8.9499999999998536,0.24246029999999213,0.0,0.0
8.9599999999998534,0.24299999999999217,0.0,0.0
8.9699999999998532,0.2435402999999921,0.0,0.0
8.979999999999853,0.24408119999999212,0.0,0.0
8.9899999999998528,0.24462269999999209,0.0,0.0
8.9999999999998526,0.24516479999999208,0.0,0.0
9.0099999999998523,0.24570749999999206,0.0,0.0
9.0199999999998521,0.24625079999999203,0.0,0.0
9.0299999999998519,0.24679469999999198,0.0,0.0
9.0399999999998517,0.24733919999999202,0.0,0.0
9.0499999999998515,0.24788429999999195,0.0,0.0
9.0599999999998513,0.24842999999999194,0.0,0.0
9.0699999999998511,0.24897629999999196,0.0,0.0
9.0799999999998509,0.24952319999999195,0.0,0.0
9.0899999999998506,0.25007069999999187,0.0,0.0
9.0999999999998504,0.25061879999999187,0.0,0.0
9.1099999999998502,0.25116749999999183,0.0,0.0
9.11999999999985,0.25171679999999186,0.0,0.0
9.1299999999998498,0.25226669999999185,0.0,0.0
9.1399999999998496,0.2528171999999918,0.0,0.0
9.1499999999998494,0.25336829999999178,0.0,0.0
9.1599999999998492,0.25391999999999182,0.0,0.0
9.1699999999998489,0.25447229999999177,0.0,0.0
9.1799999999998487,0.25502519999999174,0.0,0.0
9.1899999999998485,0.25557869999999172,0.0,0.0
9.1999999999998483,0.25613279999999172,0.0,0.0
9.2099999999998481,0.25668749999999169,0.0,0.0
9.2199999999998479,0.25724279999999167,0.0,0.0
9.2299999999998477,0.25779869999999167,0.0,0.0
9.2399999999998474,0.25835519999999162,0.0,0.0
9.2499999999998472,0.2589122999999916,0.0,0.0
9.259999999999847,0.25946999999999165,0.0,0.0
9.2699999999998468,0.26002829999999161,0.0,0.0
9.2799999999998466,0.26058719999999158,0.0,0.0
9.2899999999998464,0.26114669999999157,0.0,0.0
9.2999999999998462,0.26170679999999158,0.0,0.0
9.309999999999846,0.26226749999999149,0.0,0.0
9.3199999999998457,0.26282879999999154,0.0,0.0
9.3299999999998455,0.26339069999999148,0.0,0.0
9.3399999999998453,0.26395319999999151,0.0,0.0
9.3499999999998451,0.26451629999999149,0.0,0.0
9.3599999999998449,0.26507999999999143,0.0,0.0
9.3699999999998447,0.26564429999999145,0.0,0.0
9.3799999999998445,0.26620919999999137,0.0,0.0
9.3899999999998442,0.26677469999999137,0.0,0.0
9.399999999999844,0.26734079999999139,0.0,0.0
9.4099999999998438,0.26790749999999136,0.0,0.0
9.4199999999998436,0.26847479999999135,0.0,0.0
9.4299999999998434,0.26904269999999131,0.0,0.0
9.4399999999998432,0.26961119999999128,0.0,0.0
9.449999999999843,0.27018029999999132,0.0,0.0
9.4599999999998428,0.27074999999999128,0.0,0.0
9.4699999999998425,0.27132029999999124,0.0,0.0
9.4799999999998423,0.27189119999999123,0.0,0.0
9.4899999999998421,0.27246269999999123,0.0,0.0
9.4999999999998419,0.2730347999999912,0.0,0.0
9.5099999999998417,0.27360749999999118,0.0,0.0
9.5199999999998415,0.27418079999999118,0.0,0.0
9.5299999999998413,0.27475469999999114,0.0,0.0
9.5399999999998411,0.27532919999999111,0.0,0.0
9.5499999999998408,0.27590429999999111,0.0,0.0
9.5599999999998406,0.27647999999999107,0.0,0.0
9.5699999999998404,0.2770562999999911,0.0,0.0
9.5799999999998402,0.27763319999999109,0.0,0.0
9.58999999999984,0.27821069999999104,0.0,0.0
9.5999999999998398,0.27878879999999101,0.0,0.0
9.6099999999998396,0.27936749999999105,0.0,0.0
9.6199999999998393,0.279946799999991,0.0,0.0
9.6299999999998391,0.28052669999999102,0.0,0.0
9.6399999999998389,0.28110719999999101,0.0,0.0
9.6499999999998387,0.28168829999999095,0.0,0.0
9.6599999999998385,0.28226999999999097,0.0,0.0
9.6699999999998383,0.28285229999999101,0.0,0.0
9.6799999999998381,0.28343519999999095,0.0,0.0
9.6899999999998379,0.28401869999999091,0.0,0.0
9.6999999999998376,0.28460279999999089,0.0,0.0
9.7099999999998374,0.28518749999999093,0.0,0.0
9.7199999999998372,0.28577279999999089,0.0,0.0
9.729999999999837,0.28635869999999081,0.0,0.0
9.7399999999998368,0.28694519999999085,0.0,0.0
9.7499999999998366,0.2875322999999908,0.0,0.0
9.7599999999998364,0.28811999999999077,0.0,0.0
9.7699999999998361,0.28870829999999081,0.0,0.0
9.7799999999998359,0.28929719999999076,0.0,0.0
9.7899999999998357,0.28988669999999078,0.0,0.0
9.7999999999998355,0.29047679999999076,0.0,0.0
9.8099999999998353,0.29106749999999071,0.0,0.0
9.8199999999998351,0.29165879999999073,0.0,0.0
9.8299999999998349,0.2922506999999907,0.0,0.0
9.8399999999998347,0.2928431999999907,0.0,0.0
9.8499999999998344,0.29343629999999066,0.0,0.0
9.8599999999998342,0.29402999999999063,0.0,0.0
9.869999999999834,0.29462429999999062,0.0,0.0
9.8799999999998338,0.29521919999999058,0.0,0.0
