0.0,0.0,0.0,-0.03196464063817131
0.010000000000000002,0.0,0.0,-0.031559896395690755
0.020000000000000004,0.0,0.0,-0.031158538589551282
0.030000000000000006,0.0,0.0,-0.030760556514485345
0.040000000000000001,0.0,0.0,-0.030365941296058078
0.049999999999999996,0.0,0.0,-0.029974683142799864
0.059999999999999991,0.0,0.0,-0.029586773413818931
0.069999999999999979,0.0,0.0,-0.029202198418419069
0.079999999999999988,0.0,0.0,-0.028820953203247044
0.089999999999999969,0.0,0.0,-0.028443022942370461
0.099999999999999978,0.0,0.0,-0.028068401557891937
0.10999999999999999,0.0,0.0,-0.027697073093148478
0.12,0.0,0.0,-0.027329033114521048
0.13,0.0,0.0,-0.026964265235713106
0.14000000000000001,0.0,0.0,-0.026602762532389836
0.15000000000000002,0.0,0.0,-0.02624451372917011
0.16000000000000003,0.0,0.0,-0.02588950596024853
0.17000000000000004,0.0,0.0,-0.025537728923172073
0.18000000000000005,0.0,0.0,-0.025189170731253943
0.19000000000000006,0.0,0.0,-0.024843822070274343
0.20000000000000007,0.0,0.0,-0.02450166927391198
0.21000000000000005,0.0,0.0,-0.024162700558584209
0.22000000000000006,0.0,0.0,-0.023826905336310392
0.23000000000000007,0.0,0.0,-0.023494271443607492
0.24000000000000007,0.0,0.0,-0.023164787917960995
0.25000000000000011,0.0,0.0,-0.022838441529608653
0.26000000000000012,0.0,0.0,-0.022515219558777069
0.27000000000000013,0.0,0.0,-0.022195110494260064
0.28000000000000014,0.0,0.0,-0.021878103343163029
0.29000000000000015,0.0,0.0,-0.021564183460844551
0.30000000000000016,0.0,0.0,-0.021253339504020124
0.31000000000000016,0.0,0.0,-0.020945558567478158
0.32000000000000017,0.0,0.0,-0.020640828272309505
0.33000000000000018,0.0,0.0,-0.020339135376236994
0.34000000000000019,0.0,0.0,-0.020040466471017159
0.3500000000000002,0.0,0.0,-0.019744810772233619
0.36000000000000021,0.0,0.0,-0.019452151063926164
0.37000000000000022,0.0,0.0,-0.019162479030144005
0.38000000000000023,0.0,0.0,-0.018875777835419941
0.39000000000000024,0.0,0.0,-0.018592035368361515
0.40000000000000024,0.0,0.0,-0.018311237273280188
0.41000000000000025,0.0,0.0,-0.018033372533604802
0.42000000000000026,0.0,0.0,-0.017758425797922431
0.43000000000000027,0.0,0.0,-0.017486380867634689
0.44000000000000028,0.0,0.0,-0.017217227685266491
0.45000000000000029,0.0,0.0,-0.016950950464935909
0.46000000000000024,0.0,0.0,-0.016687536773690666
0.47000000000000025,0.0,0.0,-0.016426971944822531
0.48000000000000026,0.0,0.0,-0.016169239775682111
0.49000000000000027,0.0,0.0,-0.015914327425375178
0.50000000000000022,0.0,0.0,-0.015662221922585991
0.51000000000000023,0.0,0.0,-0.015412907367755432
0.52000000000000024,0.0,0.0,-0.015166368431503889
0.53000000000000025,0.0,0.0,-0.01492259315884698
0.54000000000000026,0.0,0.0,-0.014681564570266297
0.55000000000000027,0.0,0.0,-0.014443266962668786
0.56000000000000028,0.0,0.0,-0.014207690117499344
0.57000000000000028,0.0,0.0,-0.013974813889881692
0.58000000000000029,0.0,0.0,-0.013744626425456508
0.5900000000000003,0.0,0.0,-0.013517112953480922
0.60000000000000031,0.0,0.0,-0.01329225438242395
0.61000000000000032,0.0,0.0,-0.013070039222079853
0.62000000000000033,0.0,0.0,-0.012850453070219035
0.63000000000000034,0.0,0.0,-0.01263347650540057
0.64000000000000035,0.0,0.0,-0.01241909561180835
0.65000000000000036,0.0,0.0,-0.012207296371385621
0.66000000000000036,0.0,0.0,-0.011998061856332998
0.67000000000000037,0.0,0.0,-0.011791377144244887
0.68000000000000038,0.0,0.0,-0.011587225107213559
0.69000000000000039,0.0,0.0,-0.011385588519029353
0.7000000000000004,0.0,0.0,-0.011186457084212342
0.71000000000000041,0.0,0.0,-0.010989809875809785
0.72000000000000042,0.0,0.0,-0.010795631494271627
0.73000000000000043,0.0,0.0,-0.010603905044143155
0.74000000000000044,0.0,0.0,-0.010414617759711869
0.75000000000000044,0.0,0.0,-0.010227749757891475
0.76000000000000045,0.0,0.0,-0.010043285991089539
0.77000000000000046,0.0,0.0,-0.0098612099217629152
0.78000000000000047,0.0,0.0,-0.0096815049297541422
0.79000000000000048,0.0,0.0,-0.0095041543140638642
0.80000000000000049,0.0,0.0,-0.0093291405903693884
0.8100000000000005,0.0,0.0,-0.0091564476037951821
0.82000000000000051,0.0,0.0,-0.0089860591236147064
0.83000000000000052,0.0,0.0,-0.0088179588445635188
0.84000000000000052,0.0,0.0,-0.0086521254585996236
0.85000000000000053,0.0,0.0,-0.0084885467393186771
0.86000000000000054,0.0,0.0,-0.008327203348482257
0.87000000000000055,0.0,0.0,-0.0081680772864293205
0.88000000000000056,0.0,0.0,-0.0080111533035875405
0.89000000000000057,0.0,0.0,-0.0078564132665669036
0.90000000000000058,0.0,0.0,-0.0077038382715243162
0.91000000000000059,0.0,0.0,-0.0075534121695999884
0.9200000000000006,0.0,0.0,-0.0074051173404875818
0.9300000000000006,0.0,0.0,-0.0072589339875085389
0.94000000000000061,0.0,0.0,-0.0071148485992862456
0.95000000000000062,0.0,0.0,-0.0069728391456886727
0.96000000000000063,0.0,0.0,-0.0068328884741104571
0.97000000000000064,0.0,0.0,-0.0066949814921774134
0.98000000000000065,0.0,0.0,-0.0065590967056455042
0.99000000000000066,0.0,0.0,-0.006425217503091862
1.0000000000000007,0.0,0.0,-0.006293327221698058
1.0100000000000007,0.0,0.0,-0.0061634027971550192
1.0200000000000007,0.0,0.0,-0.0060354324042276447
1.0300000000000007,0.0,0.0,-0.0059093914678127737
1.0400000000000007,0.0,0.0,-0.005785265243826547
1.0500000000000007,0.0,0.0,-0.0056630332960414184
1.0600000000000007,0.0,0.0,-0.0055426793773891451
1.0700000000000007,0.0,0.0,-0.0054241822552111149
1.0800000000000007,0.0,0.0,-0.0053075248886836025
1.0900000000000007,0.0,0.0,-0.0051926866645783864
1.1000000000000008,0.0,0.0,-0.005079651164582236
1.1100000000000008,0.0,0.0,-0.0049683962809603591
1.1200000000000008,0.0,0.0,-0.0048589055157855698
1.1300000000000008,0.0,0.0,-0.0047511602145025407
1.1400000000000008,0.0,0.0,-0.0046451388595468591
1.1500000000000008,0.0,0.0,-0.0045408220152747354
1.1600000000000008,0.0,0.0,-0.0044381944494743288
1.1700000000000008,0.0,0.0,-0.0043372317112792156
1.1800000000000008,0.0,0.0,-0.0042379177935340691
1.1900000000000008,0.0,0.0,-0.004140231710664819
1.2000000000000008,0.0,0.0,-0.0040441559781278311
1.2100000000000009,0.0,0.0,-0.0039496667199383087
1.2200000000000009,0.0,0.0,-0.0038567492166121189
1.2300000000000009,0.0,0.0,-0.0037653788251547039
1.2400000000000009,0.0,0.0,-0.0036755407683119129
1.2500000000000009,0.0,0.0,-0.0035872124663379034
1.2600000000000009,0.0,0.0,-0.0035003720184214769
1.2700000000000009,0.0,0.0,-0.0034150038597198398
1.2800000000000009,0.0,0.0,-0.0033310867445765086
1.2900000000000009,0.0,0.0,-0.0032485965737300629
1.3000000000000009,0.0,0.0,-0.0031675170007114187
1.3100000000000009,0.0,0.0,-0.0030878288280213094
1.320000000000001,0.0,0.0,-0.0030095092995928762
1.330000000000001,0.0,0.0,-0.0029325391725239466
1.340000000000001,0.0,0.0,-0.0028568956464062392
1.350000000000001,0.0,0.0,-0.002782562264987725
1.360000000000001,0.0,0.0,-0.0027095154794028013
1.370000000000001,0.0,0.0,-0.002637737379133078
1.380000000000001,0.0,0.0,-0.0025672036691194067
1.390000000000001,0.0,0.0,-0.0024978985235476698
1.400000000000001,0.0,0.0,-0.0024297961959476484
1.410000000000001,0.0,0.0,-0.0023628787033718535
1.420000000000001,0.0,0.0,-0.0022971266317858459
1.430000000000001,0.0,0.0,-0.0022325148912064044
1.4400000000000011,0.0,0.0,-0.0021690275729368338
1.4500000000000011,0.0,0.0,-0.0021066395559289752
1.4600000000000011,0.0,0.0,-0.0020453313642950291
1.4700000000000011,0.0,0.0,-0.0019850835082451026
1.4800000000000011,0.0,0.0,-0.0019258708236350158
1.4900000000000011,0.0,0.0,-0.0018676787469884618
1.5000000000000011,0.0,0.0,-0.001810477842399232
1.5100000000000011,0.0,0.0,-0.001754254229085097
1.5200000000000011,0.0,0.0,-0.0016989834002932862
1.5300000000000011,0.0,0.0,-0.0016446422526013632
1.5400000000000011,0.0,0.0,-0.0015912126255067903
1.5500000000000012,0.0,0.0,-0.0015386713940997369
1.5600000000000012,0.0,0.0,-0.0014869989618106821
1.5700000000000012,0.0,0.0,-0.0014361714758419925
1.5800000000000012,0.0,0.0,-0.0013861679047314848
1.5900000000000012,0.0,0.0,-0.0013369679158941948
1.6000000000000012,0.0,0.0,-0.0012885504603278872
1.6100000000000012,0.0,0.0,-0.0012408909414271404
1.6200000000000012,0.0,0.0,-0.0011939704170598844
1.6300000000000012,0.0,0.0,-0.0011477642749459515
1.6400000000000012,0.0,0.0,-0.0011022549736233985
1.6500000000000012,0.0,0.0,-0.0010574185941081911
1.6600000000000013,0.0,0.0,-0.0010132333341586965
1.6700000000000013,0.0,0.0,-0.00096967455347810928
1.6800000000000013,0.0,0.0,-0.00092672610023985407
1.6900000000000013,0.0,0.0,-0.00088436190636585733
1.7000000000000013,0.0,0.0,-0.0008425622692638889
1.7100000000000013,0.0,0.0,-0.0008013025253983515
1.7200000000000013,0.0,0.0,-0.00076056296193175604
1.7300000000000013,0.0,0.0,-0.00072032244526917366
1.7400000000000013,0.0,0.0,-0.00068055700540275836
1.7500000000000013,0.0,0.0,-0.00064124479201140201
1.7600000000000013,0.0,0.0,-0.0006023639506058916
1.7700000000000014,0.0,0.0,-0.00056389333089418552
1.7800000000000014,0.0,0.0,-0.00052580894710594803
1.7900000000000014,0.0,0.0,-0.00048809105800785586
1.8000000000000014,0.0,0.0,-0.00045071496322916587
1.8100000000000014,0.0,0.0,-0.00041366162365440992
1.8200000000000014,0.0,0.0,-0.00037690491715741952
1.8300000000000014,0.0,0.0,-0.00034042650745070782
1.8400000000000014,0.0,0.0,-0.00030420168368962215
1.8500000000000014,0.0,0.0,-0.0002682092732069133
1.8600000000000014,0.0,0.0,-0.00023242597716606657
1.8700000000000014,0.0,0.0,-0.00019683132736660104
1.8800000000000014,0.0,0.0,-0.00016140202194202889
1.8900000000000015,0.0,0.0,-0.00012611546567783589
1.9000000000000015,0.0,0.0,-9.0949770435770058e-05
1.9100000000000015,0.0,0.0,-5.5881631028762801e-05
1.9200000000000015,0.0,0.0,-2.0891989795542057e-05
1.9300000000000015,0.0,0.0,1.4045291765052079e-05
1.9400000000000015,0.0,0.0,4.8950688360786663e-05
1.9500000000000015,0.0,0.0,8.3847506803619713e-05
1.9600000000000013,0.0,0.0,0.00011875622187179473
1.9700000000000011,0.0,0.0,0.00015369943211679887
1.9800000000000009,0.0,0.0,0.00018870256787678846
1.9900000000000007,0.0,0.0,0.00022378327059963414
2.0000000000000004,0.0,0.0,0.00025896838516667925
2.0100000000000002,0.0,0.0,0.00029427625931830332
2.02,0.0,0.0,0.00032973231985585004
2.0299999999999998,0.0,0.0,0.00036535774398686264
2.0399999999999996,0.0,0.0,0.00040117370758367883
2.0499999999999994,0.0,0.0,0.00043720350858001496
2.0599999999999992,0.0,0.0,0.00047346973515806752
2.069999999999999,0.0,0.0,0.00050999497319762855
2.0799999999999987,0.0,0.0,0.00054680039035077065
2.0899999999999985,0.0,0.0,0.00058390785974972784
2.0999999999999983,0.0,0.0,0.00062134208357615347
2.1099999999999981,0.0,0.0,0.00065912422124488643
2.1199999999999979,0.0,0.0,0.0006972740130281711
2.1299999999999977,0.0,0.0,0.00073581544356033789
2.1399999999999975,0.0,0.0,0.00077477461775558463
2.1499999999999972,0.0,0.0,0.00081416701730809699
2.159999999999997,0.0,0.0,0.00085401803119245217
2.1699999999999968,0.0,0.0,0.0008943509201382112
2.1799999999999966,0.0,0.0,0.00093518610849955565
2.1899999999999964,0.0,0.0,0.00097654684761269922
2.1999999999999962,0.0,0.0,0.0010184528441917824
2.209999999999996,0.0,0.0,0.0010609308783796662
2.2199999999999958,0.0,0.0,0.0011039971066717507
2.2299999999999955,0.0,0.0,0.0011476797133212883
2.2399999999999953,0.0,0.0,0.0011919948428238342
2.2499999999999951,0.0,0.0,0.0012369685432073614
2.2599999999999949,0.0,0.0,0.0012826204850441203
2.2699999999999947,0.0,0.0,0.0013289752866468844
2.2799999999999945,0.0,0.0,0.0013760533119522916
2.2899999999999943,0.0,0.0,0.0014238742097644995
2.299999999999994,0.0,0.0,0.0014724632827434053
2.3099999999999938,0.0,0.0,0.0015218394555947222
2.3199999999999936,0.0,0.0,0.0015720294291459197
2.3299999999999934,0.0,0.0,0.001623049987120268
2.3399999999999932,0.0,0.0,0.0016749235656533948
2.349999999999993,0.0,0.0,0.001727674713961712
2.3599999999999928,0.0,0.0,0.0017813208944509244
2.3699999999999926,0.0,0.0,0.001835888050682129
2.3799999999999923,0.0,0.0,0.0018913957464721373
2.3899999999999921,0.0,0.0,0.0019478649495205962
2.3999999999999919,0.0,0.0,0.0020053180310583042
2.4099999999999917,0.0,0.0,0.0020637752271617962
2.4199999999999915,0.0,0.0,0.0021232617138929053
2.4299999999999913,0.0,0.0,0.0021837941640530734
2.4399999999999911,0.0,0.0,0.0022453984341575242
2.4499999999999909,0.0,0.0,0.0023080904621056823
2.4599999999999906,0.0,0.0,0.0023724485444254172
2.4699999999999904,0.0,0.0,0.0024388740145879738
2.4799999999999902,0.0,0.0,0.0025034930016290544
2.48999999999999,0.0,0.0,0.0025654575354889732
2.4999999999999898,0.0,0.0,0.002624784835634204
2.5099999999999896,0.0,0.0,0.0026814963871122964
2.5199999999999894,0.0,0.0,0.0027356136945166434
2.5299999999999891,0.0,0.0,0.0027871561593276781
2.5399999999999889,0.0,0.0,0.0028361460289109616
2.5499999999999887,0.0,0.0,0.0028826027378046292
2.5599999999999885,0.0,0.0,0.0029265485636857875
2.5699999999999883,0.0,0.0,0.0029680022619170197
2.5799999999999881,0.0,0.0,0.003006988256583046
2.5899999999999879,0.0,0.0,0.0030435274469415288
2.5999999999999877,0.0,0.0,0.0030776386210613635
2.6099999999999874,0.0,0.0,0.003109345524502967
2.6199999999999872,0.0,0.0,0.0031386697890267647
2.629999999999987,0.0,0.0,0.0031656337594172402
2.6399999999999868,0.0,0.0,0.0031902569582888491
2.6499999999999866,0.0,0.0,0.0032125638602131497
2.6599999999999864,0.0,0.0,0.003232576822136045
2.6699999999999862,0.0,0.0,0.0032503146694567468
2.6799999999999859,0.0,0.0,0.003265803296207498
2.6899999999999857,0.0,0.0,0.0032790657691663502
2.6999999999999855,0.0,0.0,0.0032901209147201387
2.7099999999999853,0.0,0.0,0.003298995330616443
2.7199999999999851,0.0,0.0,0.0033057078394182066
2.7299999999999849,0.0,0.0,0.0033102857393010913
2.7399999999999847,0.0,0.0,0.0033127506715770992
2.7499999999999845,0.0,0.0,0.0033131221537985815
2.7599999999999842,0.0,0.0,0.0033114288816923545
2.769999999999984,0.0,0.0,0.0033076917735168844
2.7799999999999838,0.0,0.0,0.0033019338600759848
2.7899999999999836,0.0,0.0,0.003294179577086268
2.7999999999999834,0.0,0.0,0.0032844519392295304
2.8099999999999832,0.0,0.0,0.0032727746587053767
2.819999999999983,0.0,0.0,0.0032591749687631891
2.8299999999999828,0.0,0.0,0.0032436709125019452
2.8399999999999825,0.0,0.0,0.003226291114821654
2.8499999999999823,0.0,0.0,0.0032070599523061835
2.8599999999999821,0.0,0.0,0.0031859975537761346
2.8699999999999819,0.0,0.0,0.0031631339205968525
2.8799999999999817,0.0,0.0,0.0031384884513697567
2.8899999999999815,0.0,0.0,0.0031120904154705248
2.8999999999999813,0.0,0.0,0.0030839613036360049
2.909999999999981,0.0,0.0,0.0030541268285025299
2.9199999999999808,0.0,0.0,0.0030226133944803247
2.9299999999999806,0.0,0.0,0.0029894445683757188
2.9399999999999804,0.0,0.0,0.0029546446084858856
2.9499999999999802,0.0,0.0,0.0029182405813333832
2.95999999999998,0.0,0.0,0.0028802567153628283
2.9699999999999798,0.0,0.0,0.0028407207522615089
2.9799999999999796,0.0,0.0,0.0027996540673592817
2.9899999999999793,0.0,0.0,0.0027570850770538757
2.9999999999999791,0.0,0.0,0.0027130400649287671
3.0099999999999789,0.0,0.0,0.0026675424764885211
3.0199999999999787,0.0,0.0,0.0026206206802522935
3.0299999999999785,0.0,0.0,0.0025722973848292781
3.0399999999999783,0.0,0.0,0.0025226030428100502
3.0499999999999781,0.0,0.0,0.0024715603308674301
3.0599999999999778,0.0,0.0,0.0024191961424381994
3.0699999999999776,0.0,0.0,0.0023655366494300138
3.0799999999999774,0.0,0.0,0.0023106108292084266
3.0899999999999772,0.0,0.0,0.0022544412950023414
3.099999999999977,0.0,0.0,0.0021970576977762574
3.1099999999999768,0.0,0.0,0.0021384847353643284
3.1199999999999766,0.0,0.0,0.0020787485009150929
3.1299999999999764,0.0,0.0,0.0020178785980709555
3.1399999999999761,0.0,0.0,0.0019558996786849807
3.1499999999999759,0.0,0.0,0.0018928392003107145
3.1599999999999757,0.0,0.0,0.0018287246055464551
3.1699999999999755,0.0,0.0,0.0017635797967512868
3.1799999999999753,0.0,0.0,0.001697437828228836
3.1899999999999751,0.0,0.0,0.0016303204583579516
3.1999999999999749,0.0,0.0,0.0015622593028900029
3.2099999999999747,0.0,0.0,0.0014932767978334837
3.2199999999999744,0.0,0.0,0.0014234038268012973
3.2299999999999742,0.0,0.0,0.0013526670297242869
3.239999999999974,0.0,0.0,0.0012810930339691177
3.2499999999999738,0.0,0.0,0.0012087119795128301
3.2599999999999736,0.0,0.0,0.0011355462393943592
3.2699999999999734,0.0,0.0,0.0010616294546286582
3.2799999999999732,0.0,0.0,0.00098698538539759113
3.2899999999999729,0.0,0.0,0.000911642010747941
3.2999999999999727,0.0,0.0,0.0008356287091125645
3.3099999999999725,0.0,0.0,0.00075897343894299352
3.3199999999999723,0.0,0.0,0.00068170273921452755
3.3299999999999721,0.0,0.0,0.0006038431398524886
3.3399999999999719,0.0,0.0,0.00052542539132025912
3.3499999999999717,0.0,0.0,0.00044647741634881998
3.3599999999999715,0.0,0.0,0.0003670250149823527
3.3699999999999712,0.0,0.0,0.00028709750455806503
3.379999999999971,0.0,0.0,0.00020672419559955983
3.3899999999999708,0.0,0.0,0.00012593016291637465
3.3999999999999706,0.0,0.0,4.4744704807736361e-05
3.4099999999999704,0.0,0.0,-3.6801475961398707e-05
3.4199999999999702,0.0,0.0,-0.00011868402526542344
3.42999999999997,0.0,0.0,-0.00020087224948928074
3.4399999999999697,0.0,0.0,-0.00028333827799918238
3.4499999999999695,0.0,0.0,-0.00036605494852842718
3.4599999999999693,0.0,0.0,-0.00044899369150039814
3.4699999999999691,0.0,0.0,-0.00053212523455252003
3.4799999999999689,0.0,0.0,-0.00061542171670368848
3.4899999999999687,0.0,0.0,-0.00069885668769630938
3.4999999999999685,0.0,0.0,-0.00078239946836590967
3.5099999999999683,0.0,0.0,-0.00086602149403944132
3.519999999999968,0.0,0.0,-0.00094969560934027482
3.5299999999999678,0.0,0.0,-0.0010333953622752661
3.5399999999999676,0.0,0.0,-0.0011170893649316081
3.5499999999999674,0.0,0.0,-0.0012007497513203029
3.5599999999999672,0.0,0.0,-0.0012843500626433361
3.569999999999967,0.0,0.0,-0.0013678610166699748
3.5799999999999668,0.0,0.0,-0.0014512533270858363
3.5899999999999666,0.0,0.0,-0.0015344998179130742
3.5999999999999663,0.0,0.0,-0.0016175733080785164
3.6099999999999661,0.0,0.0,-0.0017004416754909926
3.6199999999999659,0.0,0.0,-0.0017830805471186941
3.6299999999999657,0.0,0.0,-0.0018654606079201003
3.6399999999999655,0.0,0.0,-0.0019475532404533613
3.6499999999999653,0.0,0.0,-0.0020293298192629139
3.6599999999999651,0.0,0.0,-0.002110763825917288
3.6699999999999648,0.0,0.0,-0.0021918252071976715
3.6799999999999646,0.0,0.0,-0.0022724867210054058
3.6899999999999644,0.0,0.0,-0.0023527204101573894
3.6999999999999642,0.0,0.0,-0.0024324983067969962
3.709999999999964,0.0,0.0,-0.0025117917269269559
3.7199999999999638,0.0,0.0,-0.0025905726801345808
3.7299999999999636,0.0,0.0,-0.0026688145747526927
3.7399999999999634,0.0,0.0,-0.0027464886907032828
3.7499999999999631,0.0,0.0,-0.002823565589390118
3.7599999999999629,0.0,0.0,-0.002900019345810417
3.7699999999999627,0.0,0.0,-0.0029758211993670004
3.7799999999999625,0.0,0.0,-0.0030509451973803584
3.7899999999999623,0.0,0.0,-0.0031253618448553898
3.7999999999999621,0.0,0.0,-0.0031990416312452211
3.8099999999999619,0.0,0.0,-0.0032719613809860798
3.8199999999999616,0.0,0.0,-0.0033440908466958676
3.8299999999999614,0.0,0.0,-0.0034154032928967186
3.8399999999999612,0.0,0.0,-0.0034858705558485307
3.849999999999961,0.0,0.0,-0.0035554644550205472
3.8599999999999608,0.0,0.0,-0.0036241596154667167
3.8699999999999606,0.0,0.0,-0.0036919299393295777
3.8799999999999604,0.0,0.0,-0.0037587429579859625
3.8899999999999602,0.0,0.0,-0.0038245753605645055
3.8999999999999599,0.0,0.0,-0.003889402406876769
3.9099999999999597,0.0,0.0,-0.0039531894540156048
3.9199999999999595,0.0,0.0,-0.0040159180780107084
3.9299999999999593,0.0,0.0,-0.0040775543032256197
3.9399999999999591,0.0,0.0,-0.0041380775501097897
3.9499999999999589,0.0,0.0,-0.0041974545092375443
3.9599999999999587,0.0,0.0,-0.0042556652688287072
3.9699999999999589,0.0,0.0,-0.0043126778917221718
3.9799999999999587,0.0,0.0,-0.0043684674830186208
3.9899999999999585,0.0,0.0,-0.0044230091281455258
3.9999999999999583,0.0,0.0,-0.0044762757734663362
4.009999999999958,0.0,0.0,-0.0045282389319384079
4.0199999999999578,0.0,0.0,-0.0045788736283549278
4.0299999999999576,0.0,0.0,-0.0046281555742231101
4.0399999999999574,0.0,0.0,-0.0046760569281095454
4.0499999999999572,0.0,0.0,-0.0047225512410820434
4.059999999999957,0.0,0.0,-0.0047676141641989096
4.0699999999999568,0.0,0.0,-0.00481121920842488
4.0799999999999566,0.0,0.0,-0.0048533405712407685
4.0899999999999563,0.0,0.0,-0.0048939517231626041
4.0999999999999561,0.0,0.0,-0.0049330289426721711
4.1099999999999559,0.0,0.0,-0.0049705456608958301
4.1199999999999557,0.0,0.0,-0.0050064774103320388
4.1299999999999555,0.0,0.0,-0.0050407975832484379
4.1399999999999553,0.0,0.0,-0.0050734809664622366
4.1499999999999551,0.0,0.0,-0.0051045044500501032
4.1599999999999548,0.0,0.0,-0.0051338420768235011
4.1699999999999546,0.0,0.0,-0.0051614671635382492
4.1799999999999544,0.0,0.0,-0.0051873593754877146
4.1899999999999542,0.0,0.0,-0.0052114877492735433
4.199999999999954,0.0,0.0,-0.0052338333308077746
4.2099999999999538,0.0,0.0,-0.0052543686595626898
4.2199999999999536,0.0,0.0,-0.0052730712115408671
4.2299999999999534,0.0,0.0,-0.005289913492994314
4.2399999999999531,0.0,0.0,-0.0053048757796607723
4.2499999999999529,0.0,0.0,-0.0053179312552229518
4.2599999999999527,0.0,0.0,-0.0053290552115333048
4.2699999999999525,0.0,0.0,-0.0053382264665255376
4.2799999999999523,0.0,0.0,-0.0053454181611914476
4.2899999999999521,0.0,0.0,-0.0053506112121462501
4.2999999999999519,0.0,0.0,-0.0053537759027818786
4.3099999999999516,0.0,0.0,-0.0053548938347748251
4.3199999999999514,0.0,0.0,-0.0053539388096015749
4.3299999999999512,0.0,0.0,-0.0053508902846168861
4.339999999999951,0.0,0.0,-0.0053457220416473095
4.3499999999999508,0.0,0.0,-0.0053384128120352323
4.3599999999999506,0.0,0.0,-0.005328940611738925
4.3699999999999504,0.0,0.0,-0.005317279907199597
4.3799999999999502,0.0,0.0,-0.0053034115356814116
4.3899999999999499,0.0,0.0,-0.0052873106609643119
4.3999999999999497,0.0,0.0,-0.0052689538594194799
4.4099999999999495,0.0,0.0,-0.0052483205387747426
4.4199999999999493,0.0,0.0,-0.0052253879789099641
4.4299999999999491,0.0,0.0,-0.0052001348757690765
4.4399999999999489,0.0,0.0,-0.0051725385075237548
4.4499999999999487,0.0,0.0,-0.0051425754434873631
4.4599999999999485,0.0,0.0,-0.0051102265092597245
4.4699999999999482,0.0,0.0,-0.0050754704067114617
4.479999999999948,0.0,0.0,-0.0050382801678868208
4.4899999999999478,0.0,0.0,-0.0049986423049326826
4.4999999999999476,0.0,0.0,-0.0049565277333492187
4.5099999999999474,0.0,0.0,-0.0049119222711690065
4.5199999999999472,0.0,0.0,-0.0048647982679543523
4.529999999999947,0.0,0.0,-0.0048151394334877036
4.5399999999999467,0.0,0.0,-0.0047629223948455028
4.5499999999999465,0.0,0.0,-0.0047081273391403793
4.5599999999999463,0.0,0.0,-0.0046507337584702916
4.5699999999999461,0.0,0.0,-0.0045907211602878922
4.5799999999999459,0.0,0.0,-0.0045280676495781493
4.5899999999999457,0.0,0.0,-0.0044627527687306906
4.5999999999999455,0.0,0.0,-0.0043947596297494443
4.6099999999999453,0.0,0.0,-0.00432406497726762
4.619999999999945,0.0,0.0,-0.0042506477078373805
4.6299999999999448,0.0,0.0,-0.0041744917125517656
4.6399999999999446,0.0,0.0,-0.0040955752287982683
4.6499999999999444,0.0,0.0,-0.0040138765211421524
4.6599999999999442,0.0,0.0,-0.0039293795640244879
4.669999999999944,0.0,0.0,-0.0038420626823278759
4.6799999999999438,0.0,0.0,-0.0037519056532666871
4.6899999999999435,0.0,0.0,-0.0036588925501574105
4.6999999999999433,0.0,0.0,-0.0035630003796489913
4.7099999999999431,0.0,0.0,-0.0034642132893972243
4.7199999999999429,0.0,0.0,-0.0033625097838545985
4.7299999999999427,0.0,0.0,-0.0032578705398791938
4.7399999999999425,0.0,0.0,-0.0031502798301189837
4.7499999999999423,0.0,0.0,-0.0030397184205128748
4.7599999999999421,0.0,0.0,-0.0029261621498924218
4.7699999999999418,0.0,0.0,-0.0028096011172565028
4.7799999999999416,0.0,0.0,-0.0026900105510375113
4.7899999999999414,0.0,0.0,-0.0025673749700159299
4.7999999999999412,0.0,0.0,-0.0024416753954161017
4.809999999999941,0.0,0.0,-0.0023128936158725434
4.8199999999999408,0.0,0.0,-0.0021810107686677546
4.8299999999999406,0.0,0.0,-0.0020460108953791051
4.8399999999999403,0.0,0.0,-0.0019078752581204355
4.8499999999999401,0.0,0.0,-0.0017665858953165405
4.8599999999999399,0.0,0.0,-0.0016221249132120032
4.8699999999999397,0.0,0.0,-0.0014744751988806318
4.8799999999999395,0.0,0.0,-0.0013236190009445706
4.8899999999999393,0.0,0.0,-0.0011695407750320099
4.8999999999999391,0.0,0.0,-0.0010122186558391227
4.9099999999999389,0.0,0.0,-0.00085164009858538711
4.9199999999999386,0.0,0.0,-0.00068778410948076179
4.9299999999999384,0.0,0.0,-0.00052063902012680998
4.9399999999999382,0.0,0.0,-0.00035018187415037993
4.949999999999938,0.0,0.0,-0.00017640046738060124
4.9599999999999378,0.0,0.0,4.6351646098661469e-07
4.9699999999999376,0.0,0.0,0.00017739218943488579
4.9799999999999374,0.0,0.0,0.00035127240011376045
4.9899999999999372,0.0,0.0,0.00052182905028039348
4.9999999999999369,0.0,0.0,0.0006890714992266782
5.0099999999999367,0.0,0.0,0.00085302412384296179
5.0199999999999365,0.0,0.0,0.0010136971694973021
5.0299999999999363,0.0,0.0,0.0011711130507270717
5.0399999999999361,0.0,0.0,0.0013252864437917284
5.0499999999999359,0.0,0.0,0.0014762342370850865
5.0599999999999357,0.0,0.0,0.0016239755282264313
5.0699999999999354,0.0,0.0,0.0017685273569467109
5.0799999999999352,0.0,0.0,0.001909905413807298
5.089999999999935,0.0,0.0,0.0020481297243252869
5.0999999999999348,0.0,0.0,0.0021832168277943738
5.1099999999999346,0.0,0.0,0.0023151861722412658
5.1199999999999344,0.0,0.0,0.0024440515836879257
5.1299999999999342,0.0,0.0,0.0025698368990999493
5.139999999999934,0.0,0.0,0.002692554643968185
5.1499999999999337,0.0,0.0,0.0028122273502638275
5.1599999999999335,0.0,0.0,0.0029288697881179157
5.1699999999999333,0.0,0.0,0.0030425038867174393
5.1799999999999331,0.0,0.0,0.0031531452313257615
5.1899999999999329,0.0,0.0,0.003260813719705347
5.1999999999999327,0.0,0.0,0.0033655285860260719
5.2099999999999325,0.0,0.0,0.0034673069787086903
5.2199999999999322,0.0,0.0,0.003566168220888899
5.229999999999932,0.0,0.0,0.0036621323874331071
5.2399999999999318,0.0,0.0,0.0037552188824218416
5.2499999999999316,0.0,0.0,0.0038454450172473852
5.2599999999999314,0.0,0.0,0.0039328309804330342
5.2699999999999312,0.0,0.0,0.0040173955746263014
5.279999999999931,0.0,0.0,0.0040991618955677749
5.2899999999999308,0.0,0.0,0.0041781431287640928
5.2999999999999305,0.0,0.0,0.004254363850414309
5.3099999999999303,0.0,0.0,0.0043278436935079096
5.3199999999999301,0.0,0.0,0.0043985994776341245
5.3299999999999299,0.0,0.0,0.0044666558559208697
5.3399999999999297,0.0,0.0,0.0045320275662300569
5.3499999999999295,0.0,0.0,0.0045947385957214801
5.3599999999999293,0.0,0.0,0.0046548094022139897
5.3699999999999291,0.0,0.0,0.0047122583327368949
5.3799999999999288,0.0,0.0,0.0047671065905925923
5.3899999999999286,0.0,0.0,0.0048193768131918908
5.3999999999999284,0.0,0.0,0.0048690859760686569
5.4099999999999282,0.0,0.0,0.0049162602909355278
5.419999999999928,0.0,0.0,0.0049609153391470323
5.4299999999999278,0.0,0.0,0.005003076644038729
5.4399999999999276,0.0,0.0,0.0050427612257196754
5.4499999999999273,0.0,0.0,0.0050799946234985124
5.4599999999999271,0.0,0.0,0.0051147945813533359
5.4699999999999269,0.0,0.0,0.0051471866495093211
5.4799999999999267,0.0,0.0,0.0051771878729957683
5.4899999999999265,0.0,0.0,0.0052048238086162026
5.4999999999999263,0.0,0.0,0.0052301164694079048
5.5099999999999261,0.0,0.0,0.0052530836162083443
5.5199999999999259,0.0,0.0,0.0052737515163572236
5.5299999999999256,0.0,0.0,0.0052921414733854474
5.5399999999999254,0.0,0.0,0.0053082740804051504
5.5499999999999252,0.0,0.0,0.0053221748878791849
5.559999999999925,0.0,0.0,0.0053338623560139501
5.5699999999999248,0.0,0.0,0.0053433641510359804
5.5799999999999246,0.0,0.0,0.0053506980141897736
5.5899999999999244,0.0,0.0,0.0053558908899700719
5.5999999999999241,0.0,0.0,0.0053589633393315
5.6099999999999239,0.0,0.0,0.0053599380403076321
5.6199999999999237,0.0,0.0,0.0053588419108091387
5.6299999999999235,0.0,0.0,0.005355694068487171
5.6399999999999233,0.0,0.0,0.0053505192860644583
5.6499999999999231,0.0,0.0,0.0053433437404144177
5.6599999999999229,0.0,0.0,0.0053341851005331686
5.6699999999999227,0.0,0.0,0.0053230744740109725
5.6799999999999224,0.0,0.0,0.0053100287967748714
5.6899999999999222,0.0,0.0,0.0052950777326192947
5.699999999999922,0.0,0.0,0.0052782417290350029
5.7099999999999218,0.0,0.0,0.0052595461732767371
5.7199999999999216,0.0,0.0,0.0052390143140634629
5.7299999999999214,0.0,0.0,0.0052166736294751454
5.7399999999999212,0.0,0.0,0.0051925445059352376
5.749999999999921,0.0,0.0,0.0051666536807185347
5.7599999999999207,0.0,0.0,0.0051390264586875616
5.7699999999999205,0.0,0.0,0.005109685297747189
5.7799999999999203,0.0,0.0,0.0050786582965218251
5.7899999999999201,0.0,0.0,0.0050459671697271023
5.7999999999999199,0.0,0.0,0.0050116378574723494
5.8099999999999197,0.0,0.0,0.0049756976946777167
5.8199999999999195,0.0,0.0,0.0049381697545219563
5.8299999999999192,0.0,0.0,0.0048990792125771718
5.839999999999919,0.0,0.0,0.0048584526386671418
5.8499999999999188,0.0,0.0,0.0048163158757442434
5.8599999999999186,0.0,0.0,0.0047726926265439619
5.8699999999999184,0.0,0.0,0.0047276101080669418
5.8799999999999182,0.0,0.0,0.0046810941033818788
5.889999999999918,0.0,0.0,0.0046331703754679491
5.8999999999999178,0.0,0.0,0.0045838639604847669
5.9099999999999175,0.0,0.0,0.0045332012878688691
5.9199999999999173,0.0,0.0,0.0044812108856641672
5.9299999999999171,0.0,0.0,0.0044279156099378165
5.9399999999999169,0.0,0.0,0.0043733432419564913
5.9499999999999167,0.0,0.0,0.0043175187170250446
5.9599999999999165,0.0,0.0,0.0042604726008040206
5.9699999999999163,0.0,0.0,0.0042022255508413243
5.979999999999916,0.0,0.0,0.0041428087987099909
5.9899999999999158,0.0,0.0,0.0040822479060159773
5.9999999999999156,0.0,0.0,0.004020569120911319
6.0099999999999154,0.0,0.0,0.0039577979662134338
6.0199999999999152,0.0,0.0,0.003893964887692899
6.029999999999915,0.0,0.0,0.0038290918395098637
6.0399999999999148,0.0,0.0,0.0037632120526842911
6.0499999999999146,0.0,0.0,0.0036963467383966126
6.0599999999999143,0.0,0.0,0.0036285262663161761
6.0699999999999141,0.0,0.0,0.0035597774583744127
6.0799999999999139,0.0,0.0,0.0034901278242824331
6.0899999999999137,0.0,0.0,0.0034196027390999873
6.0999999999999135,0.0,0.0,0.0033482332061455428
6.1099999999999133,0.0,0.0,0.0032760431548682083
6.1199999999999131,0.0,0.0,0.0032030607323454531
6.1299999999999129,0.0,0.0,0.0031293161858050593
6.1399999999999126,0.0,0.0,0.0030548348073616083
6.1499999999999124,0.0,0.0,0.0029796432851759641
6.1599999999999122,0.0,0.0,0.0029037732305174048
6.169999999999912,0.0,0.0,0.0028272470686788744
6.1799999999999118,0.0,0.0,0.0027500970873355832
6.1899999999999116,0.0,0.0,0.0026723492108533709
6.1999999999999114,0.0,0.0,0.0025940314668152146
6.2099999999999111,0.0,0.0,0.0025151732801796884
6.2199999999999109,0.0,0.0,0.0024357991264452928
6.2299999999999107,0.0,0.0,0.0023559405219521182
6.2399999999999105,0.0,0.0,0.0022756233292351288
6.2499999999999103,0.0,0.0,0.0021948769259965422
6.2599999999999101,0.0,0.0,0.0021137292689134496
6.2699999999999099,0.0,0.0,0.0020322068942768062
6.2799999999999097,0.0,0.0,0.0019503398546903087
6.2899999999999094,0.0,0.0,0.0018681546680790265
6.2999999999999092,0.0,0.0,0.0017856827794264308
6.309999999999909,0.0,0.0,0.0017029478698500635
6.3199999999999088,0.0,0.0,0.0016199813690915901
6.3299999999999086,0.0,0.0,0.0015368090592268739
6.3399999999999084,0.0,0.0,0.0014534630616814233
6.3499999999999082,0.0,0.0,0.0013699670315115158
6.3599999999999079,0.0,0.0,0.0012863530787965581
6.3699999999999077,0.0,0.0,0.0012026469641210099
6.3799999999999075,0.0,0.0,0.0011188779686544504
6.3899999999999073,0.0,0.0,0.0010350746652365904
6.3999999999999071,0.0,0.0,0.00095126491864823697
6.4099999999999069,0.0,0.0,0.0008674780012057307
6.4199999999999067,0.0,0.0,0.00078373895388971892
6.4299999999999065,0.0,0.0,0.00070008198014629038
6.4399999999999062,0.0,0.0,0.00061652859445569385
6.449999999999906,0.0,0.0,0.00053311229454330064
6.4599999999999058,0.0,0.0,0.00044985882458811874
6.4699999999999056,0.0,0.0,0.00036679745412181809
6.4799999999999054,0.0,0.0,0.00028395604462428276
6.4899999999999052,0.0,0.0,0.00020136245943015379
6.499999999999905,0.0,0.0,0.00011904597446092704
6.5099999999999048,0.0,0.0,3.7033754042227891e-05
6.5199999999999045,0.0,0.0,-4.4645624048653875e-05
6.5299999999999043,0.0,0.0,-0.00012596287285778079
6.5399999999999041,0.0,0.0,-0.00020689222500997351
6.5499999999999039,0.0,0.0,-0.00028740438353476319
6.5599999999999037,0.0,0.0,-0.00036746934077206366
6.5699999999999035,0.0,0.0,-0.00044706272177156517
6.5799999999999033,0.0,0.0,-0.00052615239097233795
6.589999999999903,0.0,0.0,-0.00060471466424255789
6.5999999999999028,0.0,0.0,-0.00068271809584313716
6.6099999999999026,0.0,0.0,-0.00076013757583539828
6.6199999999999024,0.0,0.0,-0.0008369409364264172
6.6299999999999022,0.0,0.0,-0.00091310586952965725
6.639999999999902,0.0,0.0,-0.00098860089336814667
6.6499999999999018,0.0,0.0,-0.0010633980407880801
6.6599999999999016,0.0,0.0,-0.0011374721538558207
6.6699999999999013,0.0,0.0,-0.0012107938342315681
6.6799999999999011,0.0,0.0,-0.0012833343769088391
6.6899999999999009,0.0,0.0,-0.0013550692953031213
6.6999999999999007,0.0,0.0,-0.0014259684508395381
6.7099999999999005,0.0,0.0,-0.0014960052174636453
6.7199999999999003,0.0,0.0,-0.0015651515464163563
6.7299999999999001,0.0,0.0,-0.0016333829009944239
6.7399999999998998,0.0,0.0,-0.0017006676806176472
6.7499999999998996,0.0,0.0,-0.0017669813215678541
6.7599999999998994,0.0,0.0,-0.0018322971311431203
6.7699999999998992,0.0,0.0,-0.0018965848766170587
6.779999999999899,0.0,0.0,-0.0019598220672789632
6.7899999999998988,0.0,0.0,-0.0020219777359926075
6.7999999999998986,0.0,0.0,-0.0020830265418123614
6.8099999999998984,0.0,0.0,-0.0021429424236861306
6.8199999999998981,0.0,0.0,-0.0022016971895200627
6.8299999999998979,0.0,0.0,-0.0022592654527545555
6.8399999999998977,0.0,0.0,-0.0023156189899272918
6.8499999999998975,0.0,0.0,-0.0023707323832492903
6.8599999999998973,0.0,0.0,-0.0024245801989165768
6.8699999999998971,0.0,0.0,-0.0024771334607076728
6.8799999999998969,0.0,0.0,-0.0025283681136900834
6.8899999999998967,0.0,0.0,-0.0025782558546716024
6.8999999999998964,0.0,0.0,-0.0026267733022694866
6.9099999999998962,0.0,0.0,-0.0026738914156280162
6.919999999999896,0.0,0.0,-0.002719586075868649
6.9299999999998958,0.0,0.0,-0.00276383103189763
6.9399999999998956,0.0,0.0,-0.0028066014277963809
6.9499999999998954,0.0,0.0,-0.0028478702750208773
6.9599999999998952,0.0,0.0,-0.0028876098631549271
6.9699999999998949,0.0,0.0,-0.002925799523199183
6.9799999999998947,0.0,0.0,-0.0029624108082050228
6.9899999999998945,0.0,0.0,-0.0029974187843571053
6.9999999999998943,0.0,0.0,-0.0030307970912221453
7.0099999999998941,0.0,0.0,-0.0030625242939860521
7.0199999999998939,0.0,0.0,-0.0030925704737282062
7.0299999999998937,0.0,0.0,-0.0031209141669149274
7.0399999999998935,0.0,0.0,-0.0031475310731566746
7.0499999999998932,0.0,0.0,-0.0031723905243671575
7.059999999999893,0.0,0.0,-0.0031954759582904224
7.0699999999998928,0.0,0.0,-0.0032167573865309633
7.0799999999998926,0.0,0.0,-0.0032362111614832531
7.0899999999998924,0.0,0.0,-0.0032538150360048104
7.0999999999998922,0.0,0.0,-0.0032695432208733645
7.109999999999892,0.0,0.0,-0.0032833706213876868
7.1199999999998917,0.0,0.0,-0.0032952756631687494
7.1299999999998915,0.0,0.0,-0.0033052332307412606
7.1399999999998913,0.0,0.0,-0.0033132174924616273
7.1499999999998911,0.0,0.0,-0.0033192082578774457
7.1599999999998909,0.0,0.0,-0.003323179677890439
7.1699999999998907,0.0,0.0,-0.0033251094271423082
7.1799999999998905,0.0,0.0,-0.0033249730539658693
7.1899999999998903,0.0,0.0,-0.0033227475129141868
7.19999999999989,0.0,0.0,-0.0033184090464695977
7.2099999999998898,0.0,0.0,-0.0033119367180629361
7.2199999999998896,0.0,0.0,-0.0033033053478678112
7.2299999999998894,0.0,0.0,-0.0032924946985486763
7.2399999999998892,0.0,0.0,-0.0032794788772725256
7.249999999999889,0.0,0.0,-0.0032642355223790054
7.2599999999998888,0.0,0.0,-0.0032467458049662444
7.2699999999998886,0.0,0.0,-0.0032269824157189113
7.2799999999998883,0.0,0.0,-0.0032049279406322941
7.2899999999998881,0.0,0.0,-0.0031805557794950794
7.2999999999998879,0.0,0.0,-0.0031538464029808194
7.3099999999998877,0.0,0.0,-0.0031247774586516466
7.3199999999998875,0.0,0.0,-0.0030933273056524616
7.3299999999998873,0.0,0.0,-0.0030594736025065972
7.3399999999998871,0.0,0.0,-0.0030231947216111318
7.3499999999998868,0.0,0.0,-0.0029844697507997037
7.3599999999998866,0.0,0.0,-0.0029432770803130017
7.3699999999998864,0.0,0.0,-0.002899595110985071
7.3799999999998862,0.0,0.0,-0.0028534036697216558
7.389999999999886,0.0,0.0,-0.002804681182489908
7.3999999999998858,0.0,0.0,-0.00275340467477254
7.4099999999998856,0.0,0.0,-0.0026995575528323615
7.4199999999998854,0.0,0.0,-0.0026431161678157214
7.4299999999998851,0.0,0.0,-0.0025840604252142332
7.4399999999998849,0.0,0.0,-0.0025223688355676616
7.4499999999998847,0.0,0.0,-0.0024580241747564763
7.4599999999998845,0.0,0.0,-0.002391884315338736
7.4699999999998843,0.0,0.0,-0.0023278337543201745
7.4799999999998841,0.0,0.0,-0.0022654343720876552
7.4899999999998839,0.0,0.0,-0.0022041022073648869
7.4999999999998836,0.0,0.0,-0.0021438149515061924
7.5099999999998834,0.0,0.0,-0.0020845516967802971
7.5199999999998832,0.0,0.0,-0.0020262901070801139
7.529999999999883,0.0,0.0,-0.0019690106634226794
7.5399999999998828,0.0,0.0,-0.0019126888815315614
7.5499999999998826,0.0,0.0,-0.0018573059255293355
7.5599999999998824,0.0,0.0,-0.0018028394101444758
7.5699999999998822,0.0,0.0,-0.0017492669387246702
7.5799999999998819,0.0,0.0,-0.0016965675190823235
7.5899999999998817,0.0,0.0,-0.0016447215641499197
7.5999999999998815,0.0,0.0,-0.0015937016921322622
7.6099999999998813,0.0,0.0,-0.0015434925424352331
7.6199999999998811,0.0,0.0,-0.0014940695451626509
7.6299999999998809,0.0,0.0,-0.001445409536713699
7.6399999999998807,0.0,0.0,-0.0013974928836054531
7.6499999999998805,0.0,0.0,-0.0013502964054537929
7.6599999999998802,0.0,0.0,-0.0013037990373533741
7.66999999999988,0.0,0.0,-0.0012579789988982181
7.6799999999998798,0.0,0.0,-0.0012128145025372755
7.6899999999998796,0.0,0.0,-0.0011682809223497129
7.6999999999998794,0.0,0.0,-0.0011243607041687617
7.7099999999998792,0.0,0.0,-0.0010810270854892052
7.719999999999879,0.0,0.0,-0.0010382632077775467
7.7299999999998787,0.0,0.0,-0.0009960422964981838
7.7399999999998785,0.0,0.0,-0.00095434606616238678
7.7499999999998783,0.0,0.0,-0.00091314773122425921
7.7599999999998781,0.0,0.0,-0.00087243182787800368
7.7699999999998779,0.0,0.0,-0.00083217014491471382
7.7799999999998777,0.0,0.0,-0.00079234296160069558
7.7899999999998775,0.0,0.0,-0.00075292984545890758
7.7999999999998773,0.0,0.0,-0.00071390469596004829
7.809999999999877,0.0,0.0,-0.00067524848870949034
7.8199999999998768,0.0,0.0,-0.00063693865577603643
7.8299999999998766,0.0,0.0,-0.00059895050202897666
7.8399999999998764,0.0,0.0,-0.00056126499307144247
7.8499999999998762,0.0,0.0,-0.00052385955177688709
7.859999999999876,0.0,0.0,-0.00048670876625670899
7.8699999999998758,0.0,0.0,-0.00044979430222621887
7.8799999999998755,0.0,0.0,-0.00041309145116908379
7.8899999999998753,0.0,0.0,-0.00037657833434760697
7.8999999999998751,0.0,0.0,-0.00034023377944493482
7.9099999999998749,0.0,0.0,-0.00030403519636577035
7.9199999999998747,0.0,0.0,-0.00026795857745660944
7.9299999999998745,0.0,0.0,-0.00023198416208997037
7.9399999999998743,0.0,0.0,-0.00019608723229995904
7.9499999999998741,0.0,0.0,-0.00016024731738950853
7.9599999999998738,0.0,0.0,-0.00012444182208737307
7.9699999999998736,0.0,0.0,-8.8648858475084513e-05
7.9799999999998734,0.0,0.0,-5.2844414362756696e-05
7.9899999999998732,0.0,0.0,-1.7007309530029945e-05
7.999999999999873,0.0,0.0,1.8883636041583573e-05
8.0099999999998737,0.0,0.0,5.4853142520313908e-05
8.0199999999998735,0.0,0.0,9.0920264896247383e-05
8.0299999999998732,0.0,0.0,0.00012711043025209303
8.039999999999873,0.0,0.0,0.00016344481629599426
8.0499999999998728,0.0,0.0,0.00019994389174842549
8.0599999999998726,0.0,0.0,0.00023663237226732498
8.0699999999998724,0.0,0.0,0.00027353072387750131
8.0799999999998722,0.0,0.0,0.00031066295113850743
8.089999999999872,0.0,0.0,0.0003480488083992849
8.0999999999998717,0.0,0.0,0.00038571300444984402
8.1099999999998715,0.0,0.0,0.00042367528932802767
8.1199999999998713,0.0,0.0,0.00046195824284560598
8.1299999999998711,0.0,0.0,0.00050058656611793489
8.1399999999998709,0.0,0.0,0.00053958000121017119
8.1499999999998707,0.0,0.0,0.00057896111906886654
8.1599999999998705,0.0,0.0,0.00061875036339926646
8.1699999999998703,0.0,0.0,0.00065897383819902948
8.17999999999987,0.0,0.0,0.00069964843963033776
8.1899999999998698,0.0,0.0,0.00074080167971667847
8.1999999999998696,0.0,0.0,0.00078245115431262527
8.2099999999998694,0.0,0.0,0.00082462011857117716
8.2199999999998692,0.0,0.0,0.00086733111479810185
8.229999999999869,0.0,0.0,0.00091060526422409452
8.2399999999998688,0.0,0.0,0.00095446580666659934
8.2499999999998685,0.0,0.0,0.00099893243651146772
8.2599999999998683,0.0,0.0,0.001044027673969202
8.2699999999998681,0.0,0.0,0.0010897747409700366
8.2799999999998679,0.0,0.0,0.0011361954368767013
8.2899999999998677,0.0,0.0,0.0011833080150538836
8.2999999999998675,0.0,0.0,0.0012311392161140464
8.3099999999998673,0.0,0.0,0.0012797051553585233
8.3199999999998671,0.0,0.0,0.0013290332657153946
8.3299999999998668,0.0,0.0,0.0013791389389979332
8.3399999999998666,0.0,0.0,0.0014300502991957873
8.3499999999998664,0.0,0.0,0.0014817834286928748
8.3599999999998662,0.0,0.0,0.0015343621865512008
8.369999999999866,0.0,0.0,0.0015878090066225529
8.3799999999998658,0.0,0.0,0.0016421420663106142
8.3899999999998656,0.0,0.0,0.0016973851946809533
8.3999999999998654,0.0,0.0,0.0017535607943433939
8.4099999999998651,0.0,0.0,0.0018106870108123964
8.4199999999998649,0.0,0.0,0.0018687869317620886
8.4299999999998647,0.0,0.0,0.0019278822174011243
8.4399999999998645,0.0,0.0,0.0019879909775930072
8.4499999999998643,0.0,0.0,0.0020491383853052246
8.4599999999998641,0.0,0.0,0.0021113432317110248
8.4699999999998639,0.0,0.0,0.0021746271245052288
8.4799999999998636,0.0,0.0,0.0022390109495292339
8.4899999999998634,0.0,0.0,0.0023045148703763865
8.4999999999998632,0.0,0.0,0.0023711597428029466
8.509999999999863,0.0,0.0,0.0024389692364727694
8.5199999999998628,0.0,0.0,0.0025079599301996683
8.5299999999998626,0.0,0.0,0.002578154045561941
8.5399999999998624,0.0,0.0,0.0026495759083660459
8.5499999999998622,0.0,0.0,0.002722239216172621
8.5599999999998619,0.0,0.0,0.0027961696727643844
8.5699999999998617,0.0,0.0,0.0028713873037962507
8.5799999999998615,0.0,0.0,0.0029479107008205138
8.5899999999998613,0.0,0.0,0.0030257619711425792
8.5999999999998611,0.0,0.0,0.0031049582506456697
8.6099999999998609,0.0,0.0,0.0031855244322192885
8.6199999999998607,0.0,0.0,0.0032674783148099124
8.6299999999998604,0.0,0.0,0.0033508405027494028
8.6399999999998602,0.0,0.0,0.0034356287487267226
8.64999999999986,0.0,0.0,0.0035218685577763729
8.6599999999998598,0.0,0.0,0.0036095740980667014
8.6699999999998596,0.0,0.0,0.0036987687023373409
8.6799999999998594,0.0,0.0,0.0037894721418574961
8.6899999999998592,0.0,0.0,0.003881701333232325
8.699999999999859,0.0,0.0,0.0039754809397983147
8.7099999999998587,0.0,0.0,0.0040708264074676747
8.7199999999998585,0.0,0.0,0.0041677595134342778
8.7299999999998583,0.0,0.0,0.0042662977640137087
8.7399999999998581,0.0,0.0,0.0043664642869990335
8.7499999999998579,0.0,0.0,0.0044682758183659833
8.7599999999998577,0.0,0.0,0.0045717497681605993
8.7699999999998575,0.0,0.0,0.004676911989619989
8.7799999999998573,0.0,0.0,0.0047837741722721134
8.789999999999857,0.0,0.0,0.0048923620977173489
8.7999999999998568,0.0,0.0,0.005002689502931432
8.8099999999998566,0.0,0.0,0.0051147792688863158
8.8199999999998564,0.0,0.0,0.0052286485879241293
8.8299999999998562,0.0,0.0,0.0053443160251073346
8.839999999999856,0.0,0.0,0.0054618022232173994
8.8499999999998558,0.0,0.0,0.0055811242528446764
8.8599999999998555,0.0,0.0,0.005702301966034014
8.8699999999998553,0.0,0.0,0.0058253530532039518
8.8799999999998551,0.0,0.0,0.0059502979833027346
8.8899999999998549,0.0,0.0,0.0060771522389216496
8.8999999999998547,0.0,0.0,0.0062059361961722152
8.9099999999998545,0.0,0.0,0.0063366687711771379
8.9199999999998543,0.0,0.0,0.0064693674196559057
8.9299999999998541,0.0,0.0,0.006604050252819676
8.9399999999998538,0.0,0.0,0.006740735330333418
8.9499999999998536,0.0,0.0,0.0068794420698174812
8.9599999999998534,0.0,0.0,0.0070201863085528624
8.9699999999998532,0.0,0.0,0.0071629887653027061
8.979999999999853,0.0,0.0,0.007307864461315686
8.9899999999998528,0.0,0.0,0.0074548325911134488
8.9999999999998526,0.0,0.0,0.0076039115850137801
9.0099999999998523,0.0,0.0,0.0077551184032949904
9.0199999999998521,0.0,0.0,0.0079084699453351483
9.0299999999998519,0.0,0.0,0.0080639858664508287
9.0399999999998517,0.0,0.0,0.0082216801211201177
9.0499999999998515,0.0,0.0,0.0083815743484840326
9.0599999999998513,0.0,0.0,0.0085436816672344214
9.0699999999998511,0.0,0.0,0.0087080221724472728
9.0799999999998509,0.0,0.0,0.0088746130714309097
9.0899999999998506,0.0,0.0,0.009043468684969495
9.0999999999998504,0.0,0.0,0.0092146095979665481
9.1099999999998502,0.0,0.0,0.009388051393086766
9.11999999999985,0.0,0.0,0.0095638081712205898
9.1299999999998498,0.0,0.0,0.0097419016978111759
9.1399999999998496,0.0,0.0,0.0099223452152208715
9.1499999999998494,0.0,0.0,0.010105154702028612
9.1599999999998492,0.0,0.0,0.010290350275465026
9.1699999999998489,0.0,0.0,0.010477945639423905
9.1799999999998487,0.0,0.0,0.010667957930627501
9.1899999999998485,0.0,0.0,0.010860403496500462
9.1999999999998483,0.0,0.0,0.011055299299792916
9.2099999999998481,0.0,0.0,0.011252660808453663
9.2199999999998479,0.0,0.0,0.011452503400337394
9.2299999999998477,0.0,0.0,0.011654843063965852
9.2399999999998474,0.0,0.0,0.011859697800810847
9.2499999999998472,0.0,0.0,0.012067082706306478
9.259999999999847,0.0,0.0,0.012277012077436001
9.2699999999998468,0.0,0.0,0.012489502920906736
9.2799999999998466,0.0,0.0,0.012704570036331341
9.2899999999998464,0.0,0.0,0.012922229524914886
9.2999999999998462,0.0,0.0,0.013142497383020426
9.309999999999846,0.0,0.0,0.013365387396864702
9.3199999999998457,0.0,0.0,0.013590916050909022
9.3299999999998455,0.0,0.0,0.013819099718821332
9.3399999999998453,0.0,0.0,0.014049951157995731
9.3499999999998451,0.0,0.0,0.014283486518215156
9.3599999999998449,0.0,0.0,0.014519721833065241
9.3699999999998447,0.0,0.0,0.014758668816419894
9.3799999999998445,0.0,0.0,0.015000346768456924
9.3899999999998442,0.0,0.0,0.015244765764234921
9.399999999999844,0.0,0.0,0.015491944158975786
9.4099999999998438,0.0,0.0,0.015741893882891617
9.4199999999998436,0.0,0.0,0.01599463303774212
9.4299999999998434,0.0,0.0,0.016250171201636097
9.4399999999998432,0.0,0.0,0.016508526217447299
9.449999999999843,0.0,0.0,0.016769710899033938
9.4599999999998428,0.0,0.0,0.017033740722783554
9.4699999999998425,0.0,0.0,0.017300627534725416
9.4799999999998423,0.0,0.0,0.017570387235510326
9.4899999999998421,0.0,0.0,0.017843032092551891
9.4999999999998419,0.0,0.0,0.01811857702479578
9.5099999999998417,0.0,0.0,0.018397036107882351
9.5199999999998415,0.0,0.0,0.018678422573065227
9.5299999999998413,0.0,0.0,0.01896274950371777
9.5399999999998411,0.0,0.0,0.019250029833685275
9.5499999999998408,0.0,0.0,0.01954027843549349
9.5599999999998406,0.0,0.0,0.019833507238331355
9.5699999999998404,0.0,0.0,0.020129731498825871
9.5799999999998402,0.0,0.0,0.020428960045479505
9.58999999999984,0.0,0.0,0.020731211992726449
9.5999999999998398,0.0,0.0,0.021036494453870975
9.6099999999998396,0.0,0.0,0.021344823428403051
9.6199999999998393,0.0,0.0,0.021656211266637811
9.6299999999998391,0.0,0.0,0.021970669454900463
9.6399999999998389,0.0,0.0,0.022288210699322769
9.6499999999998387,0.0,0.0,0.022608848920996946
9.6599999999998385,0.0,0.0,0.022932594390624134
9.6699999999998383,0.0,0.0,0.023259460674632994
9.6799999999998381,0.0,0.0,0.023589460462759771
9.6899999999998379,0.0,0.0,0.023922604873847165
9.6999999999998376,0.0,0.0,0.02425890415012491
9.7099999999998374,0.0,0.0,0.024598372508218995
9.7199999999998372,0.0,0.0,0.024941021199587077
9.729999999999837,0.0,0.0,0.025286861285158675
9.7399999999998368,0.0,0.0,0.025635903633019878
9.7499999999998366,0.0,0.0,0.025988160992309762
9.7599999999998364,0.0,0.0,0.026343644527811225
9.7699999999998361,0.0,0.0,0.026702363821342334
9.7799999999998359,0.0,0.0,0.027064332401586285
9.7899999999998357,0.0,0.0,0.027429558751701413
9.7999999999998355,0.0,0.0,0.027798054605088812
9.8099999999998353,0.0,0.0,0.028169830793637531
9.8199999999998351,0.0,0.0,0.028544897937227358
9.8299999999998349,0.0,0.0,0.028923267131199477
9.8399999999998347,0.0,0.0,0.029304946496395361
9.8499999999998344,0.0,0.0,0.029689949451524242
9.8599999999998342,0.0,0.0,0.030078282301314329
9.869999999999834,0.0,0.0,0.030469958019292177
9.8799999999998338,0.0,0.0,0.030864985906844576
