0.0,0.004131992983082775,0.010950734483710206,0.085915474642071402
0.010000000000000002,-0.0038951304487617154,0.0047687944767974234,0.094740681470702998
0.020000000000000004,-0.011848399280664222,-0.0013329897800151052,0.1035666456090704
0.030000000000000006,-0.019728624763416625,-0.0073553978018336009,0.11239420428555322
0.040000000000000001,-0.027536581126637885,-0.013299188026643446,0.12122417366494381
0.049999999999999996,-0.035273005153634927,-0.019165097631853652,0.13005734797267565
0.059999999999999991,-0.042938595770859039,-0.024953842375313097,0.13889449859067457
0.069999999999999979,-0.050534013656846288,-0.030666116461946308,0.1477363731562443
0.079999999999999988,-0.058059880895593066,-0.03630259245104539,0.15658369473348022
0.089999999999999969,-0.065516780676203534,-0.0418639212078247,0.16543716102680014
0.099999999999999978,-0.072905256971784821,-0.047350731855419839,0.17429744347295756
0.10999999999999999,-0.080225814252663702,-0.05276363176015364,0.1831651863742049
0.12,-0.087478917261772718,-0.058103206568203884,0.19204100613282094
0.13,-0.094664990787610773,-0.063370020252483547,0.20092549041634172
0.14000000000000001,-0.10178441944500125,-0.068564615174282889,0.20981919729843029
0.15000000000000002,-0.10883754748351872,-0.073687512172455699,0.21872265441822203
0.16000000000000003,-0.11582467864407039,-0.078739210693733838,0.22763635819616893
0.17000000000000004,-0.12274607601587965,-0.083720188931585116,0.23656077300634124
0.18000000000000005,-0.12960196190968853,-0.088630903983521261,0.2454963303407558
0.19000000000000006,-0.13639251774907812,-0.093471792027464376,0.25444342797194769
0.20000000000000007,-0.14311788401038533,-0.098243268537700226,0.26340242916751178
0.21000000000000005,-0.14977816015561998,-0.10294572850171035,0.27237366185355116
0.22000000000000006,-0.15637340458361329,-0.10757954665464524,0.28135741777317952
0.23000000000000007,-0.16290363463279695,-0.11214507775372169,0.29035395170288508
0.24000000000000007,-0.16936882657583985,-0.11664265685101284,0.29936348061465129
0.25000000000000011,-0.17576891565391409,-0.12107259959680035,0.30838618287188102
0.26000000000000012,-0.18210379612531979,-0.12543520255552867,0.31742219741262073
0.27000000000000013,-0.18837332132920986,-0.12973074353424627,0.32647162292163773
0.28000000000000014,-0.19457730380349084,-0.13395948194981641,0.33553451705868009
0.29000000000000015,-0.20071551539247209,-0.1381216591898842,0.34461089563053626
0.30000000000000016,-0.20678768739285225,-0.14221749900039146,0.35370073179055
0.31000000000000016,-0.21279351074307243,-0.14624720790243301,0.36280395527409748
0.32000000000000017,-0.2187326362076481,-0.15021097560444388,0.37192045158576614
0.33000000000000018,-0.22460467461410052,-0.15410897544866728,0.38105006123718282
0.34000000000000019,-0.23040919711687063,-0.15794136487352528,0.39019257899074361
0.3500000000000002,-0.23614573548504272,-0.1617082858889814,0.39934775310366227
0.36000000000000021,-0.24181378241300003,-0.1654098655635487,0.4085152845706107
0.37000000000000022,-0.247412791880394,-0.16904621654023316,0.41769482640923594
0.38000000000000023,-0.25294217954329684,-0.17261743756817161,0.42688598295752322
0.39000000000000024,-0.25840132314417485,-0.17612361404070837,0.43608830916196001
0.40000000000000024,-0.26378956297785644,-0.17956481856447751,0.44530130991909916
0.41000000000000025,-0.26910620238964944,-0.18294111154232795,0.4545244394301598
0.42000000000000026,-0.27435050828995455,-0.1862525417586022,0.46375710054221592
0.43000000000000027,-0.27952171174066659,-0.18949914700350162,0.47299864416933668
0.44000000000000028,-0.28461900857648509,-0.19268095471050761,0.4822483687315815
0.45000000000000029,-0.28964156003476094,-0.19579798258811701,0.49150551956746402
0.46000000000000024,-0.29458849347322802,-0.19885023929872589,0.5007692884543663
0.47000000000000025,-0.29945890310989753,-0.20183772513920997,0.51003881312609323
0.48000000000000026,-0.3042518508008244,-0.20476043273285752,0.51931317681479927
0.49000000000000027,-0.30896636688613399,-0.20761834775227456,0.52859140786929304
0.50000000000000022,-0.31360145106445819,-0.2104114496453294,0.53787247938301985
0.51000000000000023,-0.31815607332807155,-0.21313971238496859,0.54715530888740183
0.52000000000000024,-0.32262917493768717,-0.21580310522776383,0.55643875807567833
0.53000000000000025,-0.32701966945817795,-0.21840159349445729,0.56572163259495523
0.54000000000000026,-0.33132644383696919,-0.22093513935932024,0.57500268187622205
0.55000000000000027,-0.33552900566104382,-0.22339466587694337,0.58422054089841313
0.56000000000000028,-0.33952974732540325,-0.2257346898157539,0.5930735939388545
0.57000000000000028,-0.34323177516228609,-0.2279092153242871,0.60126034259367578
0.58000000000000029,-0.3466159212517097,-0.22990831397440997,0.60871973023836545
0.5900000000000003,-0.34968242453091408,-0.23173117117624334,0.61545091333489266
0.60000000000000031,-0.35243159728743584,-0.23337701467871075,0.6214531934352715
0.61000000000000032,-0.35486382933122768,-0.23484511725865259,0.62672602630084617
0.62000000000000033,-0.35697959155064973,-0.23613479906339896,0.63126902968213006
0.63000000000000034,-0.35877943882849206,-0.23724542958950234,0.63508198969905705
0.64000000000000035,-0.36026401229993749,-0.23817642928367655,0.63816486577350695
0.65000000000000036,-0.36143404093900444,-0.23892727075446224,0.64051779407560028
0.66000000000000036,-0.36229034244970482,-0.23949747957597353,0.6421410894290096
0.67000000000000037,-0.36283382344875076,-0.23988663467158289,0.64303524564096015
0.68000000000000038,-0.36306547895075414,-0.24009436828098674,0.6432009342671634
0.69000000000000039,-0.36298639114891657,-0.24012036550187932,0.64263900179215172
0.7000000000000004,-0.36259772748117935,-0.23996436339506161,0.64135046520180927
0.71000000000000041,-0.36190073800050393,-0.23962614966062296,0.63933650597791469
0.72000000000000042,-0.36089675205846106,-0.23910556088620122,0.63659846252943952
0.73000000000000043,-0.35958717432256193,-0.23840248037561196,0.63313782109700967
0.74000000000000044,-0.35797348012298846,-0.23751683554958736,0.62895620512562567
0.75000000000000044,-0.35605721016741232,-0.23644859493868675,0.6240553631778627
0.76000000000000045,-0.35383996464821815,-0.2351977647788312,0.61843715543672773
0.77000000000000046,-0.35132339676380658,-0.23376438521817,0.61210353884425373
0.78000000000000047,-0.34850920569010924,-0.23214852615353565,0.60505655094896249
0.79000000000000048,-0.34539912901221309,-0.23035028269728647,0.59729829249131539
0.80000000000000049,-0.34199493468431019,-0.22836977031422026,0.5888309088595971
0.8100000000000005,-0.33829841253721171,-0.22620711963579201,0.57965657046455654
0.82000000000000051,-0.33431136536131145,-0.22386247096468129,0.56977745209802655
0.83000000000000052,-0.33003559962946732,-0.22133596850727416,0.55919571140514202
0.84000000000000052,-0.32547291587644306,-0.21862775434002221,0.54791346651875061
0.85000000000000053,-0.32062509879405743,-0.21573796214416199,0.5359327729786223
0.86000000000000054,-0.31553274157427508,-0.21268484897205875,0.52330995693977644
0.87000000000000055,-0.31039145001063795,-0.20955895640999644,0.51031839463421713
0.88000000000000056,-0.30539603840277418,-0.20645020547279891,0.49723056064351634
0.89000000000000057,-0.30058546916567908,-0.20337562625379646,0.48410076938033447
0.90000000000000058,-0.29595980053676324,-0.20033409800632176,0.47092882723431739
0.91000000000000059,-0.2915190722525321,-0.19732451319576322,0.4577144904093336
0.9200000000000006,-0.2872633076834189,-0.19434577815322102,0.44445746721613238
0.9300000000000006,-0.28319251582957067,-0.19139681367936037,0.43115742032151
0.94000000000000061,-0.27930669323120877,-0.18847655563623861,0.41781396903767398
0.95000000000000062,-0.27560582574301584,-0.18558395549434248,0.40442669157260669
0.96000000000000063,-0.27208989019358243,-0.18271798085043486,0.39099512727400071
0.97000000000000064,-0.26875885594353133,-0.17987761592688112,0.37751877888827784
0.98000000000000065,-0.26561268632298801,-0.177061862040751,0.36399711480523356
0.99000000000000066,-0.26265133995873619,-0.17426973805112947,0.35042957130618912
1.0000000000000007,-0.25987477198953102,-0.17150028078501023,0.33681555481419473
1.0100000000000007,-0.25728293518307649,-0.16875254545221124,0.32315444416649941
1.0200000000000007,-0.25487127893659883,-0.16603216049934108,0.30949604628574628
1.0300000000000007,-0.25261691598004116,-0.1633713922789613,0.29609174956544082
1.0400000000000007,-0.25049619813547358,-0.16080331411505644,0.28319242923251825
1.0500000000000007,-0.24850313284214487,-0.15833493020503625,0.27084691552225376
1.0600000000000007,-0.24663622915223149,-0.15596664159315643,0.25905367007526403
1.0700000000000007,-0.24489400340657375,-0.15369886724568924,0.24781126390323804
1.0800000000000007,-0.24327497875752296,-0.15153204400232428,0.2371183739521876
1.0900000000000007,-0.2417776845039733,-0.14946662632725882,0.22697377890180312
1.1000000000000008,-0.24040065526071397,-0.14750308587399327,0.21737635426356966
1.1100000000000008,-0.23914243007425054,-0.14564191093361575,0.20832506692253119
1.1200000000000008,-0.2380015513643155,-0.14388360569152947,0.19981896903913238
1.1300000000000008,-0.2369765637948357,-0.14222868935644165,0.19185719143781249
1.1400000000000008,-0.23606601306159439,-0.1406776951541627,0.18443893650235832
1.1500000000000008,-0.23526844457530297,-0.1392311691729779,0.17756347058393399
1.1600000000000008,-0.23458240209819731,-0.13788966909633366,0.17123011600034962
1.1700000000000008,-0.23399710031832349,-0.13664475372921492,0.16539456977642866
1.1800000000000008,-0.23346475879057862,-0.13545175854521482,0.15983800039665697
1.1900000000000008,-0.23293835687308129,-0.13426567315550011,0.15434192373446012
1.2000000000000008,-0.2324085925119925,-0.13307753652533333,0.1488627611008651
1.2100000000000009,-0.23187551399053821,-0.13188744712215861,0.14340062275448998
1.2200000000000009,-0.23133916797270354,-0.13069550144601708,0.13795561312602561
1.2300000000000009,-0.23079959956912405,-0.12950179408604459,0.13252783102517127
1.2400000000000009,-0.23025685231072754,-0.12830641772433357,0.12711736978683075
1.2500000000000009,-0.22971096815547704,-0.12710946315911506,0.12172431743774591
1.2600000000000009,-0.2291619875448124,-0.12591101935558494,0.11634875688759352
1.2700000000000009,-0.2286099494019101,-0.12471117346424002,0.11099076608511048
1.2800000000000009,-0.22805489113631328,-0.12351001084287566,0.10565041817565873
1.2900000000000009,-0.22749684866583736,-0.12230761508844937,0.10032778166730041
1.3000000000000009,-0.22693585646073791,-0.12110406808039953,0.09502292060155057
1.3100000000000009,-0.22637194752693393,-0.11989944999154514,0.089735894696573199
1.320000000000001,-0.22580515342945462,-0.11869383932022218,0.0844667595040514
1.330000000000001,-0.22523550435475162,-0.11748731294318625,0.079215566580160129
1.340000000000001,-0.22466302906290597,-0.11627994611005665,0.073982363609999297
1.350000000000001,-0.22408775494802904,-0.11507181249475597,0.068767194571263374
1.360000000000001,-0.22350970806192141,-0.11386298422750653,0.063570099881380501
1.370000000000001,-0.22292891309159199,-0.11265353190292075,0.058391116527565123
1.380000000000001,-0.22234539342070198,-0.11144352463118266,0.053230278220610529
1.390000000000001,-0.22175917113621443,-0.11023303006096354,0.048087615529556926
1.400000000000001,-0.22117026703841686,-0.10902211440389371,0.042963156014699938
1.410000000000001,-0.22057870066014423,-0.10781084246390278,0.037856924362448911
1.420000000000001,-0.21998449028962971,-0.10659927766785963,0.03276894251682242
1.430000000000001,-0.21938765301120042,-0.10538748210479763,0.027699229811697656
1.4400000000000011,-0.21878820470850371,-0.10417551654644362,0.022647803092971572
1.4500000000000011,-0.21818616006759706,-0.10296344046795702,0.017614676840934526
1.4600000000000011,-0.21758153259687094,-0.10175131207666994,0.012599863292822762
1.4700000000000011,-0.21697433468091218,-0.10053918835638084,0.0076033725645621129
1.4800000000000011,-0.21636457758478633,-0.099327125087928195,0.0026252127652782982
1.4900000000000011,-0.21575227144010609,-0.098115176861479164,-0.0023346098892106405
1.5000000000000011,-0.21513742533167099,-0.096903397134653957,-0.0072760909643964089
1.5100000000000011,-0.21452004724614912,-0.095691838227726159,-0.012199227695826473
1.5200000000000011,-0.21390014411296518,-0.094480551360068235,-0.01710401888352189
1.5300000000000011,-0.21327772188526117,-0.093269586704539331,-0.021990464789382387
1.5400000000000011,-0.21265278546332114,-0.092058993370976588,-0.026858567029736841
1.5500000000000012,-0.21202533876062643,-0.090848819453261134,-0.031708328477501206
1.5600000000000012,-0.21139538474040487,-0.08963911206255934,-0.03653975316664837
1.5700000000000012,-0.21076292539571145,-0.088429917335974648,-0.041352846191326904
1.5800000000000012,-0.21012796182859236,-0.087221280486979552,-0.046147613624313494
1.5900000000000012,-0.2094904941940631,-0.086013245799068647,-0.05092406240960632
1.6000000000000012,-0.20885052173361249,-0.084805856656357065,-0.055682200276835084
1.6100000000000012,-0.20820804285472155,-0.083599155593254593,-0.060422035666466575
1.6200000000000012,-0.20756305509106099,-0.082393184293951996,-0.065143577633029998
1.6300000000000012,-0.20691555515940521,-0.081187983631528751,-0.069846835772657309
1.6400000000000012,-0.20626553894927019,-0.07998359367964511,-0.074531820134019017
1.6500000000000012,-0.20561300153932474,-0.078780053734802805,-0.079198541138520318
1.6600000000000013,-0.20495793723960246,-0.077577402348237429,-0.083847009511881107
1.6700000000000013,-0.20430033959994898,-0.076375677344324724,-0.088477236206568832
1.6800000000000013,-0.20364020144282458,-0.075174915847752183,-0.093089232336713679
1.6900000000000013,-0.20297751482324225,-0.073975154283755395,-0.097683009080231947
1.7000000000000013,-0.20231227111671848,-0.072776428424979916,-0.10225857764329663
1.7100000000000013,-0.20164446103391623,-0.071578773411287294,-0.10681594919154809
1.7200000000000013,-0.20097407457674255,-0.070382223747500042,-0.11135513475711159
1.7300000000000013,-0.20030110112147881,-0.069186813347439091,-0.11587614520733257
1.7400000000000013,-0.19962552940388817,-0.067992575541947486,-0.12037899116782622
1.7500000000000013,-0.19894734754915225,-0.066799543102634917,-0.12486368297055743
1.7600000000000013,-0.19826654307687891,-0.065607748256902437,-0.12933023058855947
1.7700000000000014,-0.19758310291825038,-0.064417222706663085,-0.13377864358013322
1.7800000000000014,-0.1968970134803168,-0.063227997662090737,-0.13820893106702539
1.7900000000000014,-0.19620826059237101,-0.062040103836627933,-0.14262110163445765
1.8000000000000014,-0.1955170209554164,-0.060853710294046542,-0.14701494078147825
1.8100000000000014,-0.19482424222965164,-0.059669545430962589,-0.15138934938389792
1.8200000000000014,-0.19413088827803612,-0.058488347924645946,-0.15574324453243235
1.8300000000000014,-0.19343716993122534,-0.057310306068174589,-0.1600764458381374
1.8400000000000014,-0.19274310761998603,-0.056135468681878006,-0.16438899834616477
1.8500000000000014,-0.19204872085639435,-0.054963883625647171,-0.16868094862069258
1.8600000000000014,-0.19135402829980158,-0.053795597832597096,-0.17295234472451188
1.8700000000000014,-0.19065904776948275,-0.052630657326514514,-0.17720323615729711
1.8800000000000014,-0.18996379624929599,-0.051469107236533862,-0.18143367378951686
1.8900000000000015,-0.18926828990488656,-0.050310991815503484,-0.1856437098074947
1.9000000000000015,-0.1885725441207258,-0.049156354462844221,-0.1898333976821234
1.9100000000000015,-0.18787657349047956,-0.048005237735028843,-0.19400279209211835
1.9200000000000015,-0.18718039181680954,-0.046857683358174661,-0.19815194885878951
1.9300000000000015,-0.18648401217168015,-0.045713732256235713,-0.20228092494303843
1.9400000000000015,-0.18578744689109614,-0.044573424561496981,-0.2063897783796666
1.9500000000000015,-0.18509070758523805,-0.043436799628985924,-0.21047856822790414
1.9600000000000013,-0.18439380514204104,-0.042303896049273537,-0.21454735451512016
1.9700000000000011,-0.18369674977304354,-0.041174751670601119,-0.21859619823199583
1.9800000000000009,-0.18299955100187229,-0.0400494036075928,-0.22262516126231996
1.9900000000000007,-0.18230221768815186,-0.038927888257306587,-0.22663430635812862
2.0000000000000004,-0.1816047580458699,-0.037810241314331042,-0.23062369710722619
2.0100000000000002,-0.18090717961983577,-0.036696497776187054,-0.23459339785224015
2.02,-0.18020948936210865,-0.035586691969719572,-0.23854347373623339
2.0299999999999998,-0.17951169362074487,-0.034480857558436738,-0.2424739906410189
2.0399999999999996,-0.1788137981102991,-0.033379027546542955,-0.24638501509974059
2.0499999999999994,-0.17811580796360055,-0.032281234298907779,-0.25027661431805831
2.0599999999999992,-0.17741772775234299,-0.031187509554164425,-0.25414885615760707
2.069999999999999,-0.17671956148686843,-0.030097884433454077,-0.25800180909326131
2.0799999999999987,-0.17602131261890172,-0.029012389449910247,-0.2618355421735204
2.0899999999999985,-0.17532298405318358,-0.027931054519425826,-0.26565012499525265
2.0999999999999983,-0.17462457818645125,-0.026853908975454255,-0.26944562772157266
2.1099999999999981,-0.17392609688550364,-0.025780981573637687,-0.27322212100972398
2.1199999999999979,-0.17322754151148023,-0.024712300503497729,-0.27697967601050066
2.1299999999999977,-0.17252891294131711,-0.023647893399542264,-0.2807183643643299
2.1399999999999975,-0.17183021155582323,-0.022587787346869836,-0.28443825814758128
2.1499999999999972,-0.17113143726538371,-0.021532008892211726,-0.28813942987844399
2.159999999999997,-0.17043258952707027,-0.020480584053120102,-0.29182195251284959
2.1699999999999968,-0.16973366733589088,-0.019433538323760144,-0.29548589939698905
2.1799999999999966,-0.16903466923950244,-0.018390896683333727,-0.29913134426116356
2.1899999999999964,-0.16833559336308707,-0.017352683605542846,-0.30275836123212918
2.1999999999999962,-0.16763643740119727,-0.016318923063679838,-0.30636702479047329
2.209999999999996,-0.16693719863285381,-0.015289638538343045,-0.30995740976890812
2.2199999999999958,-0.16623787393891454,-0.014264853024900936,-0.31352959135712077
2.2299999999999955,-0.16553845979286214,-0.01324458903831234,-0.31708364505814346
2.2399999999999953,-0.16483895228377443,-0.012228868620454414,-0.32061964670649401
2.2499999999999951,-0.16413934712493816,-0.011217713346147892,-0.32413767246005654
2.2599999999999949,-0.16343963964769515,-0.010211144327606267,-0.32763779876517907
2.2699999999999947,-0.16273982483198773,-0.0092091822214403346,-0.33112010239396111
2.2799999999999945,-0.16203989729509349,-0.0082118472325012765,-0.3345846604006304
2.2899999999999943,-0.16133985130986817,-0.0072191591193200427,-0.33803155013817876
2.299999999999994,-0.1606396808100316,-0.0062311371987364833,-0.34146084924905273
2.3099999999999938,-0.15993937938475047,-0.0052478003497034575,-0.34487263563487408
2.3199999999999936,-0.15923894030863411,-0.0042691670184376029,-0.34826698750167395
2.3299999999999934,-0.15853835654068582,-0.0032952552219123882,-0.3516439833413475
2.3399999999999932,-0.15783762071671925,-0.002326082551278072,-0.3550037018982109
2.349999999999993,-0.15713672517025573,-0.0013616661757367837,-0.3583462221992938
2.3599999999999928,-0.15643566193873648,-0.00040202284585062753,-0.36167162355333821
2.3699999999999926,-0.15573442276452898,0.00055283110353931963,-0.36497998553957023
2.3799999999999923,-0.15503299911381146,0.0015028797504267749,-0.3682713880382717
2.3899999999999921,-0.15433138215800823,0.0024481075827763182,-0.37154591117421942
2.3999999999999919,-0.15362956279615655,0.0033884994962357778,-0.37480363535787897
2.4099999999999917,-0.15292753166631448,0.0043240407918092999,-0.37804464130127369
2.4199999999999915,-0.15222523659318826,0.00525424838694101,-0.3812662097341542
2.4299999999999913,-0.15152244592014441,0.0061767506146814255,-0.38445441381107065
2.4399999999999911,-0.15081890661747524,0.0070891471088684044,-0.38759530664857356
2.4499999999999909,-0.15011452572546558,0.0079909045758888297,-0.39068612573160738
2.4599999999999906,-0.14940925299572344,0.008881960230407146,-0.39372690667649285
2.4699999999999904,-0.14870303872776525,0.0097622516969545076,-0.3967176856575591
2.4799999999999902,-0.1479958337563605,0.010631717027642595,-0.39965849946784449
2.48999999999999,-0.14728758945489157,0.011490294720858885,-0.40254938562138065
2.4999999999999898,-0.14657825775185884,0.01233792374093462,-0.40539038249141818
2.5099999999999896,-0.14586779112099818,0.013174543536071393,-0.40818152937766217
2.5199999999999894,-0.14515614258144466,0.01400009405702321,-0.41092286660054023
2.5299999999999891,-0.14444326570942279,0.014814515776678791,-0.41361443562717981
2.5399999999999889,-0.14372911463011331,0.015617749707947035,-0.41625627914247887
2.5499999999999887,-0.14301364401945213,0.016409737422554832,-0.41884844114759462
2.5599999999999885,-0.14229680910252832,0.017190421069227663,-0.42139096704778201
2.5699999999999883,-0.14157856565623056,0.017959743392411534,-0.42388390375325624
2.5799999999999881,-0.14085887000869315,0.018717647750529448,-0.42632729976999628
2.5899999999999879,-0.14013767902782095,0.019464078132545012,-0.42872120525708057
2.5999999999999877,-0.13941495012426933,0.020198979176204265,-0.43106567212643188
2.6099999999999874,-0.1386906412526821,0.020922296185966804,-0.43336075413765585
2.6199999999999872,-0.13796471090421147,0.021633975149447593,-0.43560650696514042
2.629999999999987,-0.13723711810108599,0.022333962753831482,-0.4378029882704893
2.6399999999999868,-0.13650782238755838,0.023022206401326725,-0.43995025776213081
2.6499999999999866,-0.13577678383844233,0.023698654227335317,-0.44204837731089686
2.6599999999999864,-0.13504396304278612,0.024363255113990123,-0.4440974109842547
2.6699999999999862,-0.13430932109382906,0.02501595870449351,-0.4460974251002312
2.6799999999999859,-0.13357281959550371,0.025656715419874965,-0.44804848833360755
2.6899999999999857,-0.13283442064447493,0.026285476471053074,-0.44995067174141273
2.6999999999999855,-0.13209408682720436,0.026902193873094421,-0.45180404883626063
2.7099999999999853,-0.13135178120841259,0.027506820457486161,-0.45360869563015016
2.7199999999999851,-0.13060746732219197,0.028099309884261611,-0.45536469068517221
2.7299999999999849,-0.12986110917044247,0.02867961665538743,-0.45707211518922547
2.7399999999999847,-0.12911267120196213,0.029247696123372718,-0.45873105296260808
2.7499999999999845,-0.12836211830808858,0.029803504502934716,-0.46034159052122803
2.7599999999999842,-0.12760941581451909,0.030346998881345566,-0.46190381712505452
2.769999999999984,-0.12685452946059203,0.030878137225231236,-0.46341782478041477
2.7799999999999838,-0.12609742539378047,0.031396878390251709,-0.46488370829483472
2.7899999999999836,-0.12533807016023518,0.031903182129456184,-0.4663015653171696
2.7999999999999834,-0.12457643068831292,0.032397009099154869,-0.46767149635023914
2.8099999999999832,-0.12381247427232257,0.032878320864228094,-0.46899360476263685
2.819999999999983,-0.12304616856029479,0.033347079903651405,-0.47026799681312703
2.8299999999999828,-0.12227748154397612,0.033803249616082956,-0.47149478168300296
2.8399999999999825,-0.12150638154326476,0.034246794323336743,-0.4726740714858213
2.8499999999999823,-0.12073283718189803,0.034677679270633338,-0.47380598124148215
2.8599999999999821,-0.11995681737839221,0.03509587063024909,-0.47489062890693162
2.8699999999999819,-0.11917829133352617,0.035501335503693388,-0.47592813539311318
2.8799999999999817,-0.11839722850809195,0.035894041920309067,-0.47691862454209716
2.8899999999999815,-0.11761359860775659,0.036273958837112083,-0.47786222313002502
2.8999999999999813,-0.11682737156167981,0.036641056136004532,-0.47875906084355146
2.909999999999981,-0.11603851750775249,0.036995304622295652,-0.47960927028198469
2.9199999999999808,-0.1152470067730407,0.037336676020836942,-0.48041298693725287
2.9299999999999806,-0.11445280985518272,0.037665142971846768,-0.4811703491777356
2.9399999999999804,-0.11365589740328022,0.037980679025642519,-0.48188149822735815
2.9499999999999802,-0.11285624019473718,0.038283258635336465,-0.48254657812674623
2.95999999999998,-0.11205380911662027,0.038572857150105583,-0.48316573571128435
2.9699999999999798,-0.11124857514402468,0.03884945080672722,-0.48373912057549656
2.9799999999999796,-0.1104405093216749,0.039113016721426239,-0.48426688504979165
2.9899999999999793,-0.10962958273860622,0.039363532878503749,-0.48474918414610541
2.9999999999999791,-0.10881576650420509,0.039600978118484884,-0.48518617550707649
3.0099999999999789,-0.10799903172910694,0.039825332127310667,-0.48557801937594702
3.0199999999999787,-0.1071793495012808,0.040036575422941131,-0.48592487854380639
3.0299999999999785,-0.10635669086307431,0.040234689341524896,-0.48622691830000297
3.0399999999999783,-0.10553102678176915,0.040419656020163008,-0.48648430635101131
3.0499999999999781,-0.1047014683869279,0.040592196478005549,-0.48669721500453933
3.0599999999999778,-0.10386368582591328,0.04075599355870789,-0.48686575948934457
3.0699999999999776,-0.10301333652998265,0.040914745562031035,-0.48698987190895543
3.0799999999999774,-0.102149497415654,0.041069196772303168,-0.48706934633170884
3.0899999999999772,-0.10127210197451346,0.041219351166716572,-0.4871039610218359
3.099999999999977,-0.1003810852402007,0.041365213229489134,-0.4870934964914102
3.1099999999999768,-0.09947638379709349,0.041506787965419137,-0.48703773559939717
3.1199999999999766,-0.09855793579648317,0.041644080916391768,-0.4869364636883648
3.1299999999999764,-0.097625680954433927,0.041777098170345112,-0.48678946863306372
3.1399999999999761,-0.096679560560637895,0.041905846374927558,-0.48659654094452914
3.1499999999999759,-0.095719517485192585,0.042030332750106605,-0.48635747386461131
3.1599999999999757,-0.09474549618305983,0.04215056509992289,-0.48607206345132808
3.1699999999999755,-0.093757442696606783,0.042266551823345447,-0.48574010865496609
3.1799999999999753,-0.092755304656760601,0.042378301924701184,-0.48536141138968636
3.1899999999999751,-0.091739031285001049,0.04248582502420023,-0.48493577660928555
3.1999999999999749,-0.090708573395633429,0.042589131368878416,-0.48446301238765055
3.2099999999999747,-0.089663883395443469,0.042688231842340524,-0.48394292998621324
3.2199999999999744,-0.088604915280537933,0.042783137973176691,-0.48337534390882619
3.2299999999999742,-0.08753162463240384,0.042873861942966024,-0.48276007195251414
3.239999999999974,-0.086443968618411859,0.042960416596690171,-0.48209693528564829
3.2499999999999738,-0.085341905987448535,0.043042815450632654,-0.48138575850031134
3.2599999999999736,-0.08422539706129846,0.043121072698388996,-0.48062636964369637
3.2699999999999734,-0.08309440373238261,0.043195203220037656,-0.47981860028574341
3.2799999999999732,-0.081948889454109386,0.043265222587763885,-0.47896228554824249
3.2899999999999729,-0.080788819232161274,0.043331147071831611,-0.47805726413931282
3.2999999999999727,-0.079614159616251304,0.04339299364708496,-0.47710337839382899
3.3099999999999725,-0.078424878691194744,0.043450779998970665,-0.47610047431062996
3.3199999999999723,-0.077220946065470863,0.043504524528550789,-0.47504840157790573
3.3299999999999721,-0.076002332858292485,0.043554246356659276,-0.47394701359081493
3.3399999999999719,-0.074769011688050419,0.043599965328919466,-0.47279616747983022
3.3499999999999717,-0.073520956658587405,0.043641702019667938,-0.47159572412683387
3.3599999999999715,-0.072258143339606895,0.043679477732556302,-0.47034554814641338
3.3699999999999712,-0.07098054875913748,0.04371331450835432,-0.46904550794605693
3.379999999999971,-0.069688151384529134,0.043743235126151636,-0.46769547571502856
3.3899999999999708,-0.068380931100001902,0.043769263102445055,-0.46629532739159574
3.3999999999999706,-0.067058869193892701,0.043791422696280641,-0.46484494269580173
3.4099999999999704,-0.065721948339491298,0.043809738910610282,-0.46334420512244467
3.4199999999999702,-0.064370152573118733,0.04382423749206632,-0.46179300191678563
3.42999999999997,-0.063003467273641089,0.043834944931552378,-0.46019122406051227
3.4399999999999697,-0.061621879144941584,0.043841888467166551,-0.45853876628251894
3.4499999999999695,-0.060225376189945654,0.043845096081472287,-0.45683552700964353
3.4599999999999693,-0.058813947687821798,0.043844596500917501,-0.45508140834185629
3.4699999999999691,-0.057387584172388727,0.043840419196257654,-0.45327631603731711
3.4799999999999689,-0.055946277407142378,0.043832594380762244,-0.45142015947487957
3.4899999999999687,-0.054490020364975897,0.043821153012153224,-0.44951285165525834
3.4999999999999685,-0.053018807195278787,0.043806126784768654,-0.44755430910179211
3.5099999999999683,-0.051532633202186942,0.043787548130576601,-0.44554445185263858
3.519999999999968,-0.050031494819209398,0.043765450217333191,-0.44348320342379383
3.5299999999999678,-0.04851538958058401,0.043739866944416624,-0.44137049074837537
3.5399999999999676,-0.046984316096142217,0.043710832941401274,-0.43920624414406684
3.5499999999999674,-0.04543827402027395,0.043678383561811612,-0.43699039723128269
3.5599999999999672,-0.04387726402740539,0.0436425548824938,-0.43472288690936411
3.569999999999967,-0.042301287780885405,0.04360338369703988,-0.43240365327228797
3.5799999999999668,-0.040710347905734322,0.043560907513117496,-0.43003263956303794
3.5899999999999666,-0.039104447959448937,0.043515164547467337,-0.42760979210601713
3.5999999999999663,-0.037483592402817068,0.043466193721386284,-0.42513506024323661
3.6099999999999661,-0.035847786570803397,0.043414034655890485,-0.42260839626778979
3.6199999999999659,-0.034197036640044198,0.043358727662966112,-0.42002975531919506
3.6299999999999657,-0.03253134960423882,0.043300313746039598,-0.41739909536867537
3.6399999999999655,-0.030850733242657608,0.043238834592263915,-0.41471637712436671
3.6499999999999653,-0.029155196087093729,0.043174332562204869,-0.41198156391177387
3.6599999999999651,-0.02744474739501844,0.043106850687235604,-0.40919462162865738
3.6699999999999648,-0.025720325176811831,0.043036810658107702,-0.40635831116752213
3.6799999999999646,-0.023986581912207358,0.042966137759128296,-0.40348657760326412
3.6899999999999644,-0.022248174040029906,0.042896739511456491,-0.4005933996399933
3.6999999999999642,-0.020506047148714415,0.042829007864073662,-0.39768160857414608
3.709999999999964,-0.018760218254297606,0.042762958222890363,-0.39475124510304294
3.7199999999999638,-0.017010703818237258,0.042698606131113662,-0.3918023490608174
3.7299999999999636,-0.015257519745786124,0.042635967271097613,-0.38883495940472579
3.7399999999999634,-0.013500681383834909,0.042575057464929553,-0.38584911418862661
3.7499999999999631,-0.01174020351875088,0.042515892673317179,-0.38284485052300155
3.7599999999999629,-0.0099761003752929789,0.042458488996817,-0.37982220455539961
3.7699999999999627,-0.0082083856157821045,0.042402862676745937,-0.37678121144891374
3.7799999999999625,-0.0064370723392015161,0.042349030093779425,-0.37372190534129024
3.7899999999999623,-0.0046621730814291884,0.042297007770950856,-0.37064431934264747
3.7999999999999621,-0.002883699815255103,0.042246812373027354,-0.36754848550197239
3.8099999999999619,-0.001101663950705184,0.042198460705641677,-0.36443443477157883
3.8199999999999616,0.00068392366360874035,0.042151969716608451,-0.36130219699265315
3.8299999999999614,0.0024730527392758661,0.042107356498565972,-0.35815180089178117
3.8399999999999612,0.0042657135462860901,0.042064638287088993,-0.35498327403869778
3.849999999999961,0.0060618969111285725,0.042023832462042915,-0.35179664283294498
3.8599999999999608,0.0078615942134856592,0.04198495654618864,-0.34859193246886699
3.8699999999999606,0.0096647973837619555,0.041948028207475903,-0.34536916693083014
3.8799999999999604,0.011471498900014421,0.041913065262334265,-0.34212836899849219
3.8899999999999602,0.013281691784171962,0.041880085673702792,-0.33886956020751013
3.8999999999999599,0.015095369596640859,0.041849107549007253,-0.33559276081254746
3.9099999999999597,0.016912526432658254,0.041820149143503418,-0.33229798979447567
3.9199999999999595,0.018733156917541502,0.041793228862497249,-0.32898526485880591
3.9299999999999593,0.02055725619983946,0.041768365257690697,-0.32565460238760124
3.9399999999999591,0.022384819948537471,0.04174557703470471,-0.32230601748139087
3.9499999999999589,0.024215844343000503,0.041724883046006592,-0.31893952388645402
3.9599999999999587,0.026050326067811935,0.041706302294464877,-0.31555513400750929
3.9699999999999589,0.027888262306183492,0.041689853935753959,-0.31215285891151517
3.9799999999999587,0.029729650731162682,0.041675557276291353,-0.30873270829721322
3.9899999999999585,0.031574489500787742,0.041663431778772041,-0.30529469052444902
3.9999999999999583,0.033422777244431073,0.041653497055408058,-0.3018388125517919
4.009999999999958,0.035274513056272841,0.041645772872038044,-0.29836507995648243
4.0199999999999578,0.037129696488577599,0.041640279152073301,-0.29487349695368981
4.0299999999999576,0.038988327539216078,0.041637035973430464,-0.29136406636520129
4.0399999999999574,0.040850406642067391,0.041636063569963633,-0.28783678962215725
4.0499999999999572,0.042715934652349741,0.041637382328202167,-0.28429166673705297
4.059999999999957,0.044584912842194659,0.04164101279471439,-0.28072869634934738
4.0699999999999568,0.04645734288679372,0.04164697567448112,-0.27714787571063815
4.0799999999999566,0.048333226851827185,0.041655291830358925,-0.27354920067743826
4.0899999999999563,0.05021256717786507,0.041665982281551175,-0.2699326657010977
4.0999999999999561,0.052095366668091087,0.041679068204602807,-0.26629826383383609
4.1099999999999559,0.053981628483327833,0.041694570941056344,-0.26264598678042922
4.1199999999999557,0.055871356116455738,0.04171251198824058,-0.25897582484111908
4.1299999999999555,0.057764553383676823,0.04173291300429581,-0.25528776694764571
4.1399999999999553,0.059661224408360441,0.041755795807835047,-0.25158180066755575
4.1499999999999551,0.061561373603069007,0.041781182376390488,-0.24785791220094305
4.1599999999999548,0.063465005659673446,0.041809094851071732,-0.24411608641752691
4.1699999999999546,0.065372125529907898,0.041839555534513656,-0.24035630685398146
4.1799999999999544,0.067282738404065984,0.041872586888407934,-0.23657855571081299
4.1899999999999542,0.069196849703185431,0.041908211539694887,-0.23278281390045813
4.199999999999954,0.071114465048253167,0.041946452272932692,-0.22896906101989281
4.2099999999999538,0.073035590252807592,0.041987332036788991,-0.22513727540140957
4.2199999999999536,0.074960231293754717,0.042030873938688436,-0.22128743410318474
4.2299999999999534,0.076888394296176776,0.04207710124676825,-0.21741951293751771
4.2399999999999531,0.078820085530005413,0.042126037399434893,-0.21353348654299553
4.2499999999999529,0.080755311353672504,0.042177705985284059,-0.2096293283017987
4.2599999999999527,0.082694078210021116,0.042232130752671765,-0.2057070104157524
4.2699999999999525,0.084636392623341314,0.042289335618992077,-0.20176650397751139
4.2799999999999523,0.086582261154335094,0.042349344658405924,-0.19780777893702572
4.2899999999999521,0.0885316903744469,0.042412182100055998,-0.19383080412381934
4.2999999999999519,0.090484686864289204,0.042477872338321392,-0.18983554732656868
4.3099999999999516,0.092441257149990269,0.042546439913512452,-0.18582197523948854
4.3199999999999514,0.094401407723465058,0.042617909531928344,-0.18179005358613887
4.3299999999999512,0.0963651450140421,0.04269230606354793,-0.17773974714602359
4.339999999999951,0.098332475298933325,0.042769654512186769,-0.17367101966562398
4.3499999999999508,0.10030340474722195,0.042849980046346561,-0.16958383403151356
4.3599999999999506,0.10227793937428523,0.042933307989744027,-0.16547815227317658
4.3699999999999504,0.10425608500351277,0.043019663814981061,-0.16135393557986519
4.3799999999999502,0.10623784723374623,0.043109073141003589,-0.15721114434113331
4.3899999999999499,0.10822323141349892,0.043201561732701441,-0.15304973819296272
4.3999999999999497,0.11021224262682061,0.043297155505802577,-0.14886967608842586
4.4099999999999495,0.11220488565541249,0.043395880521516744,-0.14467091632776305
4.4199999999999493,0.11420116491535179,0.043497762972490125,-0.14045341656899621
4.4299999999999491,0.11620108446439475,0.043602829195567398,-0.13621713392624107
4.4399999999999489,0.11820464799134986,0.043711105677816248,-0.13196202504788687
4.4499999999999487,0.12021185868161664,0.043822619015975547,-0.12768804605082396
4.4599999999999485,0.12222271928527581,0.043937395951916147,-0.12339515269332899
4.4699999999999482,0.12423723205809213,0.04405546336090907,-0.11908330040616194
4.479999999999948,0.12625539867591024,0.044176848230179824,-0.11475244429703127
4.4899999999999478,0.12827722026940364,0.044301577681383375,-0.11040253928493461
4.4999999999999476,0.13030269733860578,0.044429678949871668,-0.10603354011580005
4.5099999999999474,0.13233182971620677,0.044561179381661667,-0.10164540143044461
4.5199999999999472,0.13436461656901766,0.044696106443203223,-0.097238077864200148
4.529999999999947,0.13640105632167099,0.044834487704737955,-0.092811524086183789
4.5399999999999467,0.13844114661810333,0.044976350836578249,-0.088365694871754191
4.5499999999999465,0.14048488426996009,0.045121723601506042,-0.083900545173723043
4.5599999999999463,0.14253226524072674,0.045270633858335366,-0.079416030213030092
4.5699999999999461,0.14458328464223233,0.045423109569254834,-0.074912105577958632
4.5799999999999459,0.14663793658973862,0.045579178762213582,-0.070388727246582655
4.5899999999999457,0.14869621421247425,0.045738869542927871,-0.065845851700780306
4.5999999999999455,0.1507581096229611,0.045902210093804949,-0.061283436020564158
4.6099999999999453,0.15282361385847115,0.046069228663516801,-0.056701437960357801
4.619999999999945,0.15489271683532765,0.046239953561220515,-0.052099816041539487
4.6299999999999448,0.15696540726215444,0.046414413138111579,-0.047478529629667594
4.6399999999999446,0.15904167265323077,0.04659263579914575,-0.042837539052007802
4.6499999999999444,0.1611214992539258,0.046774649988180358,-0.038176805685029333
4.6599999999999442,0.16320487196088729,0.04696048417181977,-0.033496292046653199
4.669999999999944,0.16529177433480366,0.047150166850072499,-0.028795961913261333
4.6799999999999438,0.16738218846536973,0.047343726524370841,-0.02407578040964084
4.6899999999999435,0.16947609497868676,0.047541191706183206,-0.019335714125296825
4.6999999999999433,0.17157347299526299,0.047742590911587453,-0.01457573122900601
4.7099999999999431,0.17367430003803486,0.047947952641033242,-0.0097958015708772168
4.7199999999999429,0.17577855195514788,0.048157305364292038,-0.0049958968034580185
4.7299999999999427,0.17788620290110191,0.048370677520607155,-0.00017599049938057942
4.7399999999999425,0.17999722533209389,0.048588097522830567,0.0046639417246460285
4.7499999999999423,0.18211158982764078,0.048809593713666027,0.0095239220877936168
4.7599999999999421,0.18422926508161858,0.049035194368480299,0.014403970513788375
4.7699999999999418,0.18635021788318898,0.049264927694601855,0.019304104503902103
4.7799999999999416,0.1884744130344552,0.049498821813463906,0.024224339004402608
4.7899999999999414,0.19060181327450421,0.049736904744299336,0.029164686270593147
4.7999999999999412,0.19273237921217129,0.049979204390195292,0.034125155725763537
4.809999999999941,0.19486606925534153,0.050225748522928319,0.039105753817517866
4.8199999999999408,0.19700283957990725,0.050476564777848884,0.044106483878248448
4.8299999999999406,0.1991426440541843,0.050731680636868962,0.049127345976357706
4.8399999999999403,0.20128543416326292,0.050991123411233144,0.054168336763822489
4.8499999999999401,0.20343115895393743,0.051254920229290651,0.059229449325208544
4.8599999999999399,0.20557976495145913,0.051523098016842531,0.064310673016377023
4.8699999999999397,0.20773119607039639,0.051795683475814723,0.069411993296910779
4.8799999999999395,0.20988539360149644,0.052072703081556634,0.074533391584436323
4.8899999999999393,0.21204229611823547,0.052354183059737033,0.07967484508098302
4.8999999999999391,0.21420183938705661,0.052640149363763024,0.084836326598031878
4.9099999999999389,0.21636395632029645,0.05293062766254665,0.09001780439159035
4.9199999999999386,0.21852660200417567,0.053225362614240726,0.095214005757282644
4.9299999999999384,0.22067985334236362,0.053522947776277849,0.10039871303990243
4.9399999999999382,0.22281384636138263,0.053821920213117838,0.10554571933495766
4.949999999999938,0.22492665267099082,0.054121928345509933,0.11064977390663093
4.9599999999999378,0.22701832189514337,0.054422905449130837,0.1157108652414237
4.9699999999999376,0.22908890376439597,0.05472478481436218,0.12072898323177125
4.9799999999999374,0.23113844810673845,0.055027499748854167,0.12570411911543164
4.9899999999999372,0.23316700480119307,0.055330983570759162,0.13063626539963494
4.9999999999999369,0.23517462386626825,0.055635169633690432,0.13552541586151162
5.0099999999999367,0.23716135540449218,0.055939991317148288,0.14037156547395974
5.0199999999999365,0.23912724960005166,0.056245382029182313,0.14517471036482335
5.0299999999999363,0.24107235676306218,0.056551275219941785,0.14993484780487693
5.0399999999999361,0.24299672731946156,0.0568576043819084,0.15465197617007118
5.0499999999999359,0.24490041183807218,0.057164303058695909,0.15932609492801808
5.0599999999999357,0.24678346102037885,0.057471304844960491,0.16395720460515839
5.0699999999999354,0.24864592573018759,0.057778543395294459,0.16854530678172874
5.0799999999999352,0.25048785701684817,0.05808595243146969,0.17309040408642556
5.089999999999935,0.25230930613820307,0.058393465749410248,0.17759250019441045
5.0999999999999348,0.25411032453370141,0.058701017214489171,0.18205159979223856
5.1099999999999346,0.25589096387749694,0.059008540775223335,0.18646770860146364
5.1199999999999344,0.25765127611431238,0.059315970472793023,0.19084083339274927
5.1299999999999342,0.2593913134751461,0.05962324044577362,0.19517098198995744
5.139999999999934,0.26111112847996537,0.059930284931829919,0.19945816326436847
5.1499999999999337,0.26281077396473651,0.060237038274915583,0.2037023871504611
5.1599999999999335,0.26449030313021299,0.060543434937368364,0.20790366467919766
5.1699999999999333,0.26614976954597264,0.060849409501700535,0.21206200798070762
5.1799999999999331,0.26778922719593923,0.061154896681825728,0.21617743031995834
5.1899999999999329,0.26940873048224379,0.061459831324702598,0.22024994610179174
5.1999999999999327,0.27100833426331761,0.061764148419830529,0.22427957090457953
5.2099999999999325,0.27258809391339633,0.062067783113552134,0.22826632153396026
5.2199999999999322,0.27414806531479724,0.062370670707998337,0.23221021602263242
5.229999999999932,0.27568830487824175,0.062672746666475099,0.23611127365423773
5.2399999999999318,0.27720886961300939,0.062973946630215216,0.2399695150305976
5.2499999999999316,0.27870981713983439,0.063274206422016893,0.24378496209259454
5.2599999999999314,0.28019120571293044,0.063573462052069166,0.24755763814937948
5.2699999999999312,0.28165309425897112,0.063871649727616789,0.25128756792343482
5.279999999999931,0.28309554241894191,0.064168705863300507,0.25497477759961368
5.2899999999999308,0.28451861056366845,0.064464567085554592,0.25861929485168172
5.2999999999999305,0.28592235982996816,0.064759170241771774,0.26222114888822839
5.3099999999999303,0.28730685216858642,0.06505245241209727,0.26578037051019937
5.3199999999999301,0.28867215035025001,0.065344350911850313,0.26929699213099922
5.3299999999999299,0.29001831802025735,0.065634803304950279,0.27277104784207007
5.3399999999999297,0.291345419720767,0.065923747410065542,0.27620257344889593
5.3499999999999295,0.29265352090862556,0.066211121305864873,0.27959160650366
5.3599999999999293,0.29394268801676615,0.066496863346149487,0.28293818637927159
5.3699999999999291,0.29521298847936217,0.066780912166787637,0.28624235431015882
5.3799999999999288,0.29646449074637854,0.067063206690391036,0.28950415342276731
5.3899999999999286,0.29769726431025045,0.067343686133769329,0.29272362877780039
5.3999999999999284,0.29891137976248727,0.067622290022119461,0.29590082744219626
5.4099999999999282,0.30010690881670232,0.067898958195819398,0.29903579852873946
5.419999999999928,0.30128392432509771,0.068173630815709971,0.3021285932292278
5.4299999999999278,0.3024425003213756,0.068446248374373936,0.30517926487382391
5.4399999999999276,0.3035827120425314,0.068716751702787265,0.30818786896956457
5.4499999999999273,0.30470463596906294,0.068985081981115137,0.31115446325755797
5.4599999999999271,0.30580834983491395,0.069251180742687657,0.31407910773917447
5.4699999999999269,0.30689393265920262,0.069514989883003142,0.31696186472457005
5.4799999999999267,0.30796146479987091,0.069776451673711354,0.31980279890352808
5.4899999999999265,0.30901102794645596,0.070035508762815807,0.32260197735366136
5.4999999999999263,0.31004270516230775,0.070292104186170781,0.32535946959935774
5.5099999999999261,0.31105658089821842,0.070546181372473316,0.32807534764055857
5.5199999999999259,0.3120527410335901,0.070797684154527057,0.3307496860104881
5.5299999999999256,0.31303127289659927,0.071046556775760772,0.33338256181064119
5.5399999999999254,0.31399226526594964,0.07129274389261428,0.33597405472628344
5.5499999999999252,0.31493583436896899,0.071536269036360456,0.33852429630273206
5.559999999999925,0.31586219839754798,0.071777469241426306,0.34103361239200369
5.5699999999999248,0.31677156746322882,0.072016679854821491,0.34350231771732015
5.5799999999999246,0.31766404169094553,0.072253921094319926,0.34593052332392632
5.5899999999999244,0.31853969558041767,0.072489134858982757,0.34831829232156541
5.5999999999999241,0.31939860504789341,0.072722263435230791,0.35066569013070464
5.6099999999999239,0.32024084746246384,0.072953249506918671,0.35297278453975317
5.6199999999999237,0.32106650167455331,0.073182036163669056,0.35523964575312306
5.6299999999999235,0.32187564801851526,0.073408566903370345,0.35746634641012437
5.6399999999999233,0.32266836835658286,0.073632785644161966,0.35965296164895932
5.6499999999999231,0.32344474608240986,0.073854636727192793,0.36179956912506139
5.6599999999999229,0.32420486614730953,0.074074064924675193,0.36390624905419799
5.6699999999999227,0.32494881508583595,0.074291015447740333,0.36597308425389147
5.6799999999999224,0.32567668101632918,0.074505433948569594,0.36800016015621045
5.6899999999999222,0.32638855368224928,0.07471726653199956,0.36998756486549739
5.699999999999922,0.3270845244542725,0.074926459758008213,0.37193538917122793
5.7099999999999218,0.3277646863292753,0.075132960643542399,0.37384372655618092
5.7199999999999216,0.32842913398065876,0.075336716676105642,0.37571267326227165
5.7299999999999214,0.32907796374474818,0.075537675812603608,0.37754232828262702
5.7399999999999212,0.32971127362960195,0.075735786483402956,0.3793327933784082
5.749999999999921,0.33032916335229945,0.075930997602835629,0.38108417312715426
5.7599999999999207,0.33093173432703438,0.076123258568315311,0.3827965749139825
5.7699999999999205,0.33151908967886046,0.076312519265352208,0.38447010895107431
5.7799999999999203,0.33209133425412862,0.076498730071726695,0.38610488829254125
5.7899999999999201,0.33264857462803088,0.076681841860922625,0.38770102884481872
5.7999999999999199,0.3331909191063071,0.07686180600414988,0.38925864936934712
5.8099999999999197,0.33371847774345292,0.077038574376009902,0.39077787150346249
5.8199999999999195,0.33423136232498674,0.077212099351847252,0.3922588197382198
5.8299999999999192,0.3347296863880786,0.077382333813862642,0.39370162144006182
5.839999999999919,0.33521356522302215,0.077549231152546402,0.39510640684891063
5.8499999999999188,0.33568311586079796,0.077712745264902156,0.39647330905898792
5.8599999999999186,0.33613845709344375,0.077872830560111309,0.39780246403698094
5.8699999999999184,0.33657970945629273,0.078029441956128182,0.39909401059425315
5.8799999999999182,0.3370069952345488,0.078182534881851395,0.40034809038664321
5.889999999999918,0.33742043846175168,0.078332065277172652,0.40156484790352315
5.8999999999999178,0.33782016491806705,0.078477989592866476,0.40274443045561514
5.9099999999999175,0.33820630212327274,0.07862026478906696,0.4038869881552985
5.9199999999999173,0.33857897932964387,0.078758848333443904,0.40499267389565952
5.9299999999999171,0.33893832751486186,0.078893698199252613,0.40606164332834138
5.9399999999999169,0.33928447938258505,0.079024772864958612,0.40709405484950273
5.9499999999999167,0.33961756935505499,0.079152031311688201,0.40809006957501409
5.9599999999999165,0.33993773355753748,0.079275433018661356,0.40904985130479277
5.9699999999999163,0.34024510982363404,0.079394937963168419,0.40997356651093064
5.979999999999916,0.34053983767154394,0.079510506613515927,0.41086138428977276
5.9899999999999158,0.34082205829056822,0.079622099924165746,0.41171347632510646
5.9999999999999156,0.34109191455065996,0.079729679335896059,0.41253001687796842
6.0099999999999154,0.34134955098040565,0.079833206768352399,0.4133111827372401
6.0199999999999152,0.34159511374725371,0.079932644612815226,0.41405715317170533
6.029999999999915,0.34182875065285528,0.08002795572819682,0.41476810989918267
6.0399999999999148,0.34205061111750168,0.080119103434196773,0.41544423704135047
6.0499999999999146,0.34226084616918828,0.080206051505199827,0.41608572108293462
6.0599999999999143,0.34245960843457979,0.080288764164234264,0.41669275083208046
6.0699999999999141,0.34264705211393337,0.0803672060729506,0.41726551736004852
6.0799999999999139,0.34282333296558049,0.080441342323395171,0.41780421395130712
6.0899999999999137,0.34298860829727701,0.080511138431056117,0.4183090360608207
6.0999999999999135,0.34314303694644988,0.080576560324927993,0.41878018125664707
6.1099999999999133,0.34328677926970957,0.080637574339384385,0.41921784917267263
6.1199999999999131,0.3434199971186615,0.080694147202472907,0.41962224144344912
6.1299999999999129,0.34354285382735916,0.080746246026455373,0.41999356165207474
6.1399999999999126,0.34365551419358076,0.080793838296576007,0.42033201526932312
6.1499999999999124,0.34375814445887715,0.080836891859079066,0.42063780959015384
6.1599999999999122,0.34385091230253495,0.080875374912113662,0.42091115368607607
6.169999999999912,0.34393393310486886,0.080910159412207694,0.42115199641456141
6.1799999999999118,0.34400706552849886,0.080945715839101942,0.42135916067266238
6.1899999999999116,0.34407004192781676,0.080986473846062862,0.42153125788877782
6.1999999999999114,0.344122705539885,0.081033221899975083,0.4216678032793616
6.2099999999999111,0.34416493909403445,0.081085842302168185,0.42176855885703746
6.2199999999999109,0.344196626640494,0.081144217677083311,0.42183328791165792
6.2299999999999107,0.34421765358439504,0.081208230956132499,0.42186175510603685
6.2399999999999105,0.34422790671512621,0.081277765361472146,0.4218537265650627
6.2499999999999103,0.3442272742311771,0.081352704389579145,0.42180896995839118
6.2599999999999101,0.34421564576058666,0.081432931794748281,0.42172725457676558
6.2699999999999099,0.34419291241747774,0.08151833158197766,0.42160835145159498
6.2799999999999097,0.34415896681152247,0.081608787989631795,0.42145203341591586
6.2899999999999094,0.34411370306346284,0.081704185474506627,0.42125807517170649
6.2999999999999092,0.34405701686717677,0.081804408708657128,0.42102625341321964
6.309999999999909,0.34398880548984528,0.081909342562512283,0.42075634687348712
6.3199999999999088,0.3439089677936561,0.082018872093946218,0.4204481363961019
6.3299999999999086,0.34381740428422269,0.08213288254450396,0.42010140503863452
6.3399999999999084,0.34371401712266142,0.082251259327851267,0.4197159381304722
6.3499999999999082,0.34359871014945292,0.08237388802181643,0.41929152334393632
6.3599999999999079,0.34347138890749229,0.082500654361110454,0.41882795076333323
6.3699999999999077,0.34333196065943489,0.082631444229388618,0.41832501294583946
6.3799999999999075,0.34318033441970414,0.082766143655670463,0.41778250499911423
6.3899999999999073,0.34301642097333557,0.082904638808408593,0.41720022464168838
6.3999999999999071,0.34284013289191745,0.083046815989582676,0.41657797225856374
6.4099999999999069,0.34265138455433281,0.083192561630655998,0.41591555096145444
6.4199999999999067,0.34245009216215616,0.083341762288043783,0.41521276664135515
6.4299999999999065,0.3422361737575178,0.083494304639924397,0.41446942802278586
6.4399999999999062,0.34200954924351185,0.083650075484302561,0.41368534671987717
6.449999999999906,0.34177014039954201,0.083808961736582324,0.41286033728500116
6.4599999999999058,0.34151787089160623,0.083970850426625873,0.41199421725004193
6.4699999999999056,0.34125266628276424,0.084135628696503956,0.41108680716653478
6.4799999999999054,0.34097445405679361,0.084303183802081946,0.41013793066043397
6.4899999999999052,0.34068316361886514,0.084473403109705664,0.40914741445783342
6.499999999999905,0.34037872630435989,0.084646174095455662,0.40811508841914435
6.5099999999999048,0.34006107540109654,0.084821384348359091,0.40704078558809076
6.5199999999999045,0.33973014614607044,0.084998921567889935,0.40592434220863699
6.5299999999999043,0.33938587573040957,0.085178673564076546,0.40476559775054471
6.5399999999999041,0.33902820331808753,0.085360528261631777,0.40356439494992408
6.5499999999999039,0.33865707003629103,0.085544373697545903,0.40232057981457936
6.5599999999999037,0.33827241898752008,0.085730098024704285,0.40103400165387926
6.5699999999999035,0.33787419525171225,0.085917589513433035,0.39970451309538096
6.5799999999999033,0.33746234588116458,0.0861067365518631,0.39833197009149512
6.589999999999903,0.33703681990393697,0.086297427648800301,0.39691623193493097
6.5999999999999028,0.33659756832549204,0.086489551436724182,0.39545716127048913
6.6099999999999026,0.33614454412822303,0.086682996674691509,0.39395462410312371
6.6199999999999024,0.33567770226104199,0.086877652249108733,0.3924084897927802
6.6299999999999022,0.33519699963756311,0.087073407177181608,0.39081863105811832
6.639999999999902,0.33470239512965155,0.087270150609518413,0.38918492397334647
6.6499999999999018,0.33419384956981957,0.087467771835489122,0.38750724797402114
6.6599999999999016,0.33367132572132641,0.087666160280510066,0.38578548582392153
6.6699999999999013,0.3331347882873632,0.087865205513928221,0.38401952362597586
6.6799999999999011,0.33258420390428173,0.088064797253012445,0.38220925081335388
6.6899999999999009,0.33201954111051046,0.088264825360946542,0.38035456011105967
6.6999999999999007,0.33144077034624714,0.088465179853174758,0.3784553475318993
6.7099999999999005,0.33084786394267984,0.08866575090132392,0.37651151235891833
6.7199999999999003,0.3302407961002144,0.088866428834464634,0.37452295711405204
6.7299999999999001,0.32961954287552098,0.089067104142929246,0.37248958753556305
6.7399999999998998,0.32898408215430175,0.089267667478546378,0.37041131253821008
6.7499999999998996,0.32833439364740102,0.089468009661393774,0.36828804419837663
6.7599999999998994,0.32767045887245166,0.089668021682885624,0.36611969772182118
6.7699999999998992,0.32699226111542007,0.089867594703496173,0.36390619138756031
6.779999999999899,0.32629978542066346,0.090066620058380426,0.36164744652280223
6.7899999999998988,0.32559301857239031,0.090264989260962242,0.35934338746692618
6.7999999999998986,0.32487194906383071,0.090462594003085317,0.35699394152086256
6.8099999999998984,0.3241365670749688,0.090659326157715242,0.35459903890476041
6.8199999999998981,0.32338686444947162,0.09085507778151064,0.35215861271395948
6.8299999999998979,0.32262283465604291,0.09104974111304541,0.34967259885679453
6.8399999999998977,0.3218444727728822,0.091243208577640594,0.34714093601682922
6.8499999999998975,0.32105177545928426,0.091435372788563313,0.34456356560005452
6.8599999999998973,0.32024474092931304,0.091626126548845638,0.34194043168334337
6.8699999999998971,0.31942336890533762,0.091815362847393348,0.33927148094065257
6.8799999999998969,0.31858766059819965,0.092002974862626888,0.33655666259698463
6.8899999999998967,0.31773761867626121,0.092188855962902799,0.33379592836981553
6.8999999999998964,0.31687324722681376,0.092372899704705955,0.33098923240146777
6.9099999999998962,0.31599455174080993,0.092554999837539426,0.32813653121559494
6.919999999999896,0.31510153905068122,0.092735050295056354,0.32523778362386502
6.9299999999998958,0.31419421730428848,0.092912945196579722,0.32229295067005892
6.9399999999998956,0.31327259594311607,0.093088578849805315,0.31930199557794647
6.9499999999998954,0.31233668565521194,0.093261845745914243,0.31626488367252792
6.9599999999998952,0.31138649834839804,0.093432640560588892,0.3131815823216455
6.9699999999998949,0.31042204710024457,0.093600858147876581,0.31005206085382558
6.9799999999998947,0.30944334611467683,0.093766393535801712,0.30687629048281595
6.9899999999998945,0.30845041070248347,0.093929141929007698,0.30365424425585191
6.9999999999998943,0.30744325723453325,0.094088998702962126,0.3003858969743039
7.0099999999998941,0.30642190310146544,0.094245859399877868,0.2970712251207922
7.0199999999998939,0.30538636667247865,0.094399619724101505,0.29371020678575999
7.0299999999998937,0.30433666726092917,0.094550175539364761,0.2903028216003527
7.0399999999998935,0.30327282508158554,0.094697422863111058,0.28684905066169619
7.0499999999998932,0.3021948612033134,0.094841257859219916,0.2833488764539478
7.059999999999893,0.30110279752230618,0.094981576836722287,0.27980228278926456
7.0699999999998928,0.29999665670436404,0.095118276238574523,0.27620925472002489
7.0799999999998926,0.29887646215547492,0.095251252639039746,0.27256977847786718
7.0899999999998924,0.2977422379790946,0.095380402736404524,0.26888384140118332
7.0999999999998922,0.29659400893192028,0.095505623345023716,0.26515143186154388
7.109999999999892,0.29543180038462569,0.095626811388475785,0.26137253919576731
7.1199999999998917,0.29425563828094792,0.095743863891902731,0.25754715363683889
7.1299999999998915,0.2930655490976804,0.095856677974179585,0.2536752662470278
7.1399999999998913,0.29186155979847062,0.095965150837761137,0.24975686884616993
7.1499999999998911,0.29064369778797422,0.09606917975813728,0.24579195394203171
7.1599999999998909,0.28941199088443154,0.096168662079023859,0.24178051467707776
7.1699999999998907,0.28816646727625211,0.096263495201773491,0.23772254476325649
7.1799999999998905,0.28690715547602474,0.096353576573667138,0.23361803841544887
7.1899999999998903,0.28563408428281467,0.096438803678376595,0.22946699029417555
7.19999999999989,0.28434728273287974,0.096519074022129198,0.22526939543995092
7.2099999999998898,0.28304678007699419,0.096594285128388954,0.22102524923123201
7.2199999999998896,0.28173260573247422,0.09666433452360243,0.21673454732344949
7.2299999999998894,0.28040478925386786,0.096729119728842433,0.21239728560465926
7.2399999999998892,0.27906336028096362,0.096788538243125416,0.20801346013605101
7.249999999999889,0.27770834850616516,0.096842487533028945,0.20358306710919477
7.2599999999998888,0.27633978363711603,0.09689086502004661,0.19910610280261931
7.2699999999998886,0.27495769536093018,0.096933568068155521,0.19458256354121309
7.2799999999998883,0.27356211332341895,0.096970493976189565,0.19001244566925024
7.2899999999998881,0.27215306706480652,0.097001539954334068,0.18539574549501744
7.2999999999998879,0.27073058601113126,0.09702660311988652,0.18073245927742104
7.3099999999998877,0.26929469943100676,0.097045580480183385,0.1760225831917388
7.3199999999998875,0.26784543639933328,0.097058368917621679,0.17126611330262806
7.3299999999998873,0.26638282577699968,0.097064865179796095,0.16646304555175573
7.3399999999998871,0.26490689616652768,0.097064965860603203,0.16161337573229193
7.3499999999998868,0.26341767590139331,0.097058567393109529,0.15671709948873039
7.3599999999998866,0.26191519300495925,0.097045566030778102,0.1517742123009716
7.3699999999998864,0.26039947515069711,0.097025857828667808,0.14678470947391747
7.3799999999998862,0.25887054965968981,0.096999338638003904,0.1417485861525935
7.389999999999886,0.25732844346685141,0.096965904088606364,0.13666583732313786
7.3999999999998858,0.25577318308463415,0.096925449569986014,0.13153645781678447
7.4099999999998856,0.25420479461299994,0.096877870229388194,0.12636044234303084
7.4199999999998854,0.2526246323743922,0.096823175455511473,0.1211430459191386
7.4299999999998851,0.25103936012727202,0.096761875997988189,0.1159105719409437
7.4399999999998849,0.24945563815005425,0.09669457675777321,0.11068933915340071
7.4499999999998847,0.24787482366454086,0.096621456609807463,0.10548463037491385
7.4599999999998845,0.24629694754117937,0.096542576406688549,0.10029646435482771
7.4699999999998843,0.2447220383942377,0.096457996192652135,0.095124855697626742
7.4799999999998841,0.24315012266520658,0.096367775212076567,0.089969815032737127
7.4899999999998839,0.24158122466020004,0.096271971901137066,0.084831349160502501
7.4999999999998836,0.24001536661982861,0.096170643892841134,0.079709461209644963
7.5099999999998834,0.23845256874522164,0.096063848005441169,0.074604150776050315
7.5199999999998832,0.2368928492721088,0.095951640250826586,0.06951541407593731
7.529999999999883,0.2353362245053191,0.095834075827663262,0.064443244084358309
7.5399999999998828,0.23378270888079244,0.095711209126547292,0.059387630678377393
7.5499999999998826,0.23223231500746463,0.095583093727439547,0.054348560773981112
7.5599999999998824,0.23068505369795486,0.095449782393388374,0.04932601845674138
7.5699999999998822,0.2291409340557819,0.095311327087997569,0.044319985124955469
7.5799999999998819,0.2275999634956162,0.095167778966124369,0.039330439613561294
7.5899999999998817,0.22606214778839029,0.095019188375431871,0.03435735832235623
7.5999999999998815,0.2245274911242518,0.094865604865974826,0.029400715344873075
7.6099999999998813,0.22299599615266993,0.094707077191019867,0.024460482590245421
7.6199999999998811,0.22146766401442139,0.094543653304893172,0.019536629902543873
7.6299999999998809,0.21994249439004532,0.094375380368392547,0.014629125180292323
7.6399999999998807,0.21842048553945417,0.094202304751004384,0.0097379344932107051
7.6499999999998805,0.21690163436670212,0.094024472044592411,0.0048630221968987419
7.6599999999998802,0.21538593645775342,0.093841927066081479,4.3510435880356191e-06
7.66999999999988,0.21387338608168446,0.093654713844764925,-0.0048381177092502309
7.6799999999998798,0.21236397627570358,0.093462875646478899,-0.0096644241909938158
7.6899999999998796,0.21085769886683259,0.093266454970749674,-0.014474609812248504
7.6999999999998794,0.20935454452548075,0.093065493562672019,-0.019268717164634991
7.7099999999998792,0.20785450277964962,0.092860032407475437,-0.024046789916658953
7.719999999999879,0.20635756206037043,0.09265011173979025,-0.028808872717161101
7.7299999999998787,0.20486370977742127,0.092435771066766134,-0.033555011102397225
7.7399999999998785,0.20337293229327602,0.0922170491461555,-0.038285251394715288
7.7499999999998783,0.20188521499704329,0.09199398400965686,-0.042999640614922646
7.7599999999998781,0.20040054235474969,0.091766612976288381,-0.047698226395844326
7.7699999999998779,0.19891889789197259,0.091534972635250567,-0.052381056882695488
7.7799999999998777,0.19744026428338923,0.091299098878164467,-0.057048180660479827
7.7899999999998775,0.19596462335699169,0.09105902689238829,-0.061699646660674401
7.7999999999998773,0.19449195610792466,0.090814791159416264,-0.066335504074295018
7.809999999999877,0.19302224279993305,0.090566425494043021,-0.070955802291549769
7.8199999999998768,0.19155546294596279,0.090313963028017974,-0.075560590808701533
7.8299999999998766,0.19009159534103479,0.090057436218302755,-0.080149919151216914
7.8399999999998764,0.18863061808716711,0.08979687685172219,-0.084723836794285093
7.8499999999998762,0.1871725086421677,0.089532316061446127,-0.089282393097341956
7.859999999999876,0.18571724387514629,0.089263784347237252,-0.093825637245155316
7.8699999999998758,0.18426480004727494,0.088991311560264547,-0.09835361815601508
7.8799999999998755,0.1828151528568156,0.088714926918962739,-0.10286638442107829
7.8899999999998753,0.18136827746711162,0.088434659016819767,-0.10736398423576421
7.8999999999998751,0.17992414855414582,0.088150535840397573,-0.11184646534817816
7.9099999999998749,0.1784827403147215,0.087862584768259769,-0.11631387498346259
7.9199999999998747,0.17704402649381001,0.087570832579696056,-0.12076625978429505
7.9299999999998745,0.17560798041914449,0.087275305467041417,-0.1252036657535886
7.9399999999998743,0.17417457500877978,0.086976029035201574,-0.12962613818490143
7.9499999999998741,0.17274378284880726,0.086673028336229085,-0.13403372164258132
7.9599999999998738,0.17131557616020976,0.08636632784896868,-0.13842645986432911
7.9699999999998736,0.16988992682768728,0.086055951489723559,-0.1428043957089053
7.9799999999998734,0.16846680645275552,0.085741922635472492,-0.14716757112466294
7.9899999999998732,0.16704618638607005,0.08542426413716403,-0.15151602710879744
7.999999999999873,0.16562803772543178,0.085102998315605846,-0.1558498036353026
8.0099999999998737,0.16421233134161217,0.08477814697191205,-0.16016893961048481
8.0199999999998735,0.16279903789115963,0.084449731391101235,-0.16447347281303076
8.0299999999998732,0.1613881278528902,0.084117772358486373,-0.16876343986361336
8.039999999999873,0.15997957157911202,0.083782290183871622,-0.17303887620984282
8.0499999999998728,0.15857333927563477,0.0834433046891674,-0.17729981604342154
8.0599999999998726,0.15716940102264002,0.083100835217062144,-0.18154629225537072
8.0699999999998724,0.15576772680686043,0.082754900646057492,-0.18577833640765767
8.0799999999998722,0.15436828656466081,0.082405519411563308,-0.18999597872098795
8.089999999999872,0.15297105018257573,0.082052709504717922,-0.19419924801586802
8.0999999999998717,0.15157598749652229,0.081696488470464262,-0.19838817164946376
8.1099999999998715,0.15018306833269682,0.081336873428085238,-0.20256277550598978
8.1199999999998713,0.14879226253788616,0.080973881086343416,-0.20672308397738753
8.1299999999998711,0.14740353998082631,0.080607527743341886,-0.21086911990833465
8.1399999999998709,0.14601687056580839,0.080237829292833546,-0.21500090455606763
8.1499999999998707,0.14463222428530398,0.079864801252320344,-0.21911845761064477
8.1599999999998705,0.14324957119893736,0.079488458750850838,-0.22322179710767803
8.1699999999998703,0.14186888145173629,0.079108816538470558,-0.22731093940109209
8.17999999999987,0.14049012533517813,0.078725889019544942,-0.23138589920233613
8.1899999999998698,0.13911327325193815,0.078339690232931511,-0.2354466894728019
8.1999999999998696,0.13773829576618027,0.077950233879858194,-0.23949332145347518
8.2099999999998694,0.13636516361473966,0.077557533330020828,-0.24352580463150397
8.2199999999998692,0.13499384769886316,0.077161601616980935,-0.24754414667587285
8.229999999999869,0.13362431913921391,0.07676245146938046,-0.25154835348396887
8.2399999999998688,0.1322565492649847,0.076360095304914902,-0.2555384291132945
8.2499999999998685,0.13089050962805099,0.075954545238725468,-0.25951437575931419
8.2599999999998683,0.12952617204351516,0.075545813107102441,-0.26347619378543985
8.2699999999998681,0.12816350857985281,0.075133910462191256,-0.26742388165771375
8.2799999999998679,0.12680249157838094,0.0747188485839093,-0.27135743593787093
8.2899999999998677,0.12544309368126355,0.074300638496854171,-0.27527685129590296
8.2999999999998675,0.12408528782022946,0.073879290964289551,-0.27918212044087909
8.3099999999998673,0.12272904725406177,0.073454816511151017,-0.28307323415943819
8.3199999999998671,0.12137434557487804,0.073027225428418815,-0.28695018128547545
8.3299999999998668,0.12002115672017813,0.07259652778144389,-0.29081294868826868
8.3399999999998666,0.11866945499192889,0.072162733422216019,-0.29466152127394124
8.3499999999998664,0.11731921505752603,0.071725851991091077,-0.29849588194903842
8.3599999999998662,0.11597041197246619,0.071285892931511607,-0.302316011634229
8.369999999999866,0.11462302118831751,0.070842865496073257,-0.30612188924648498
8.3799999999998658,0.11327701856810737,0.070396778757200462,-0.30991349169981736
8.3899999999998656,0.11193238040002801,0.069947641616902256,-0.31369079390517968
8.3999999999998654,0.11058908340867467,0.06949546281508498,-0.31745376876419512
8.4099999999998651,0.10924710475504111,0.069040250930923849,-0.32120238713247212
8.4199999999998649,0.10790642206914303,0.068582014404846056,-0.32493661787808703
8.4299999999998647,0.10656701344892391,0.068120761539301258,-0.32865642784390858
8.4399999999998645,0.10522885746440079,0.067656500503053302,-0.33236178182713877
8.4499999999998643,0.1038919331816141,0.067189239347983737,-0.33605264261773399
8.4599999999998641,0.1025562201707069,0.066718986015987372,-0.33972897099376903
8.4699999999998639,0.10122169851577251,0.066245748347160738,-0.34339072572228418
8.4799999999998636,0.099888348820329154,0.065769534085154194,-0.34703786354747695
8.4899999999998634,0.098556152221162596,0.065290350887974344,-0.35067033920707741
8.4999999999998632,0.097225090394454802,0.064808206333930821,-0.3542881054245926
8.509999999999863,0.095895145573685073,0.064323107935420926,-0.35789111294573706
8.5199999999998628,0.09456630055412818,0.063835063143961535,-0.36147931052836962
8.5299999999998626,0.093238538698123458,0.063344079355819205,-0.36505264493680778
8.5399999999998624,0.091911843951886285,0.062850163925341068,-0.36861106097996399
8.5499999999998622,0.090586200849244375,0.062353324169710886,-0.37215450150309026
8.5599999999998619,0.089261594518069365,0.061853567375507179,-0.37568290738970844
8.5699999999998617,0.087938010695052193,0.061350900811124681,-0.37919621760031752
8.5799999999998615,0.086615435731598509,0.060845331733177563,-0.3826943691766766
8.5899999999998613,0.085293856601268869,0.060336867394069765,-0.38617729725514183
8.5999999999998611,0.083973260904699448,0.059825515047826433,-0.38964493506832498
8.6099999999998609,0.082653636879246623,0.059311281959378917,-0.3930972139715051
8.6199999999998607,0.081334973410333383,0.058794175415108646,-0.3965340634781826
8.6299999999998604,0.080017260029324688,0.058274202723941279,-0.39995541123533113
8.6399999999998602,0.078700486929555835,0.0577513712315188,-0.40336118308682145
8.64999999999986,0.077384644967661981,0.057225688323821619,-0.4067513030667872
8.6599999999998598,0.076069725672902794,0.056697161436806615,-0.41012569343757177
8.6699999999998596,0.074756228816000678,0.056166436512782553,-0.4134810936323759
8.6799999999998594,0.073446673121705802,0.055636730435952769,-0.41680153249380425
8.6899999999998592,0.072143554470572052,0.05511129720826155,-0.42007108031488549
8.699999999999859,0.070847335353467045,0.054590849849533676,-0.42328656309553642
8.7099999999998587,0.069557972829073125,0.054075461421312546,-0.42644799402774447
8.7199999999998585,0.068275423883199821,0.053565204408164438,-0.42955538894558487
8.7299999999998583,0.066999645424833554,0.053060150716610466,-0.43260876645870378
8.7399999999998581,0.065730594270314732,0.052560371665124311,-0.43560814801646591
8.7499999999998579,0.064468227130270478,0.052065937976479446,-0.43855355798859752
8.7599999999998577,0.063212500601086213,0.051576919773889118,-0.44144502377676131
8.7699999999998575,0.06196337115044355,0.051093386572675537,-0.44428257588842573
8.7799999999998573,0.060720795105068615,0.050615407274053753,-0.44706624802722517
8.789999999999857,0.059484728635657437,0.050143050156715926,-0.44979607716165182
8.7999999999998568,0.058255127744538282,0.049676382870950914,-0.45247210361520196
8.8099999999998566,0.05703194825413184,0.049215472433960322,-0.45509437116409623
8.8199999999998564,0.055815145786674215,0.048760385217762561,-0.45766292706617828
8.8299999999998562,0.054604675753589411,0.048311186945722978,-0.46017782216471792
8.839999999999856,0.0534004933415997,0.047867942686646847,-0.46263911096695232
8.8499999999998558,0.052202553493693883,0.047430716844590728,-0.4650468516790679
8.8599999999998555,0.051010810896816958,0.046999573155034308,-0.46740110629699211
8.8699999999998553,0.049825219967372311,0.046574574679291811,-0.46970194067750082
8.8799999999998551,0.048645734831135629,0.046155783794299785,-0.47194942455796973
8.8899999999998549,0.047472309309977923,0.045743262188943493,-0.47414363163638779
8.8999999999998547,0.046304896907723707,0.045337070859883352,-0.47628463964198259
8.9099999999998545,0.04514345078950039,0.044937270101693086,-0.47837253034162652
8.9199999999998543,0.043987923768419285,0.044543919504280882,-0.4804073896156616
8.9299999999998541,0.042838268290083241,0.044157077948666482,-0.48238930751124631
8.9399999999998538,0.041694436412339081,0.043776803598374034,-0.48431837824188734
8.9499999999998536,0.040556379790898205,0.043403153897071639,-0.48619470024709338
8.9599999999998534,0.039424049662428871,0.043036185564027996,-0.48801837622136485
8.9699999999998532,0.038297396828239433,0.042675954590617862,-0.48978951314861385
8.979999999999853,0.037176371637602269,0.042322516236940375,-0.49150822232909119
8.9899999999998528,0.036060923968368033,0.041975925025716218,-0.49317461936744222
8.9999999999998526,0.034951003212864373,0.041636234742490827,-0.4947888242249005
9.0099999999998523,0.033846558260947353,0.041303498433189631,-0.49635096123275313
9.0199999999998521,0.03274753748129898,0.040977768399934583,-0.49786115907645345
9.0299999999998519,0.031653888705115471,0.040659096200099012,-0.49931955080824603
9.0399999999998517,0.030565559210402337,0.040347532646563683,-0.50072627386579993
9.0499999999998515,0.029482495704509025,0.040043127806370371,-0.50208147006176285
9.0599999999998513,0.028404644306396203,0.039745930999289525,-0.50338528556205231
9.0699999999998511,0.027331950530873221,0.039455990799477342,-0.50463787089235257
9.0799999999998509,0.026264359271662222,0.039173355035985985,-0.50583938092012648
9.0899999999998506,0.025201814783652701,0.038898070792572098,-0.50698997481671937
9.0999999999998504,0.024144260668041158,0.03863018441218663,-0.50808981606913628
9.1099999999998502,0.023091639854870786,0.038369741498085572,-0.50913907243703893
9.11999999999985,0.022043894585928366,0.038116786915916259,-0.5101379159114624
9.1299999999998498,0.021000966399129253,0.037871364798501297,-0.51108652269700594
9.1399999999998496,0.019962796111612637,0.037633518549270176,-0.51198507316518449
9.1499999999998494,0.018929323803268398,0.037403290846410059,-0.51283375180512936
9.1599999999998492,0.017900488801095661,0.037180723649553979,-0.51363274719715402
9.1699999999998489,0.016876229662810854,0.036965858205241245,-0.51438225195753295
9.1799999999998487,0.015856484159523974,0.036758735050877775,-0.51508246265016722
9.1899999999998485,0.014841189261276883,0.036559394025254363,-0.51573357977660417
9.1999999999998483,0.013830281120807954,0.036367874275958029,-0.5163358077111706
9.2099999999998481,0.012823695056254941,0.036184214264429554,-0.51688935458987295
9.2199999999998479,0.011821365536217907,0.036008451777136227,-0.51739443227276471
9.2299999999998477,0.010823226164438265,0.035840623936712099,-0.5178512562938804
9.2399999999998474,0.009829209662945728,0.035680767209244429,-0.51826004574316487
9.2499999999998472,0.0088392478567969075,0.035528917416634859,-0.51862102320833481
9.259999999999847,0.0078532716584679522,0.035385109748370586,-0.51893441469536861
9.2699999999998468,0.0068712110517146615,0.035249378771813028,-0.51920044951465305
9.2799999999998466,0.0058929950765097341,0.035121758447719947,-0.51941936023057611
9.2899999999998464,0.0049185518131449734,0.035002282142528401,-0.51959138255083948
9.2999999999998462,0.0039478083664996107,0.03489098264174173,-0.5197167552191615
9.309999999999846,0.0029806908505385166,0.034787892165584561,-0.51979571992816398
9.3199999999998457,0.0020171243727112732,0.034693042384542086,-0.51982852121814338
9.3299999999998455,0.0010570330182763836,0.034606464434820405,-0.51981540636150825
9.3399999999998453,0.00010033983459148487,0.034528188935675511,-0.51975662526241906
9.3499999999998451,-0.00085303318446486775,0.034458246006894983,-0.51965243034583453
9.3599999999998449,-0.0018031651144136134,0.034396665286670153,-0.51950307643998761
9.3699999999998447,-0.0027501361158998542,0.03434347595072372,-0.51930882066478079
9.3799999999998445,-0.003694027450536774,0.034298706730663653,-0.5190699222960462
9.3899999999998442,-0.0046349214971323736,0.034262385936052631,-0.51878664267351327
9.399999999999844,-0.0055729017674941645,0.034234541473136093,-0.51845924504574559
9.4099999999998438,-0.0065080529228812023,0.03421520086752261,-0.51808799446257048
9.4199999999998436,-0.0074404607902542833,0.034204391285991412,-0.51767315764217459
9.4299999999998434,-0.0083702123786281862,0.034202139557977518,-0.51721500282121924
9.4399999999998432,-0.0092973958961247057,0.034208472201224013,-0.51671379965586572
9.449999999999843,-0.010222100766396902,0.034223415443649263,-0.5161698190539683
9.4599999999998428,-0.011144417646364518,0.034246995250192494,-0.51558333307056814
9.4699999999998425,-0.012064438442725983,0.034279237345816532,-0.51495461473374393
9.4799999999998423,-0.012982256329887113,0.034320167242294641,-0.51428393791622751
9.4899999999998421,-0.013897965768036109,0.034369810265920259,-0.51357157720951163
9.4999999999998419,-0.014811662520521483,0.034428191582428755,-0.51281780774458952
9.5099999999998417,-0.01572344367298743,0.034495336227059303,-0.51202290507902048
9.5199999999998415,-0.016633407651565867,0.034571269131449575,-0.51118714502558249
9.5299999999998413,-0.017541654242537997,0.034656015153966602,-0.51031080352110558
9.5399999999998411,-0.018448284611220684,0.034749599108494664,-0.509394156461911
9.5499999999998408,-0.019353401322361168,0.034852045795467579,-0.50843747956179652
9.5599999999998406,-0.020257108359798156,0.034963380031849706,-0.50744104818444036
9.5699999999998404,-0.021159511147033964,0.035083626682462121,-0.50640513718487634
9.5799999999998402,-0.022060716570244721,0.035212810695270075,-0.50533002079874312
9.58999999999984,-0.022960832998051257,0.03535095713077252,-0.50421597243560956
9.5999999999998398,-0.023859970304006124,0.035498091195920303,-0.5030632645282076
9.6099999999998396,-0.024758239890471479,0.035654238279886438,-0.50187216839833049
9.6199999999998393,-0.02565575471027895,0.03581942398613526,-0.50064295406032444
9.6299999999998391,-0.026552629292844722,0.035993674170676809,-0.49937589010218281
9.6399999999998389,-0.027448979767745386,0.036177014976476726,-0.49807124350333432
9.6499999999998387,-0.028344923889205717,0.03636947286873185,-0.49672927945494294
9.6599999999998385,-0.029240581063341167,0.036571074673754214,-0.49535026122178522
9.6699999999998383,-0.030136072374650727,0.036781847616214322,-0.4939344499710126
9.6799999999998381,-0.031031520614278635,0.037001819358430152,-0.49248210462011083
9.6899999999998379,-0.031927050306016259,0.037231018036451791,-0.49099348163278367
9.6999999999998376,-0.032822787737907068,0.037469472302570347,-0.48946883489171517
9.7099999999998374,-0.033718860991700045,0.037717211364877185,-0.48790841552301634
9.7199999999998372,-0.034615399973100647,0.037974265027251472,-0.4863124717168873
9.729999999999837,-0.035512536444017528,0.038240663731318722,-0.48468124856618522
9.7399999999998368,-0.036410404056146053,0.038516438599236646,-0.48301498790539688
9.7499999999998366,-0.037309138384674492,0.038801621476377085,-0.48131392814010787
9.7599999999998364,-0.038208876962612118,0.039096244974039587,-0.47957830406708546
9.7699999999998361,-0.039109759318175077,0.039400342514900447,-0.47780834672065431
9.7799999999998359,-0.04001192701043102,0.039713948376234834,-0.47600428318168253
9.7899999999998357,-0.040915523668574108,0.040037097736326008,-0.47416633641711647
9.7999999999998355,-0.041820695032940683,0.040369826721949276,-0.47229472512276161
9.8099999999998353,-0.042727588994331614,0.040712172453767403,-0.47038966353188227
9.8199999999998351,-0.043636355636660795,0.041064173094265827,-0.46845136124473941
9.8299999999998349,-0.044547147281480196,0.041425867897034271,-0.46648002306490555
9.8399999999998347,-0.045460118531689492,0.041797297254688795,-0.46447584880972309
9.8499999999998344,-0.046375426320090792,0.042178502750629426,-0.4624390331550684
9.8599999999998342,-0.047293229956012289,0.042569527208432628,-0.46036976544402747
9.869999999999834,-0.048213691175095094,0.042970414743515137,-0.45826822951076845
9.8799999999998338,-0.049136974192299052,0.043381210817087457,-0.45613460351937202
