0.0,0.036849114083636079,0.036677210547105557,0.050581588026962061
0.010000000000000002,0.02850622808554739,0.030181695569766871,0.059412898744153168
0.020000000000000004,0.020247191003497585,0.023762312963441636,0.068242021911646786
0.030000000000000006,0.012070945827130381,0.017418305500698037,0.077069865987860697
0.040000000000000001,0.0039764590089364123,0.011148947131539012,0.085897319436206931
0.049999999999999996,-0.0040372790271653771,0.004953543331836144,0.094725249822971924
0.059999999999999991,-0.011971253384991054,-0.0011685685610406864,0.10355450279873366
0.069999999999999979,-0.019826424220298362,-0.0072180190258003861,0.11238590113017527
0.079999999999999988,-0.027603726313986474,-0.01319540605707316,0.1212202439183814
0.089999999999999969,-0.035304068703079484,-0.019101294920727541,0.13005830572036559
0.099999999999999978,-0.042928334332737558,-0.024936217926970639,0.13890083564088249
0.10999999999999999,-0.050477379733842954,-0.030700674222705358,0.14774855642599613
0.12,-0.057952034750670317,-0.036395129618619092,0.15660216362798396
0.13,-0.06535310231995041,-0.042020016455159209,0.16546232481124623
0.14000000000000001,-0.072681358234021248,-0.047575733463872859,0.1743296786356445
0.15000000000000002,-0.07993755094263974,-0.053062645657408175,0.18320483398003021
0.16000000000000003,-0.087122401420721168,-0.058481084266898971,0.19208836916627783
0.17000000000000004,-0.094236603037067282,-0.063831346685904691,0.20098083111322845
0.18000000000000005,-0.10128082143386978,-0.069113696425871549,0.2098827344655681
0.19000000000000006,-0.10825569443627893,-0.074328363096480027,0.21879456074057879
0.20000000000000007,-0.11516183201188021,-0.079475542425124862,0.22771675753090426
0.21000000000000005,-0.12199981623201699,-0.084555396283228793,0.23664973766335423
0.22000000000000006,-0.12877020125017583,-0.089568052729901954,0.24559387834943455
0.23000000000000007,-0.13547351329878687,-0.094513606074091622,0.2545495203339197
0.24000000000000007,-0.14211025073411837,-0.09939211697658798,0.2635169670953374
0.25000000000000011,-0.14868088407345795,-0.10420361255332702,0.27249648399536108
0.26000000000000012,-0.15518585604904264,-0.10894808649755473,0.28148829742340614
0.27000000000000013,-0.16162558171129662,-0.11362549924399423,0.29049259399937127
0.28000000000000014,-0.16800044852137763,-0.11823577813365593,0.29950951972250156
0.29000000000000015,-0.17431081647982957,-0.12277881761248523,0.30853917915458384
0.30000000000000016,-0.18055701826558973,-0.12725447944632856,0.31758163459107452
0.31000000000000016,-0.18673935938542813,-0.13166259295277086,0.32663690522184885
0.32000000000000017,-0.19285811837186612,-0.13600295527721015,0.33570496634906888
0.33000000000000018,-0.19891354696499788,-0.1402753316682033,0.34478574854986632
0.34000000000000019,-0.20490587032566782,-0.1444794557860912,0.35387913686768363
0.3500000000000002,-0.21083528728425666,-0.14861503004846821,0.36298497004091906
0.36000000000000021,-0.21670197057637713,-0.15268172597873139,0.3721030396847313
0.37000000000000022,-0.22250606712182613,-0.15667918459801783,0.3812330895251384
0.38000000000000023,-0.22824769832063821,-0.16060701684265349,0.39037481464079532
0.39000000000000024,-0.23392696036232249,-0.16446480400494007,0.39952786070702123
0.40000000000000024,-0.23954392454662757,-0.16825209819670739,0.40869182324050118
0.41000000000000025,-0.24509863764116988,-0.17196842285402369,0.41786624688912438
0.42000000000000026,-0.25059112225716063,-0.17561327327042503,0.42705062473607247
0.43000000000000027,-0.25602137723017437,-0.17918611715007224,0.43624439759726763
0.44000000000000028,-0.26138937804196893,-0.18268639520666194,0.44544695337496248
0.45000000000000029,-0.26669507725891373,-0.18611352179146601,0.45465762642725122
0.46000000000000024,-0.27193840497069471,-0.18946688553966051,0.46387569692722042
0.47000000000000025,-0.27711926928325825,-0.19274585007315151,0.47310039030528067
0.48000000000000026,-0.28223755682863655,-0.19594975473426021,0.48233087671273039
0.49000000000000027,-0.28729313326468842,-0.1990779153320415,0.4915662704623206
0.50000000000000022,-0.29228584384260847,-0.20212962495581882,0.50080562958049213
0.51000000000000023,-0.29721551397623525,-0.2051041548105268,0.51004795536060188
0.52000000000000024,-0.30208194982795844,-0.20800075508450161,0.51929219194454412
0.53000000000000025,-0.30688493894057262,-0.21081865587048246,0.52853722598493191
0.54000000000000026,-0.31162425087479517,-0.21355706811220096,0.53778188632126966
0.55000000000000027,-0.31629963788374504,-0.21621518459851796,0.54702494372596333
0.56000000000000028,-0.32091083560276806,-0.21879218099047099,0.55626511068544193
0.57000000000000028,-0.32545756377506224,-0.22128721689542522,0.56550104125424416
0.58000000000000029,-0.3299395269942661,-0.22369943697565275,0.57473133095194884
0.5900000000000003,-0.33433439138089938,-0.22602118111723246,0.58389508579549521
0.60000000000000031,-0.33853144943576746,-0.2282178850807316,0.59269380122016868
0.61000000000000032,-0.34241947443882709,-0.23025558244907926,0.60082936992354485
0.62000000000000033,-0.34597528790856202,-0.23212771387138825,0.6082416989081123
0.63000000000000034,-0.34919784468609638,-0.23383453736535526,0.61493026828007102
0.64000000000000035,-0.35208617144824567,-0.23537635469828261,0.62089470355421961
0.65000000000000036,-0.35463937129837347,-0.23675351374920314,0.6261347846615789
0.66000000000000036,-0.35685662772694493,-0.23796641053244127,0.6306504536221752
0.67000000000000037,-0.35873720791142039,-0.23901549087059992,0.63444182082450418
0.68000000000000038,-0.36028046533087466,-0.23990125170833732,0.63750916986521133
0.69000000000000039,-0.361485841675386,-0.24062424206081146,0.63985296091214927
0.7000000000000004,-0.36235286801999406,-0.24118506358336403,0.6414738325377084
0.71000000000000041,-0.36288116524374886,-0.24158437075550107,0.64237260198971347
0.72000000000000042,-0.36307044369862784,-0.24182287068779668,0.64255026391165171
0.73000000000000043,-0.36292050211537291,-0.24190132254787106,0.64200798749423693
0.74000000000000044,-0.3624312257304883,-0.24182053659900207,0.64074711203653223
0.75000000000000044,-0.36160258364763914,-0.24158137286362266,0.638769140947817
0.76000000000000045,-0.36043462543750432,-0.24118473941703697,0.63607573420620211
0.77000000000000046,-0.35892747699171962,-0.24063159032377027,0.63266869931158265
0.78000000000000047,-0.35708133562222338,-0.23992292321188072,0.62854998072913537
0.79000000000000048,-0.35489646444065498,-0.23905977650889473,0.62372164789653817
0.80000000000000049,-0.35237318603858242,-0.23804322635289329,0.61818588184493894
0.8100000000000005,-0.3495118754871262,-0.23687438319017498,0.61194496048051006
0.82000000000000051,-0.34631295268943885,-0.23555438808017615,0.60500124260034405
0.83000000000000052,-0.34277687409391816,-0.2340844087102294,0.5973571506723101
0.84000000000000052,-0.3389041238345552,-0.2324656351616855,0.58901515251164882
0.85000000000000053,-0.33469520431658306,-0.23069927543566954,0.57997774190290119
0.86000000000000054,-0.33015062627478309,-0.22878655075211105,0.57024741823246894
0.87000000000000055,-0.32527089836864032,-0.22672869066021595,0.5598266652613999
0.88000000000000056,-0.32005651633164234,-0.22452692796589052,0.5487179290868146
0.89000000000000057,-0.31450795173464374,-0.22218249351027514,0.53692359541428802
0.90000000000000058,-0.30866465668985565,-0.21971811685605908,0.52449894743051384
0.91000000000000059,-0.30272189743969646,-0.21724252686395651,0.51171066989625147
0.9200000000000006,-0.29687433284201198,-0.21486430447011234,0.49882423679480609
0.9300000000000006,-0.29116011696580424,-0.2126057572959936,0.48589237779097066
0.94000000000000061,-0.28557832918041615,-0.21046760647790291,0.47291470605600877
0.95000000000000062,-0.28012804844423611,-0.20845054535006341,0.45989078523458443
0.96000000000000063,-0.27480835513038676,-0.20655524077919035,0.44682013165093731
0.97000000000000064,-0.2696183327356082,-0.20478233441235935,0.43370221647149576
0.98000000000000065,-0.26455706952541325,-0.20313244387511012,0.42053646790821614
0.99000000000000066,-0.25962366006855109,-0.20160616388219471,0.40732227338324484
1.0000000000000007,-0.2548172066824283,-0.20020406727473206,0.39405898168782683
1.0100000000000007,-0.25013682080399835,-0.19892670599230894,0.38074590515727003
1.0200000000000007,-0.2455816242690817,-0.19777461196491589,0.3673823218325466
1.0300000000000007,-0.24115075051163998,-0.19674829793081636,0.35396747762664288
1.0400000000000007,-0.23684334568293391,-0.195848258178181,0.34050058849439374
1.0500000000000007,-0.23265856970452156,-0.19507496921944448,0.32698084262638022
1.0600000000000007,-0.22860006233449606,-0.19442230838745522,0.31345785572437496
1.0700000000000007,-0.22468963267284384,-0.1938573805047302,0.30018282297350701
1.0800000000000007,-0.22094965406867056,-0.19334632395529491,0.28740642384128373
1.0900000000000007,-0.21738469123785686,-0.19288121685851703,0.27517729012749692
1.1000000000000008,-0.21399480372758031,-0.19246072206859519,0.26349368348818747
1.1100000000000008,-0.21078007635275017,-0.19208349371812078,0.25235397375154767
1.1200000000000008,-0.20774061857075307,-0.19174817726828003,0.24175663553428725
1.1300000000000008,-0.20487656355977241,-0.19145340948527412,0.23170024410673865
1.1400000000000008,-0.20218806702373696,-0.19119781835588415,0.22218347056927415
1.1500000000000008,-0.19967530582304707,-0.19098002302671749,0.21320507648664741
1.1600000000000008,-0.19733847633129414,-0.19079863366832128,0.20476390789400184
1.1700000000000008,-0.1951777926086242,-0.19065225134309974,0.19685888880286018
1.1800000000000008,-0.1931934843843347,-0.19053946786355319,0.1894890142264693
1.1900000000000008,-0.19138579483313153,-0.19045886562125255,0.18265334272967604
1.2000000000000008,-0.18975497819663345,-0.1904090174299729,0.17635098858270504
1.2100000000000009,-0.18828585298180986,-0.19038623000538216,0.1705383135306591
1.2200000000000009,-0.18690133571533576,-0.19037809162742314,0.16500070241383727
1.2300000000000009,-0.18552415344835244,-0.190372937199947,0.1595240163167341
1.2400000000000009,-0.18413890980574177,-0.19036850492252175,0.15406557199045731
1.2500000000000009,-0.18274570857785355,-0.19036480442530967,0.14862549759594998
1.2600000000000009,-0.18134465156896831,-0.19036184465421813,0.14320391536783827
1.2700000000000009,-0.1799358386603192,-0.19035963392235683,0.13780094182393132
1.2800000000000009,-0.17851936780059102,-0.19035817988555978,0.13241668791187622
1.2900000000000009,-0.1770953350233479,-0.19035748954461562,0.12705125917695492
1.3000000000000009,-0.17566383450325992,-0.19035756928836181,0.12170475595545761
1.3100000000000009,-0.17422495856751136,-0.1903584248884376,0.1163772735317057
1.320000000000001,-0.17277879771254895,-0.19036006149904899,0.11106890229663227
1.330000000000001,-0.17132544063483759,-0.19036248367063999,0.10577972791521406
1.340000000000001,-0.1698649742781648,-0.19036569538218445,0.1005098314990877
1.350000000000001,-0.16839748383567543,-0.19036970002215203,0.095259289750111248
1.360000000000001,-0.16692305278217917,-0.19037450040301593,0.090028175118511675
1.370000000000001,-0.16544176293584709,-0.19038009880816817,0.084816555976037572
1.380000000000001,-0.16395369443816843,-0.19038649694608739,0.079624496739842232
1.390000000000001,-0.16245892581437382,-0.19039369599541484,0.07445205803820043
1.400000000000001,-0.16095753400683582,-0.19040169661893327,0.069299296858751885
1.410000000000001,-0.15944959437513448,-0.1904104989382,0.064166266678430312
1.420000000000001,-0.15793518075722826,-0.19042010257931685,0.059053017619215498
1.430000000000001,-0.15641436549111568,-0.19043050667195985,0.053959596583304771
1.4400000000000011,-0.15488721943904152,-0.19044170985116476,0.048886047386660018
1.4500000000000011,-0.15335381201883069,-0.19045371026667021,0.04383241089457094
1.4600000000000011,-0.15181421123754713,-0.19046650559539774,0.038798725153903667
1.4700000000000011,-0.15026848373769164,-0.19048009306922334,0.033785025526530635
1.4800000000000011,-0.14871669481716257,-0.19049446947043785,0.028791344811624049
1.4900000000000011,-0.14715890844981983,-0.19050963112668906,0.023817713368051004
1.5000000000000011,-0.14559518731775081,-0.19052557392041014,0.018864159237353729
1.5100000000000011,-0.14402559286624519,-0.19054229332788825,0.013930708266825634
1.5200000000000011,-0.14245018532515816,-0.19055978441508933,0.0090173842239128464
1.5300000000000011,-0.14086902371868942,-0.19057804181719834,0.0041242089089724866
1.5400000000000011,-0.1392821659413285,-0.19059705980667671,-0.00074879773056399368
1.5500000000000012,-0.13768966874375491,-0.19061683223940623,-0.0056016174909574307
1.5600000000000012,-0.13609158777839528,-0.19063735258248166,-0.01043423380586741
1.5700000000000012,-0.13448797767105664,-0.19065861397739439,-0.015246631641897617
1.5800000000000012,-0.13287889199102207,-0.19068060916336232,-0.020038797394181806
1.5900000000000012,-0.13126438331282189,-0.19070333052731836,-0.024810718787244525
1.6000000000000012,-0.1296445032586365,-0.19072677012778977,-0.029562384779143296
1.6100000000000012,-0.12801930250546983,-0.19075091966808252,-0.03429378546213363
1.6200000000000012,-0.12638883085301222,-0.19077577055886824,-0.039004911979446916
1.6300000000000012,-0.12475313720974272,-0.19080131385815083,-0.043695756420866851
1.6400000000000012,-0.12311226963280096,-0.19082754029253149,-0.048366311737127715
1.6500000000000012,-0.12146627539582426,-0.19085444032004475,-0.053016571663647705
1.6600000000000013,-0.11981520098439456,-0.19088200408492317,-0.057646530626353033
1.6700000000000013,-0.11815909214932548,-0.190910221460247,-0.062256183668592452
1.6800000000000013,-0.11649799392036961,-0.19093908202905921,-0.06684552636387113
1.6900000000000013,-0.11483195063558621,-0.19096857508994686,-0.071414554736974292
1.7000000000000013,-0.11316100598518769,-0.1909986896864484,-0.075963265195611029
1.7100000000000013,-0.11148520303587914,-0.19102941460542511,-0.080491654454168546
1.7200000000000013,-0.10980458426839196,-0.19106073839816387,-0.084999719469086854
1.7300000000000013,-0.10811919157598812,-0.19109264933291864,-0.089487457344448837
1.7400000000000013,-0.10642906633133005,-0.19112513546784327,-0.09395486529483657
1.7500000000000013,-0.10473424941412469,-0.19115818465492626,-0.09840194057795526
1.7600000000000013,-0.10303478120688095,-0.19119178448908231,-0.10282868040544975
1.7700000000000014,-0.10133070165849416,-0.19122592237672911,-0.10723508191038733
1.7800000000000014,-0.099622050295579495,-0.19126058551199843,-0.1116211420731138
1.7900000000000014,-0.097908866257062133,-0.19129576089540234,-0.11598685767034794
1.8000000000000014,-0.096191188316171072,-0.19133143532865823,-0.12033222521205744
1.8100000000000014,-0.094469054908231528,-0.19136759542116755,-0.12465724088736256
1.8200000000000014,-0.09274250418071868,-0.1914042276422479,-0.1289619005422887
1.8300000000000014,-0.091011573986754857,-0.19144131825917152,-0.13324619958488004
1.8400000000000014,-0.089276492683994763,-0.19147899298513357,-0.13750991037833521
1.8500000000000014,-0.087538256603179168,-0.19151794117928961,-0.14175192046846397
1.8600000000000014,-0.085797874543704619,-0.19155886770554209,-0.14597113334908401
1.8700000000000014,-0.084055598978648546,-0.19160193171584156,-0.15016735480089641
1.8800000000000014,-0.082311491192821523,-0.19164715447580408,-0.15434061602617863
1.8900000000000015,-0.080565611440251067,-0.19169455704399008,-0.15849094979314915
1.9000000000000015,-0.078818018989125424,-0.19174416032997241,-0.16261839041270174
1.9100000000000015,-0.077068772143087466,-0.19179598509983864,-0.16672297367653027
1.9200000000000015,-0.07531792825876063,-0.19185005197388222,-0.1708047367913359
1.9300000000000015,-0.073565543768823599,-0.19190638143666799,-0.17486371832358646
1.9400000000000015,-0.07181167421187995,-0.1919649938676391,-0.17889995816674475
1.9500000000000015,-0.070056374244412523,-0.19202590952427481,-0.1829134974657686
1.9600000000000013,-0.068299697656046404,-0.19208914853495629,-0.1869043785526005
1.9700000000000011,-0.066541697407751399,-0.19215473095347585,-0.19087264494040485
1.9800000000000009,-0.064782425644365552,-0.19222267674712912,-0.19481834125887648
1.9900000000000007,-0.063021933713057074,-0.19229300580041428,-0.19874151320494146
2.0000000000000004,-0.061260272179644172,-0.19236573791184461,-0.20264220748711961
2.0100000000000002,-0.059497490858520893,-0.19244089283508023,-0.20652047181859504
2.02,-0.057733638823377668,-0.19251849026025131,-0.21037635484866146
2.0299999999999998,-0.055968764428662138,-0.19259854983273833,-0.21420990613712698
2.0399999999999996,-0.054202915329802953,-0.19268109116585846,-0.21802117612157942
2.0499999999999994,-0.052436138489695729,-0.19276613380966628,-0.22181021603899073
2.0599999999999992,-0.050668480215364693,-0.19285369732566043,-0.22557707796701462
2.069999999999999,-0.048899986167404846,-0.19294380126897093,-0.22932181476397201
2.0799999999999987,-0.0471307013650374,-0.19303646515057712,-0.23304447998459993
2.0899999999999985,-0.045360670213898655,-0.19313170848656791,-0.23674512789855315
2.0999999999999983,-0.043589936524123379,-0.19322955081448978,-0.24042381347335154
2.1099999999999981,-0.041818543522339748,-0.193330011687526,-0.24408059233263008
2.1199999999999979,-0.040046533864960751,-0.19343311067154664,-0.24771552071742931
2.1299999999999977,-0.03827394965331779,-0.19353886735202078,-0.25132865546114147
2.1399999999999975,-0.036500832454393541,-0.19364730137128533,-0.25492005400533907
2.1499999999999972,-0.03472722330767624,-0.19375843239884513,-0.25848977433055054
2.159999999999997,-0.032953162741774719,-0.19387228015282909,-0.26203787495479663
2.1699999999999968,-0.031178690790262024,-0.19398886441841456,-0.26556441492901939
2.1799999999999966,-0.029403847000125466,-0.19410820502941456,-0.26906945378550196
2.1899999999999964,-0.02762867044775396,-0.19423032189170028,-0.27255305154274279
2.1999999999999962,-0.025853199752118319,-0.19435523499770421,-0.27601526870091059
2.209999999999996,-0.024077473083911061,-0.19448296441138918,-0.27945616619636615
2.2199999999999958,-0.022301528177975233,-0.19461353028012107,-0.28287580539531998
2.2299999999999955,-0.020525402347028807,-0.19474695285826016,-0.28627424810502289
2.2399999999999953,-0.018749132489978351,-0.19488325249322225,-0.28965155653306307
2.2499999999999951,-0.016972755103492727,-0.1950224496382095,-0.29300779328539633
2.2599999999999949,-0.015196306293110508,-0.19516456486795847,-0.29634302137060992
2.2699999999999947,-0.013419821781461373,-0.19530961886348708,-0.29965730415843123
2.2799999999999945,-0.011643336919173901,-0.19545763243471548,-0.30295070539668323
2.2899999999999943,-0.0098668866942608485,-0.19560862652638528,-0.30622328920342373
2.299999999999994,-0.0080905057398988761,-0.19576262220669788,-0.30947512003385585
2.3099999999999938,-0.0063142283446118233,-0.19591964069954593,-0.31270626271549756
2.3199999999999936,-0.0045380884594300661,-0.19607970336719927,-0.31591678240692544
2.3299999999999934,-0.002762119706208703,-0.19624283172846904,-0.3191067446134922
2.3399999999999932,-0.00098635538537062556,-0.19640904746129192,-0.32227621517857019
2.349999999999993,0.00078917151696800136,-0.19657837239248527,-0.3254252602550578
2.3599999999999928,0.0025644283216723074,-0.19675082853080203,-0.32855394634818341
2.3699999999999926,0.0043393826501851168,-0.19692643806241916,-0.33166234029812963
2.3799999999999923,0.0061140024177332997,-0.19710522333815461,-0.33475050924865818
2.3899999999999921,0.0078882558274525061,-0.19728720689610468,-0.33781852067588919
2.3999999999999919,0.0096621113645195267,-0.19747241146625422,-0.3408664423875849
2.4099999999999917,0.011435537790571923,-0.19766085996883498,-0.34389434251280721
2.4199999999999915,0.013208504139358604,-0.19785257553532093,-0.34690228953099017
2.4299999999999913,0.014980979709823802,-0.19804758148196147,-0.34989035221894677
2.4399999999999911,0.016752934062814272,-0.19824590133555658,-0.35285859969001143
2.4499999999999909,0.018524337017092996,-0.19844755884542609,-0.35580710140931393
2.4599999999999906,0.020294135212413592,-0.19865187433763454,-0.3587333736427889
2.4699999999999904,0.022057172742876455,-0.19885533858839982,-0.36162471653646194
2.4799999999999902,0.023808274534147925,-0.19905440773133279,-0.36446841997964408
2.48999999999999,0.025546353100250475,-0.19924833743327483,-0.36726197475677835
2.4999999999999898,0.02727134506317349,-0.19943708777283281,-0.37000542279600523
2.5099999999999896,0.028983187035689299,-0.19962061979028692,-0.37269880657489524
2.5199999999999894,0.030681815650439703,-0.19979889548754673,-0.37534216917824947
2.5299999999999891,0.032367167592041543,-0.19997187784954645,-0.37793555439486037
2.5399999999999889,0.034039179632450324,-0.20013953088387687,-0.38047900684778535
2.5499999999999887,0.035697788661288317,-0.20030181962510216,-0.38297257205778751
2.5599999999999885,0.037342931718549313,-0.20045871015290329,-0.38541629653198839
2.5699999999999883,0.03897454603025928,-0.20061016962628422,-0.38781022788206493
2.5799999999999881,0.040592569039832861,-0.20075616629103243,-0.39015441489070846
2.5899999999999879,0.042196938442024226,-0.20089666950098245,-0.39244890760365608
2.5999999999999877,0.043787592215936866,-0.20103164973474191,-0.39469375741151802
2.6099999999999874,0.045364468659827913,-0.2011610786189012,-0.39688901714356967
2.6199999999999872,0.046927506424992035,-0.20128492894686842,-0.39903474115194748
2.629999999999987,0.048476644546163759,-0.20140317468246377,-0.40113098536426717
2.6399999999999868,0.050011822476486285,-0.20151579098413924,-0.40317780737578163
2.6499999999999866,0.051532980122336203,-0.20162275422724119,-0.40517526653667207
2.6599999999999864,0.053040057874986973,-0.20172404201385657,-0.40712342401319795
2.6699999999999862,0.054532996642880874,-0.20181963318578963,-0.40902234285360484
2.6799999999999859,0.056011737882221094,-0.20190950783231359,-0.41087208804185005
2.6899999999999857,0.057476223634741544,-0.20199364732415398,-0.41267272660338139
2.6999999999999855,0.058926396555038077,-0.20207203431086618,-0.41442432763470205
2.7099999999999853,0.060362199940485944,-0.20214465272779109,-0.41612696235109781
2.7199999999999851,0.061783577767741509,-0.20221148782764783,-0.4177807041829556
2.7299999999999849,0.063190474718682679,-0.20227252617594893,-0.41938562879650404
2.7399999999999847,0.06458283621247625,-0.20232775566895878,-0.42094181415897763
2.7499999999999845,0.065960608433576193,-0.2023771655389105,-0.42244934057600148
2.7599999999999842,0.067323738360334839,-0.20242074636323687,-0.4239082907351906
2.769999999999984,0.068672173797335437,-0.2024584900854694,-0.42531874977279177
2.7799999999999838,0.070005863397231166,-0.20249039000623953,-0.42668080527572727
2.7899999999999836,0.071324756690820237,-0.20251644080016867,-0.42799454733610443
2.7999999999999834,0.072628804114688986,-0.20253663852690557,-0.42926006859177407
2.8099999999999832,0.073917957031527259,-0.20255098062268034,-0.43047746422368605
2.819999999999983,0.075192167758178857,-0.20255946591580465,-0.43164683200190279
2.8299999999999828,0.076451389591357319,-0.20256209463630184,-0.4327682723176739
2.8399999999999825,0.077695576828591836,-0.20255886841444537,-0.43384188818971231
2.8499999999999823,0.0789246847886933,-0.20254979027970996,-0.43486778526948733
2.8599999999999821,0.080138669833749288,-0.20253486466612661,-0.43584607185800289
2.8699999999999819,0.081337489392371939,-0.20251409742175502,-0.43677685892964246
2.8799999999999817,0.082521101978775518,-0.20248749580915995,-0.43766026013483283
2.8899999999999815,0.083689467205244825,-0.20245506849147288,-0.43849639176942684
2.8999999999999813,0.084842545803836711,-0.2024168255436789,-0.43928537279633234
2.909999999999981,0.085980299645571731,-0.20237277845865115,-0.44002732485412044
2.9199999999999808,0.087102691752162675,-0.20232294013703223,-0.44072237222852073
2.9299999999999806,0.088209686311748206,-0.20226732488901877,-0.44137064184761515
2.9399999999999804,0.089301248689394375,-0.20220594842570927,-0.44197226325228389
2.9499999999999802,0.090377345441968987,-0.20213882786213799,-0.44252736859011926
2.95999999999998,0.091437944328195339,-0.20206598171184223,-0.44303609258870391
2.9699999999999798,0.092483014319285933,-0.2019874298837781,-0.44349857253211633
2.9799999999999796,0.093512525607942792,-0.20190319367816167,-0.44391494823290184
2.9899999999999793,0.09452644961354402,-0.20181329577554499,-0.44428536198724183
2.9999999999999791,0.095524758989934372,-0.20171776023389459,-0.44460995854549762
3.0099999999999789,0.096507427630143514,-0.20161661248071613,-0.44488888506988822
3.0199999999999787,0.097474430672994522,-0.20150987931115377,-0.44512229110334334
3.0299999999999785,0.098425744503053525,-0.20139758887395254,-0.44531032850946889
3.0399999999999783,0.099361346750523355,-0.20127977065979649,-0.44545315141559366
3.0499999999999781,0.10028121629492145,-0.20115645549899591,-0.44555091617461018
3.0599999999999778,0.10118533326357859,-0.20102767555060574,-0.44560378130575429
3.0699999999999776,0.10207367903025216,-0.20089346429364902,-0.44561190743807061
3.0799999999999774,0.10294623620641,-0.20075385650619637,-0.44557545722475694
3.0899999999999772,0.10380384377846967,-0.20060814484121867,-0.44549459843037648
3.099999999999977,0.10465075979934589,-0.20045263554613324,-0.4453694459473686
3.1099999999999768,0.1054912284939715,-0.20028358947322233,-0.44519993682378295
3.1199999999999766,0.1063260526905796,-0.20010019692019365,-0.44498587460000483
3.1299999999999764,0.10715517519493103,-0.19990238527560017,-0.44472704795432977
3.1399999999999761,0.10797853846228016,-0.19969008356407653,-0.44442324784091897
3.1499999999999759,0.10879608462922093,-0.19946322247381865,-0.44407426758150792
3.1599999999999757,0.10960775555425298,-0.19922173439982427,-0.44367990299116516
3.1699999999999755,0.11041349283909346,-0.19896555345117037,-0.4432399524234622
3.1799999999999753,0.11121323786284115,-0.19869461548116135,-0.44275421686601091
3.1899999999999751,0.11200693181422468,-0.19840885811388362,-0.44222250002703056
3.1999999999999749,0.11279451572232728,-0.19810822076716353,-0.4416446084132391
3.2099999999999747,0.11357593048538203,-0.19779264467195759,-0.44102035139915485
3.2199999999999744,0.11435111689910923,-0.1974620728900438,-0.44034954129199605
3.2299999999999742,0.11512001568607139,-0.19711645033376984,-0.43963199340016379
3.239999999999974,0.1158825675268076,-0.19675572378780276,-0.43886752610563051
3.2499999999999738,0.11663871308812909,-0.19637984192577368,-0.43805596092436794
3.2599999999999736,0.11738839304888755,-0.19598875532212173,-0.43719712255499166
3.2699999999999734,0.11813154812486056,-0.19558241646244268,-0.43629083892356085
3.2799999999999732,0.11886811910091334,-0.19516077976508656,-0.4353369412528314
3.2899999999999729,0.11959804685707354,-0.1947238015926292,-0.43433526410791895
3.2999999999999727,0.12032127238995984,-0.19427144025500181,-0.43328564542271708
3.3099999999999725,0.12103773684334415,-0.19380365602749106,-0.43218792655886423
3.3199999999999723,0.12174738152969811,-0.193320411153375,-0.43104195232955983
3.3299999999999721,0.12245014795314171,-0.19282166984900068,-0.42984757102808979
3.3399999999999719,0.12314597783445899,-0.19230739831140869,-0.42860463446135882
3.3499999999999717,0.12383481313544674,-0.19177756472498034,-0.42731299798030936
3.3599999999999715,0.1245165960807634,-0.19123213926341343,-0.42597252049941331
3.3699999999999712,0.12519126917797685,-0.19067109408886035,-0.42458306450895561
3.379999999999971,0.1258587752407741,-0.1900944033556497,-0.42314449609661514
3.3899999999999708,0.1265190574091769,-0.18950204320922182,-0.42165668495792158
3.3999999999999706,0.12717205916083277,-0.18889399177134047,-0.42011950437525364
3.4099999999999704,0.12781772434370758,-0.18827022915727093,-0.41853283126714663
3.4199999999999702,0.12845599718998874,-0.18763073746448333,-0.41689654617358185
3.42999999999997,0.12908682232424901,-0.18697550075293057,-0.41521053322174778
3.4399999999999697,0.12971014478968174,-0.18630450505186774,-0.41347468015007788
3.4499999999999695,0.13032591006383781,-0.1856177383509619,-0.41168887829647671
3.4599999999999693,0.13093406406981042,-0.18491519058463715,-0.40985302257098732
3.4699999999999691,0.13153455319029528,-0.18419685362085103,-0.40796701143741287
3.4799999999999689,0.13212732428913218,-0.18346272126004159,-0.40603074691662305
3.4899999999999687,0.13271232471591138,-0.18271278921019327,-0.40404413453646743
3.4999999999999685,0.13328950231767034,-0.18194705507205247,-0.40200708330311397
3.5099999999999683,0.13385880545355622,-0.18116551832844513,-0.39991950568100731
3.519999999999968,0.13442018300327405,-0.18036818032485177,-0.39778131755257062
3.5299999999999678,0.13497358438711804,-0.17955504426566241,-0.39559243821183149
3.5399999999999676,0.13551895955624077,-0.1787261151705595,-0.39335279026938347
3.5499999999999674,0.13605625901028162,-0.17788139986768403,-0.3910622996377266
3.5599999999999672,0.13658543380628579,-0.17702090697537753,-0.38872089549079275
3.569999999999967,0.13710643556081586,-0.17614464687470749,-0.38632851020229569
3.5799999999999668,0.13761921646040365,-0.17525263169345306,-0.38388507930881416
3.5899999999999666,0.138123729257108,-0.1743448752706438,-0.38139054142944034
3.5999999999999663,0.13861992728190481,-0.17342139314457949,-0.3788448382361399
3.6099999999999661,0.13910776443921413,-0.17248220251689589,-0.37624791437112071
3.6199999999999659,0.13958719521376214,-0.1715273222322658,-0.37359971739779135
3.6299999999999657,0.14005817467011433,-0.17055677274965061,-0.37090019773256749
3.6399999999999655,0.14052065845372869,-0.16957057611524529,-0.36814930857974032
3.6499999999999653,0.140974602790778,-0.16856875593457554,-0.36534700586403313
3.6599999999999651,0.14141996447533839,-0.16755133732963862,-0.36249324813002831
3.6699999999999648,0.14185670088628749,-0.16651834693213613,-0.35958799651936962
3.6799999999999646,0.14228476997752956,-0.16546981284498852,-0.35663121467862663
3.6899999999999644,0.14270413025941597,-0.16440576459419159,-0.35362286864590997
3.6999999999999642,0.14311474080505515,-0.16332623311056138,-0.35056292680171458
3.709999999999964,0.14351693639000032,-0.16223218076531326,-0.34745415200728696
3.7199999999999638,0.14391256123173188,-0.16112828686019334,-0.34431048968189309
3.7299999999999636,0.14430348015230263,-0.16001922470869545,-0.34114591699669944
3.7399999999999634,0.14469006835733511,-0.15890595094292215,-0.33796326213966227
3.7499999999999631,0.14507232666200615,-0.157788493992783,-0.3347625622671781
3.7599999999999629,0.14545025603064238,-0.15666688210249025,-0.33154385352832538
3.7699999999999627,0.1458238575724915,-0.15554114332830754,-0.3283071710517621
3.7799999999999625,0.1461931325327559,-0.15441130553106447,-0.32505254892181701
3.7899999999999623,0.14655808227804593,-0.15327739636340382,-0.32178002014340162
3.7999999999999621,0.14691870828929432,-0.15213944326507212,-0.31848961662433184
3.8099999999999619,0.14727501215361413,-0.15099747345746262,-0.31518136915612177
3.8199999999999616,0.14762699554822933,-0.14985151393045126,-0.31185530737870026
3.8299999999999614,0.14797466023927541,-0.14870159144461198,-0.30851145977759475
3.8399999999999612,0.14831800806796092,-0.14754773252092807,-0.30514985365519171
3.849999999999961,0.14865704093562665,-0.14638996342963312,-0.30177051510046515
3.8599999999999608,0.14899176079650181,-0.14522831018755003,-0.2983734689765703
3.8699999999999606,0.14932216965509748,-0.14406279855982626,-0.29495873891746249
3.8799999999999604,0.14964826954718435,-0.14289345404598136,-0.29152634729275917
3.8899999999999602,0.14997006253250414,-0.14172030187764464,-0.28807631519650473
3.8999999999999599,0.15028755067732469,-0.14054336700747733,-0.28460866241868699
3.9099999999999597,0.15060073605017493,-0.13936267411026065,-0.28112340744136344
3.9199999999999595,0.15090962072114145,-0.13817824758802078,-0.27762056744335661
3.9299999999999593,0.1512142067422419,-0.1369901115571534,-0.27410015826845324
3.9399999999999591,0.15151449612728191,-0.13579828983636016,-0.27056219439624452
3.9499999999999589,0.15181049085140191,-0.13460280595251362,-0.26700668894867807
3.9599999999999587,0.15210219284607818,-0.1334036831428117,-0.26343365368991056
3.9699999999999589,0.15238960397308798,-0.13220094433814522,-0.25984309898863989
3.9799999999999587,0.1526727260390999,-0.13099461218289377,-0.25623503385299712
3.9899999999999585,0.15295156075665794,-0.12978470900806358,-0.25260946587402433
3.9999999999999583,0.15322610974458667,-0.12857125683921622,-0.24896640123747182
4.009999999999958,0.15349637452353387,-0.12735427740054506,-0.24530584472896602
4.0199999999999578,0.15376235649542463,-0.12613379210506342,-0.24162779971184883
4.0299999999999576,0.15402405695101173,-0.12490982206911169,-0.23793226815262669
4.0399999999999574,0.15428147703181938,-0.12368238808929238,-0.23421925057467327
4.0499999999999572,0.15453461773234323,-0.12245151065298855,-0.23048874607673289
4.059999999999957,0.15478347990178165,-0.12121720994857293,-0.22674075235094562
4.0699999999999568,0.15502806421979304,-0.11997950585483624,-0.22297526566172429
4.0799999999999566,0.15526837118885678,-0.11873841794423573,-0.21919228085147946
4.0899999999999563,0.15550440110938496,-0.11749396547342239,-0.21539179132325875
4.0999999999999561,0.15573615409438238,-0.11624616740403151,-0.21157378907956545
4.1099999999999559,0.15596363005072539,-0.11499504239845053,-0.20773826471555623
4.1199999999999557,0.15618682866471556,-0.11374060881871886,-0.20388520741793439
4.1299999999999555,0.15640574938373725,-0.1124828847239254,-0.20001460496292395
4.1399999999999553,0.15662039140754958,-0.11122188787430473,-0.19612644372604104
4.1499999999999551,0.1568307537049175,-0.10995763575425158,-0.19222070872624297
4.1599999999999548,0.15703683496690235,-0.10869014554988951,-0.18829738358968462
4.1699999999999546,0.15723863361369081,-0.10741943416532088,-0.18435645058271605
4.1799999999999544,0.15743614778163056,-0.10614551822551474,-0.18039789062208506
4.1899999999999542,0.15762937530556179,-0.10486841407586439,-0.17642168327977095
4.199999999999954,0.15781831372500804,-0.10358813779861922,-0.17242780681742417
4.2099999999999538,0.15800296026536331,-0.1023047052125001,-0.1684162381923856
4.2199999999999536,0.15818331181727072,-0.10101813187176797,-0.16438695306425571
4.2299999999999534,0.1583593649492307,-0.099728433087056562,-0.16033992583755738
4.2399999999999531,0.15853111586834612,-0.098435623913774251,-0.15627512965267124
4.2499999999999529,0.15869856043443356,-0.097139719173877981,-0.15219253643057676
4.2599999999999527,0.15886169412964762,-0.095840733451346916,-0.14809211687797816
4.2699999999999525,0.15902051205623335,-0.094538681104098132,-0.14397384051706652
4.2799999999999523,0.15917500896311498,-0.093233576294448742,-0.13983767574614242
4.2899999999999521,0.1593251791607935,-0.091925432952381841,-0.13568358979689185
4.2999999999999519,0.15947101654881995,-0.090614264807327607,-0.13151154879863552
4.3099999999999516,0.15961251464230969,-0.089300085418045905,-0.1273215178380448
4.3199999999999514,0.15974966651731692,-0.087982908156272521,-0.12311346095193711
4.3299999999999512,0.15988246479663604,-0.086662746214592135,-0.11888734115720401
4.339999999999951,0.16001090168104115,-0.085339612639487805,-0.11464312051693079
4.3499999999999508,0.16013496886953746,-0.084013520304599437,-0.1103807601254444
4.3599999999999506,0.16025465762853952,-0.082684481963613124,-0.10610022020082395
4.3699999999999504,0.16036995877705978,-0.08135251025900897,-0.10180146011986005
4.3799999999999502,0.16048086256895894,-0.080017617678037306,-0.097484438386129996
4.3899999999999499,0.16058735880391609,-0.078679816627427207,-0.093149112752307223
4.3999999999999497,0.16068943678724956,-0.077339119430393177,-0.088795440243656654
4.4099999999999495,0.16078708530210578,-0.075995538329931361,-0.084423377189747156
4.4199999999999493,0.16088029259659303,-0.074649085501873089,-0.080032879273174123
4.4299999999999491,0.16096904637934215,-0.073299773070882687,-0.075623901579731673
4.4399999999999489,0.16105333383569359,-0.071947613137346142,-0.07119639866346622
4.4499999999999487,0.16113314160572156,-0.070592617785290662,-0.066750324589375243
4.4599999999999485,0.16120845573123257,-0.069234799079341908,-0.062285632972080972
4.4699999999999482,0.16127926170275564,-0.067874169104679388,-0.057802277053782679
4.479999999999948,0.16134554448204869,-0.06651073999666432,-0.053300209774096323
4.4899999999999478,0.1614072883531911,-0.065144523898514037,-0.048779383779333274
4.4999999999999476,0.16146447705534361,-0.063775533037530377,-0.044239751533615396
4.5099999999999474,0.16151709374205808,-0.062403779729731435,-0.039681265372808909
4.5199999999999472,0.16156512090553254,-0.061029276370522544,-0.035103877549065014
4.529999999999947,0.16160854046333351,-0.059652035491142244,-0.030507540325974157
4.5399999999999467,0.16164733368736317,-0.058272069753292452,-0.025892206032467342
4.5499999999999465,0.16168148119856568,-0.056889391970124659,-0.021257827137019389
4.5599999999999463,0.16171096300919832,-0.055504015144400398,-0.016604356329994463
4.5699999999999461,0.16173575846985427,-0.054115952472764926,-0.011931746593045779
4.5799999999999459,0.16175584626437992,-0.052725217367619912,-0.0072399512781287506
4.5899999999999457,0.16177120439240192,-0.051331823476538051,-0.0025289241918201727
4.5999999999999455,0.16178181019227383,-0.049935784713747301,0.0022013803212044061
4.6099999999999453,0.16178764037870777,-0.048537115296409396,0.0069510072934453257
4.619999999999945,0.16178867092073379,-0.047135829731895104,0.011720001045909999
4.6299999999999448,0.16178487709817352,-0.04573194286109003,0.016508405097615159
4.6399999999999446,0.16177623351267503,-0.0443254698882799,0.021316262071639114
4.6499999999999444,0.16176271406605919,-0.042916426400124455,0.026143613602787531
4.6599999999999442,0.16174429195703044,-0.041504828392225926,0.030990500237746701
4.669999999999944,0.16172093963438844,-0.040090692283905022,0.035856961328202604
4.6799999999999438,0.16169262885751123,-0.038674034961981345,0.040743034938356196
4.6899999999999435,0.16165933066483679,-0.037254873800577903,0.045648757735146102
4.6999999999999433,0.16162101533956577,-0.035833226681630005,0.050574164871866702
4.7099999999999431,0.1615776524694166,-0.03440911203754958,0.055519289895559099
4.7199999999999429,0.16152921086133179,-0.032982548862409256,0.060484164605773827
4.7299999999999427,0.16147565859614801,-0.031553556752921638,0.065468818959749528
4.7399999999999425,0.16141696303770892,-0.030122155941460879,0.070473280955188164
4.7499999999999423,0.16135309079160332,-0.028688367316955,0.075497576499303429
4.7599999999999421,0.16128400768514731,-0.02725221245446385,0.080541729268889445
4.7699999999999418,0.16120967879878556,-0.025813713651669228,0.085605760601330516
4.7799999999999416,0.16113006851298051,-0.024372893969363155,0.090689689387007152
4.7899999999999414,0.16104514039610437,-0.022929777245044726,0.095793531881176536
4.7999999999999412,0.16095485725048789,-0.021484388134682134,0.10091730158790066
4.809999999999941,0.16085918114750083,-0.020036752151153775,0.1060610091426275
4.8199999999999408,0.16075807340762227,-0.018586895695122327,0.11122466215948609
4.8299999999999406,0.16065149458769568,-0.017134846087696345,0.11640826507866636
4.8399999999999403,0.16053940447821408,-0.01568063160573193,0.1216118190135905
4.8499999999999401,0.16042176209853376,-0.014224281517197308,0.1268353215940779
4.8599999999999399,0.16029852572631728,-0.012765826120366195,0.13207876683197348
4.8699999999999397,0.16016965289044469,-0.011305296779449329,0.13734214495738892
4.8799999999999395,0.16003510036538612,-0.009842725961070704,0.14262544225168142
4.8899999999999393,0.15989482418362028,-0.0083781472727604417,0.1479286408914296
4.8999999999999391,0.15974877962678646,-0.0069115955005675939,0.15325171876999785
4.9099999999999389,0.15959692121409993,-0.0054431066475564768,0.15859464931080805
4.9199999999999386,0.15943920275058651,-0.0039727179750758436,0.16395740133553463
4.9299999999999384,0.15927557731411665,-0.0025004680417886581,0.16933993886986998
4.9399999999999382,0.15910599724631283,-0.0010263967432227739,0.17474222094979552
4.949999999999938,0.15893041417800344,0.00044945464659460616,0.18016420145670883
4.9599999999999378,0.15874912779744854,0.0019254964296975263,0.18560045470931652
4.9699999999999376,0.15856385326378639,0.0033939799391193744,0.1910240574593968
4.9799999999999374,0.15837635701616462,0.0048472195128638554,0.19640810089453253
4.9899999999999372,0.15818703906129628,0.0062837355945686343,0.20174719332669533
4.9999999999999369,0.15799595218075513,0.0077035929287319511,0.2070413224431672
5.0099999999999367,0.15780314872467957,0.0091068566622184606,0.21229047719442964
5.0199999999999365,0.15760868062839639,0.010493592323183571,0.21749464773901644
5.0299999999999363,0.15741259940158864,0.011863865800178055,0.22265382535752903
5.0399999999999361,0.15721495620818579,0.013217743328510802,0.22776800249597315
5.0499999999999359,0.1570158018466285,0.01455529147154935,0.23283717267675902
5.0599999999999357,0.15681518676450396,0.015876577106031211,0.23786133046339036
5.0699999999999354,0.15661316110360268,0.017181667410870537,0.24284047147188928
5.0799999999999352,0.15640977470628165,0.018470629854814371,0.247774592334289
5.089999999999935,0.15620507714551995,0.0197435321872651,0.25266369070048056
5.0999999999999348,0.15599911772922154,0.021000442427924221,0.25750776520573687
5.1099999999999346,0.15579194552911371,0.022241428860234492,0.26230681548095491
5.1199999999999344,0.15558360940398508,0.023466560025725888,0.26706084215952136
5.1299999999999342,0.15537415802129612,0.024675904719559019,0.27176984688687406
5.139999999999934,0.15516363984727069,0.025869531981903955,0.27643383227806184
5.1499999999999337,0.15495210318528024,0.027047511097990879,0.28105280196347077
5.1599999999999335,0.15473959620249725,0.028209911597329308,0.28562676061822473
5.1699999999999333,0.15452616694243987,0.029356803252355103,0.29015571397341
5.1799999999999331,0.15431186332978597,0.030488256075605659,0.29463966881267689
5.1899999999999329,0.15409673318835543,0.031604340320717787,0.29907863299881965
5.1999999999999327,0.15388082427155891,0.032705126486217699,0.30347261552567389
5.2099999999999325,0.15366418426494863,0.033790685315271116,0.307821626522572
5.2199999999999322,0.15344686081272479,0.034861087800643786,0.31212567730672147
5.229999999999932,0.15322890151912549,0.035916405185156125,0.31638478038959916
5.2399999999999318,0.15301035396904622,0.036956708966930533,0.32059894952408613
5.2499999999999316,0.15279126575974744,0.037982070908229561,0.32476819977896659
5.2599999999999314,0.15257168449389508,0.038992563035595389,0.3288925475353609
5.2699999999999312,0.15235165778808132,0.039988257644088532,0.33297201051709785
5.279999999999931,0.15213123330861211,0.040969227308943007,0.33700660788185766
5.2899999999999308,0.15191045877449721,0.041935544889601925,0.34099636024549773
5.2999999999999305,0.15168938196530385,0.042887283535254866,0.34494128971783189
5.3099999999999303,0.15146805073780858,0.043824516693149532,0.34884141996006662
5.3199999999999301,0.15124651304359885,0.044747318117710745,0.35269677624702384
5.3299999999999299,0.15102481693210035,0.045655761875786044,0.3565073854976305
5.3399999999999297,0.15080301056430756,0.046549922355369394,0.36027327633180545
5.3499999999999295,0.15058114223235011,0.047429874276335354,0.3639944791429125
5.3599999999999293,0.1503592603565867,0.04829569269463195,0.36767102611831842
5.3699999999999291,0.15013741350787366,0.049147453014545393,0.37130295132194691
5.3799999999999288,0.149915650412764,0.049985230995629876,0.37489029073621044
5.3899999999999286,0.14969401995606194,0.050809102759097197,0.37843308229897399
5.3999999999999284,0.14947257120574869,0.051619144801592569,0.38193136599667221
5.4099999999999282,0.14925135341876317,0.052415434002932776,0.385385183911782
5.419999999999928,0.14903041604145134,0.053198047631953696,0.38879458025646535
5.4299999999999278,0.14880980871613908,0.053967063354401164,0.39215960142205158
5.4399999999999276,0.14858958130249264,0.054722559246163913,0.39548029606824359
5.4499999999999273,0.14836978388187144,0.055464613800641382,0.39875671516866878
5.4599999999999271,0.1481504667583754,0.056193305934754134,0.40198891204783049
5.4699999999999269,0.14793168047299537,0.056908714999682308,0.40517694245307145
5.4799999999999267,0.14771347580727201,0.057610920787755301,0.40832086459866851
5.4899999999999265,0.14749590379588079,0.058300003542678829,0.41142073923471412
5.4999999999999263,0.14727901572459873,0.058976043963844843,0.41447662967507998
5.5099999999999261,0.14706286313878819,0.059639123214788883,0.41748860185487091
5.5199999999999259,0.14684749786250711,0.060289322935718731,0.42045672441746029
5.5299999999999256,0.14663297198832689,0.0609267252441512,0.42338106871892334
5.5399999999999254,0.14641933789099867,0.061551412745053047,0.42626170889948156
5.5499999999999252,0.14620664822765933,0.062163468535126047,0.42909872191550114
5.559999999999925,0.14599495595101752,0.062762976212491245,0.43189218760943959
5.5699999999999248,0.1457843143129087,0.063350019881948813,0.43464218875030347
5.5799999999999246,0.14557477685922293,0.063924684156481906,0.43734881104866558
5.5899999999999244,0.14536642375481623,0.064487132631365143,0.44001219223369364
5.5999999999999241,0.14515943777292151,0.065037842565241324,0.44263266362558806
5.6099999999999239,0.14495399466315942,0.065577289686708118,0.44521054447994779
5.6199999999999237,0.1447501609204648,0.06610563471965826,0.44774594965885128
5.6299999999999235,0.14454797670246106,0.066622960128109907,0.45023894624285055
5.6399999999999233,0.14434748249422436,0.067129348808048994,0.45268960399672642
5.6499999999999231,0.14414871911745125,0.067624884097806634,0.4550979954365858
5.6599999999999229,0.14395172773632081,0.068109649786567611,0.45746419588540438
5.6699999999999227,0.14375654985196867,0.068583730117203284,0.45978828349123679
5.6799999999999224,0.14356322731578222,0.069047209797673481,0.46207033930378949
5.6899999999999222,0.14337180232496302,0.069500174003534629,0.46431044729261695
5.699999999999922,0.14318231742843329,0.069942708385197186,0.46650869439735237
5.7099999999999218,0.142994815532832,0.070374899074714711,0.46866517057618634
5.7199999999999216,0.142809339897666,0.070796832686974343,0.47077996881787371
5.7299999999999214,0.14262593414887054,0.071208596329596821,0.47285318521168418
5.7399999999999212,0.14244464227534698,0.071610277604000405,0.47488491896018853
5.749999999999921,0.14226550862464377,0.072001964605569291,0.47687527238651684
5.7599999999999207,0.14208857792130195,0.072383745934885446,0.4788243510155259
5.7699999999999205,0.14191389525778908,0.072755710694647285,0.4807322635612305
5.7799999999999203,0.14174150609552646,0.073117948491417784,0.48259912194611143
5.7899999999999201,0.14157145627867102,0.073470549443375874,0.48442504136101716
5.7999999999999199,0.14140379202695991,0.07381360417697691,0.48621014025258091
5.8099999999999197,0.14123855994011786,0.074147203829120656,0.4879545403470909
5.8199999999999195,0.14107580700117486,0.074471440048399035,0.48965836666879814
5.8299999999999192,0.14091558057901987,0.074786404995485431,0.49132174755296903
5.839999999999919,0.14075792842886575,0.07509219134205708,0.49294481464950585
5.8499999999999188,0.14060289870011461,0.075388892273176369,0.49452770295001713
5.8599999999999186,0.14045053992951184,0.075676601481467029,0.49607055076075707
5.8699999999999184,0.14030090105091103,0.075955413169795621,0.49757349973142967
5.8799999999999182,0.14015403139742177,0.07622542204931558,0.49903669485458785
5.889999999999918,0.14000998069813492,0.076486723334346834,0.5004602844435192
5.8999999999999178,0.13986879908911334,0.076739412744521895,0.50184442015777508
5.9099999999999175,0.1397305371088452,0.076983586498026876,0.50318925697102024
5.9199999999999173,0.13959524570434773,0.077219341310338266,0.50449495317410475
5.9299999999999171,0.13946297623436066,0.077446774390896367,0.50576167036499198
5.9399999999999169,0.13933378047290559,0.077665983439678371,0.50698957343746354
5.9499999999999167,0.13920771061115556,0.077877066642432824,0.5081788305607885
5.9599999999999165,0.13908481925972288,0.078080122665698151,0.50932961315818803
5.9699999999999163,0.13896515945148222,0.078275250651787157,0.51044209588420841
5.979999999999916,0.13884878464798034,0.078462550215458615,0.51151645661263467
5.9899999999999158,0.13873574874307382,0.078642121438561682,0.51255287641128566
5.9999999999999156,0.13862610606368903,0.078814064862836319,0.51355153950350452
6.0099999999999154,0.13851991137962927,0.078978481487390201,0.51451263325995178
6.0199999999999152,0.1384172199019908,0.079135472759379266,0.51543634814549233
6.029999999999915,0.13831808728627198,0.079285140567073031,0.51632287768041352
6.0399999999999148,0.13822256964533036,0.079427587238144082,0.5171724184354235
6.0499999999999146,0.13813072354998296,0.079562915530628608,0.51798516997779354
6.0599999999999143,0.13804260603103552,0.079691228624362245,0.51876133481973585
6.0699999999999141,0.13795827458793847,0.079812630115912719,0.51950111838856106
6.0799999999999139,0.13787778719349048,0.079927224010983997,0.52020472897922598
6.0899999999999137,0.13780120230092618,0.080035114717877859,0.5208723777127412
6.0999999999999135,0.13772857885223416,0.08013640704135587,0.52150427849638759
6.1099999999999133,0.13765997628051399,0.0802312061728883,0.52210064795839983
6.1199999999999131,0.13759545451668059,0.080319617683067043,0.52266170539602608
6.1299999999999129,0.13753507399941495,0.080401747515684768,0.52318767273293065
6.1399999999999126,0.13747889568113969,0.080477701979252872,0.52367877445855315
6.1499999999999124,0.13742698103819251,0.080547587740758736,0.52413523758047886
6.1599999999999122,0.13737939207599825,0.080611511816301024,0.52455729155475428
6.169999999999912,0.1373361913393856,0.080669581564440845,0.52494516823285009
6.1799999999999118,0.13729744192093524,0.080721904678271672,0.52529910179801109
6.1899999999999116,0.13726320746929638,0.080768589177250827,0.52561932869863737
6.1999999999999114,0.13723355220354877,0.0808097434024454,0.5259060876017988
6.2099999999999111,0.13720861979186688,0.080846376736673498,0.52615935451574602
6.2199999999999109,0.13718883088535289,0.080883091155823247,0.52637796550994853
6.2299999999999107,0.1371745099643778,0.080924457999958579,0.52656052832411337
6.2399999999999105,0.13716561156160995,0.080971421105852315,0.52670654050529075
6.2499999999999103,0.13716200794954114,0.081024020358029136,0.5268157439409592
6.2599999999999101,0.13716357199525467,0.081082295978141192,0.52688788222912963
6.2699999999999099,0.13717017714623092,0.081146288516676449,0.52692270077968462
6.2799999999999097,0.13718169741526032,0.081216038843801241,0.52691994690773747
6.2899999999999094,0.13719800736448542,0.081291588139243101,0.526879369919242
6.2999999999999092,0.13721898208864816,0.081372977881358985,0.52680072118894883
6.309999999999909,0.13724449721364174,0.081460249844868701,0.52668375429269976
6.3199999999999088,0.13727442887720659,0.081553446087679254,0.52652822506678809
6.3299999999999086,0.13730865371297071,0.081652608939440902,0.52633389167560418
6.3399999999999084,0.1373470488539445,0.081757781001207661,0.52610051474956476
6.3499999999999082,0.13738949191220998,0.081869005130768516,0.52582785742738913
6.3599999999999079,0.13743586096809635,0.081986324433329427,0.52551568543030835
6.3699999999999077,0.13748603457088854,0.082109782258763198,0.52516376717614033
6.3799999999999075,0.13753989172589229,0.082239422190531458,0.52477187383676938
6.3899999999999073,0.1375973118870723,0.082375288037661532,0.52433977941258847
6.3999999999999071,0.13765817495018368,0.082517423826886274,0.52386726080470547
6.4099999999999069,0.13772236124448109,0.082665873793638212,0.52335409787733789
6.4199999999999067,0.13778975153112036,0.082820682376933782,0.52280007354149916
6.4299999999999065,0.13786022699709061,0.082981894211460502,0.52220497381753539
6.4399999999999062,0.13793366924880845,0.083149554119270289,0.52156858789208038
6.449999999999906,0.13800996030843549,0.083323707102936517,0.52089070818121741
6.4599999999999058,0.13808898260879776,0.083504398337841151,0.52017113038443075
6.4699999999999056,0.13817061899009919,0.083691673165457295,0.51940965354109903
6.4799999999999054,0.13825475269842208,0.083885577087552649,0.51860608008970621
6.4899999999999052,0.13834126738294766,0.084086155759595618,0.51776021591816446
6.499999999999905,0.13843004709184414,0.084293454983354485,0.51687187040532634
6.5099999999999048,0.13852097626897847,0.08450752069992945,0.5159408564615402
6.5199999999999045,0.1386139397566836,0.084728398986390549,0.514966990587992
6.5299999999999043,0.13870882278989799,0.084956136047274644,0.51395009290006077
6.5399999999999041,0.13880551099431629,0.085190778208466586,0.51288998716175482
6.5499999999999039,0.1389038903906501,0.085432371914877139,0.51178650083920052
6.5599999999999037,0.13900384738921506,0.085680963722232301,0.51063946511435476
6.5699999999999035,0.13910526878846879,0.085936600291339732,0.50944871490999211
6.5799999999999033,0.13920804177984236,0.086199328386304938,0.50821408893404929
6.589999999999903,0.13931205394158219,0.086469194866062526,0.50693542968015448
6.5999999999999028,0.13941719324211049,0.086746246681916619,0.50561258345951909
6.6099999999999026,0.13952334803989366,0.087030530872940867,0.50424540041662136
6.6199999999999024,0.13963040708091257,0.087322094560152094,0.50283373453284641
6.6299999999999022,0.13973825950017632,0.087620984943201891,0.50137744364164127
6.639999999999902,0.13984679482310736,0.087927249297226923,0.49987638943963053
6.6499999999999018,0.13995590296653321,0.088240934969614285,0.49833043749345618
6.6599999999999016,0.14006547423613658,0.08856208937467222,0.49673945723046714
6.6699999999999013,0.14017539932790465,0.088890759991063134,0.49510332194106982
6.6799999999999011,0.14028556932818331,0.089226994358477543,0.49342190877290076
6.6899999999999009,0.14039587571787926,0.089570840077216385,0.49169509873684092
6.6999999999999007,0.14050621036359218,0.089922344799642437,0.48992277666419148
6.7099999999999005,0.14061646552557022,0.090281556232610638,0.48810483122020726
6.7199999999999003,0.14072653385939268,0.090648522136066972,0.48624115489295289
6.7299999999999001,0.14083630840782624,0.091023290315672051,0.48433164394521511
6.7399999999998998,0.14094568260599738,0.091405908624163687,0.48237619841051427
6.7499999999998996,0.14105455028255676,0.091796424960451428,0.48037472207246251
6.7599999999998994,0.14116280565650219,0.092194887266171102,0.47832712242701797
6.7699999999998992,0.14127034333810223,0.092601343525114177,0.47623331065641245
6.779999999999899,0.14137705832396474,0.093015841759152063,0.47409320158144702
6.7899999999998988,0.14148284600247635,0.093438430031225164,0.47190671364622727
6.7999999999998986,0.14158760215324775,0.093869156444754881,0.46967376888108969
6.8099999999998984,0.14169122293822656,0.094308069137763573,0.46739429283544254
6.8199999999998981,0.14179360490527038,0.094755216285494381,0.46506821455076058
6.8299999999998979,0.14189464498825591,0.095210646101228064,0.46269546652005539
6.8399999999998977,0.14199424050205772,0.095674406833785572,0.46027598462894853
6.8499999999998975,0.1420922891414598,0.096146546768052177,0.45780970810787242
6.8599999999998973,0.14218868897980352,0.096627114225644906,0.4552965794824238
6.8699999999998971,0.1422833384610232,0.097116157561332739,0.45273654450069062
6.8799999999998969,0.14237613640186905,0.097613725166773177,0.45012955209248334
6.8899999999998967,0.1424669819886403,0.098119865470754991,0.44747555430952313
6.8999999999998964,0.14255577477495657,0.098634626940475117,0.44477450626766424
6.9099999999998962,0.1426424146705863,0.099158058076994293,0.44202636606049001
6.919999999999896,0.14272680194216805,0.09969020741914128,0.43923109470928601
6.9299999999998958,0.1428088372089848,0.10023112354428976,0.43638865609699778
6.9399999999998956,0.1428884214354133,0.10078085506713574,0.43349901689077275
6.9499999999998954,0.14296545593376425,0.10133945064605751,0.43056214649619562
6.9599999999998952,0.14303984234600581,0.10190695897486755,0.42757801694664277
6.9699999999998949,0.14311148264167756,0.10248342878620935,0.42454660284177648
6.9799999999998947,0.1431802791176906,0.10306890885662451,0.42146788129127877
6.9899999999998945,0.1432461343866277,0.10366344800366187,0.41834183182380341
6.9999999999998943,0.14330895137417091,0.10426709508984149,0.41516843632296091
7.0099999999998941,0.14336863330574579,0.10487989901900233,0.41194767893196882
7.0199999999998939,0.14342508369601631,0.10550190873487678,0.40867954596718059
7.0299999999998937,0.14347820634924213,0.10613317322785183,0.40536402586321635
7.0399999999998935,0.14352790534693,0.10677374153264801,0.40200110908155978
7.0499999999998932,0.14357408503826893,0.10742366272821212,0.39859078802776282
7.059999999999893,0.14361665002984292,0.10808298593722407,0.39513305696778428
7.0699999999998928,0.14365550517841383,0.10875176032809757,0.39162791195293478
7.0799999999998926,0.14369055557948962,0.10943003511385357,0.38807535073441152
7.0899999999998924,0.1437217065534635,0.11011785954940656,0.38447537267208787
7.0999999999998922,0.14374886364121617,0.11081528293600082,0.38082797867003632
7.109999999999892,0.14377193258470272,0.11152235461433335,0.37713317107292488
7.1199999999998917,0.14379081932073268,0.112239123967912,0.37339095359869279
7.1299999999998915,0.14380542996805346,0.11296564042111815,0.3696013312551315
7.1399999999998913,0.14381567081340563,0.11370195343669103,0.3657643102548791
7.1499999999998911,0.14382144829954469,0.11444811251458234,0.36187989793761999
7.1599999999998909,0.14382266901220075,0.11520416719006968,0.35794810269055277
7.1699999999998907,0.14381923966699339,0.11597016703165096,0.35396893387122286
7.1799999999998905,0.14381106709300254,0.11674616163629942,0.34994240172336433
7.1899999999998903,0.14379805821596417,0.11753220062413047,0.3458685172947632
7.19999999999989,0.14378012005023311,0.118328333640183,0.34174729237778945
7.2099999999998898,0.14375715968236608,0.1191346103490652,0.33757873943228556
7.2199999999998896,0.14372908425306075,0.11995108042828399,0.33336287150615307
7.2299999999998894,0.14369580094259193,0.12077779356396312,0.32909970216782897
7.2399999999998892,0.14365721695010075,0.12161479944123813,0.32478924542626386
7.249999999999889,0.1436132394856596,0.12246214774501168,0.32043151568355643
7.2599999999998888,0.1435637757491979,0.1233198881494251,0.31602652765970207
7.2699999999998886,0.14350873291837229,0.12418807031454371,0.31157429634031686
7.2799999999998883,0.14344801812432384,0.12506674387209604,0.3070748369009611
7.2899999999998881,0.14338153843681595,0.12595595841897891,0.30252816465486687
7.2999999999998879,0.1433092008463055,0.12685576350735062,0.29793429499798912
7.3099999999998877,0.14323091224643886,0.12776620863476854,0.29329324335728879
7.3199999999998875,0.14314657942368686,0.12868734324005421,0.28860502515771647
7.3299999999998873,0.14305610902384616,0.12961921667782894,0.28386965574490408
7.3399999999998871,0.14295940754698466,0.13056187821788515,0.27908715036958032
7.3499999999998868,0.14285638132364664,0.13151537702684687,0.27425752413828902
7.3599999999998866,0.14274693649421466,0.13247976215206897,0.26938079197362053
7.3699999999998864,0.14263097899601029,0.13345508251150201,0.26445696859444912
7.3799999999998862,0.1425084145371599,0.13444138687069573,0.25948606847397354
7.389999999999886,0.142379148587719,0.13543872383486816,0.25446810583504104
7.3999999999998858,0.14224308635404886,0.13644714182420647,0.24940309461816881
7.4099999999998856,0.14210013275307332,0.13746668904783355,0.24429104845506552
7.4199999999998854,0.14195019240615764,0.1384974134954913,0.23913198068115679
7.4299999999998851,0.14179316961544539,0.13953936291108213,0.23392590432186552
7.4399999999998849,0.14162896833813632,0.14059258476301217,0.22867283208047853
7.4499999999998847,0.1414574921856058,0.14165712623757151,0.2233727763721855
7.4599999999998845,0.14127857338495942,0.14273189441299713,0.21803105462694972
7.4699999999998843,0.14109180018339462,0.14381121887745094,0.2126742083879184
7.4799999999998841,0.14089684966737476,0.14488939612519833,0.20732878966925189
7.4899999999998839,0.14069371605353087,0.14596528166496908,0.20200013896276228
7.4999999999998836,0.14048246197607361,0.14703887550837466,0.19668828932042934
7.5099999999998834,0.14026314908072929,0.14811017793762779,0.19139326915560079
7.5199999999998832,0.14003583803975814,0.1491791894994513,0.18611510243192164
7.529999999999883,0.13980058854213706,0.1502459109736009,0.18085380881096008
7.5399999999998828,0.13955745930322327,0.15131034336125543,0.17560940382415335
7.5499999999998826,0.13930650805018363,0.15237248784734167,0.17038189900895778
7.5599999999998824,0.13904779153621338,0.15343234579367754,0.16517130207872793
7.5699999999998822,0.1387813655326075,0.15448991870758388,0.15997761706221783
7.5799999999998819,0.1385072848380669,0.15554520822963849,0.15480084445920672
7.5899999999998817,0.13822560327688369,0.15659821610828623,0.14964098138171286
7.5999999999998815,0.13793637369152814,0.15764894416836611,0.144498021684724
7.6099999999998813,0.13763964796959691,0.1586973943178496,0.13937195613263931
7.6199999999998811,0.13733547703195884,0.15974356851081437,0.13426277251934776
7.6299999999998809,0.13702391083644361,0.16078746872770314,0.129170455802946
7.6399999999998807,0.13670499839321412,0.1618290969689308,0.12409498824876172
7.6499999999998805,0.1363787877672557,0.16286845523371576,0.11903634955614262
7.6599999999998802,0.13604532607668002,0.16390554549346975,0.11399451697940366
7.66999999999988,0.13570465950181887,0.16494036967779527,0.10896946545607296
7.6799999999998798,0.13535683328964396,0.16597292965467181,0.1039611677287777
7.6899999999998796,0.13500189177470107,0.16700322723098218,0.098969594476218975
7.6999999999998794,0.1346398783841303,0.16803126413360867,0.093994714428838444
7.7099999999998792,0.13427083562056127,0.16905704196282001,0.089036494466573968
7.719999999999879,0.13389480509799187,0.17008056221115714,0.084094899752528041
7.7299999999998787,0.13351182753879359,0.17110182623381381,0.079169893836917554
7.7399999999998785,0.13312194279173706,0.17212083524621213,0.074261438770102786
7.7499999999998783,0.13272518982544246,0.17313759028885006,0.069369495201848069
7.7599999999998781,0.13232160674262053,0.17415209221989747,0.064494022487455893
7.7699999999998779,0.13191123081408385,0.17516434173293677,0.059634978803865736
7.7799999999998777,0.13149409844863974,0.17617433929121415,0.054792321228710292
7.7899999999998775,0.13107024522742663,0.17718208514609857,0.049966005850846464
7.7999999999998773,0.13063970592398172,0.17818757933749196,0.045155987869467493
7.809999999999877,0.13020251448093262,0.1791908216352503,0.040362221675320664
7.8199999999998768,0.12975870405693118,0.18019181157628281,0.03558466095459261
7.8299999999998766,0.12930830701831988,0.18119054842541893,0.030823258773856926
7.8399999999998764,0.12885135493781846,0.18218703114665769,0.026077967663550097
7.8499999999998762,0.12838787865133425,0.18318125845475844,0.021348739716037728
7.859999999999876,0.12791790823591492,0.18417322875738928,0.016635526659974909
7.8699999999998758,0.12744147302247177,0.18516294014549661,0.011938279943016453
7.8799999999998755,0.12695860160364181,0.18615039037604894,0.0072569508133247113
7.8899999999998753,0.12646932185837284,0.18713557687973795,0.0025914903990348695
7.8999999999998751,0.12597366098165638,0.18811849677690012,-0.0020581502151750808
7.9099999999998749,0.12547164546437198,0.18909914681980167,-0.0066920199150578147
7.9199999999998747,0.12496330111687502,0.19007752339936076,-0.011310167483352576
7.9299999999998745,0.1244486530814579,0.19105362253471217,-0.015912641526801018
7.9399999999998743,0.12392772585898144,0.19202743988588628,-0.020499490409719698
7.9499999999998741,0.12340054330871499,0.19299897072454433,-0.025070762183486882
7.9599999999998738,0.12286712866207247,0.19396820992697347,-0.029626504522018419
7.9699999999998736,0.12232750454139457,0.19493515197368641,-0.034166764656069312
7.9799999999998734,0.12178169296078575,0.19589979092214538,-0.038691589308493424
7.9899999999998732,0.12122971537604144,0.19686212045717227,-0.043201024642934349
7.999999999999873,0.12067159265776481,0.19782213381882244,-0.047695116192302871
8.0099999999998737,0.1201073451079904,0.19877982379940468,-0.05217390880020302
8.0199999999998735,0.11953699249421468,0.1997351827690737,-0.056637446570206695
8.0299999999998732,0.11896055406969092,0.20068820268077125,-0.061085772816043139
8.039999999999873,0.11837804856949369,0.20163887503379191,-0.06551892999913006
8.0499999999998728,0.11778949422677881,0.20258719087181482,-0.069936959678357169
8.0599999999998726,0.11719490877975791,0.20353314076344231,-0.074339902451967782
8.0699999999998724,0.11659430949636455,0.20447671481490656,-0.078727797915245368
8.0799999999998722,0.1159877132097744,0.20541790270134033,-0.083100684625373983
8.089999999999872,0.11537513630317398,0.20635669361087491,-0.087458600037488371
8.0999999999998717,0.114756594723945,0.20729307623819282,-0.091801580456614185
8.1099999999998715,0.11413210400651232,0.20822703879453777,-0.096129660999178884
8.1199999999998713,0.11350167930362189,0.20915856903368374,-0.10044287556409527
8.1299999999998711,0.11286533538692065,0.21008765422283268,-0.10474125678117387
8.1399999999998709,0.11222308664655686,0.21101428111044537,-0.10902483595644213
8.1499999999998707,0.11157494712177647,0.21193843595150902,-0.11329364304660125
8.1599999999998705,0.11092093052415222,0.21286010451992735,-0.11754770662957378
8.1699999999998703,0.11026105023963968,0.21377927208166975,-0.12178705385619353
8.17999999999987,0.10959531933987239,0.21469592338418836,-0.12601171040973685
8.1899999999998698,0.10892375062305185,0.21561004270462381,-0.13022170050176957
8.1999999999998696,0.10824635659975262,0.21652161379011328,-0.13441704680527161
8.2099999999998694,0.10756314950856119,0.21743061985671486,-0.13859777042367871
8.2199999999998692,0.10687414136416434,0.21833704365288045,-0.14276389089989897
8.229999999999869,0.1061793439329885,0.21924086737889309,-0.14691542613787328
8.2399999999998688,0.10547876877388879,0.22014207273735531,-0.1510523924079305
8.2499999999998685,0.10477242724930265,0.22104064092346148,-0.15517480431361408
8.2599999999998683,0.1040603305217743,0.22193655258558284,-0.15928267473976404
8.2699999999998681,0.10334248959916009,0.22282978788724145,-0.16337601487084255
8.2799999999998679,0.10261891532947065,0.22372032646357864,-0.1674548341367903
8.2899999999998677,0.1018896184151368,0.22460814741905866,-0.17151914018865405
8.2999999999998675,0.10115460944795264,0.22549322937025973,-0.17556893890869663
8.3099999999998673,0.10041389890516038,0.22637555040429766,-0.17960423435858375
8.3199999999998671,0.099667497168428057,0.22725508808771994,-0.18362502876620693
8.3299999999998668,0.098915414549777508,0.22813181949110628,-0.1876313225260538
8.3399999999998666,0.098157661286822101,0.22900572114436149,-0.19162311414475347
8.3499999999998664,0.09739424757657561,0.229876769080993,-0.19560040026016617
8.3599999999998662,0.096625183584810925,0.23074493882527031,-0.19956317561362374
8.369999999999866,0.095850479460238378,0.23161020539276764,-0.20351143303583574
8.3799999999998658,0.095070145354303706,0.23247254330248723,-0.20744516344158376
8.3899999999998656,0.094284191426826647,0.23333192655693011,-0.211364355798978
8.3999999999998654,0.093492627868986072,0.23418832866275383,-0.21526899713342615
8.4099999999998651,0.092695464914813383,0.23504172262498157,-0.21915907251030531
8.4199999999998649,0.091892712858694631,0.23589208095579522,-0.22303456503075075
8.4299999999998647,0.09108438207177158,0.2367393756815182,-0.22689545582751003
8.4399999999998645,0.090270483016424277,0.23758357834469895,-0.23074172405647497
8.4499999999998643,0.089451026251715887,0.23842465998289272,-0.23457334686643133
8.4599999999998641,0.088626022465593396,0.23926259117821197,-0.23839029943824552
8.4699999999998639,0.087795482479683301,0.24009734203462013,-0.24219255495432956
8.4799999999998636,0.086959417258463262,0.24092888216756347,-0.24598008458094708
8.4899999999998634,0.086117837934760841,0.24175718073702862,-0.2497528574936867
8.4999999999998632,0.085270755822457495,0.24258220644760772,-0.25351084087207421
8.509999999999863,0.084418182430648761,0.24340392755261692,-0.25725399989822595
8.5199999999998628,0.083560129474313252,0.24422231184862558,-0.26098229774637194
8.5299999999998626,0.082696608892015327,0.24503732668991543,-0.26469569559353079
8.5399999999998624,0.081827632857250657,0.24584893898539423,-0.26839415261237182
8.5499999999998622,0.080953213799814114,0.24665711522577677,-0.27207762599777996
8.5599999999998619,0.080073364415971182,0.24746182147801371,-0.27574607095848763
8.5699999999998617,0.079188097679359276,0.2482630233823839,-0.27939944071225159
8.5799999999998615,0.078297426861719852,0.24906068617949956,-0.28303768651450562
8.5899999999998613,0.077401365542658029,0.24985477470487294,-0.28666075765202942
8.5999999999998611,0.076499927621717048,0.25064525339039445,-0.29026860144443045
8.6099999999998609,0.07559312733767308,0.25143208628999669,-0.29386116327425243
8.6199999999998607,0.074680979280316695,0.25221523708177135,-0.29743838659081701
8.6299999999998604,0.073763498403648445,0.25299466907561213,-0.3010002129213698
8.6399999999998602,0.072840700036886863,0.25377034521322472,-0.30454658187312295
8.64999999999986,0.071912599899668098,0.25454222808372012,-0.30807743115495539
8.6599999999998598,0.070979214118766412,0.25531027994489713,-0.3115926966064223
8.6699999999998596,0.070040559233167238,0.25607446270488926,-0.31509231217984651
8.6799999999998594,0.069096652214991006,0.2568347379605373,-0.3185762099917267
8.6899999999998592,0.068147510477623741,0.25759106699036627,-0.32204432031927255
8.699999999999859,0.06719315189094055,0.2583434107753797,-0.32549657163247558
8.7099999999998587,0.066233763893930514,0.25909093418374374,-0.32892970901546459
8.7199999999998585,0.06527023197677792,0.25982961905787272,-0.33232776431314265
8.7299999999998583,0.064303488052025112,0.26055545482246528,-0.33567480756699924
8.7399999999998581,0.063333803910978162,0.2612676288999079,-0.33896766170594805
8.7499999999998579,0.062361281043035531,0.26196612931117857,-0.34220633606450873
8.7599999999998577,0.061386020982188622,0.26265094565831176,-0.34539084234339623
8.7699999999998575,0.060408125302862201,0.26332206918583861,-0.34852119472870846
8.7799999999998573,0.059427695604802197,0.26397949279956684,-0.35159740995551492
8.789999999999857,0.058444833500048789,0.26462321109592329,-0.3546195073844397
8.7999999999998568,0.057459640603683047,0.26525322041026034,-0.35758750910308851
8.8099999999998566,0.056472218518871589,0.26586951884251553,-0.36050143999692041
8.8199999999998564,0.055482668823566325,0.26647210629311019,-0.36336132783329933
8.8299999999998562,0.054491093054271925,0.26706098448637061,-0.36616720332767183
8.839999999999856,0.053497592691999218,0.26763615700699461,-0.36891910022703889
8.8499999999998558,0.052502269148574449,0.26819762934146563,-0.37161705539933509
8.8599999999998555,0.051505223744630305,0.26874540887911591,-0.37426110886647918
8.8699999999998553,0.050506557696103599,0.26927950495804154,-0.37685130389818733
8.8799999999998551,0.049506372097408421,0.26979992889656418,-0.37938768708490289
8.8899999999998549,0.048504767899549571,0.2703066939996599,-0.38187030837478303
8.8999999999998547,0.047501845894114172,0.27079981559870148,-0.38429922115601473
8.9099999999998545,0.046497706694963184,0.27127931108017683,-0.3866744823227134
8.9199999999998543,0.04549245071439377,0.27174519988532275,-0.38899615229820766
8.9299999999998541,0.044486178145356797,0.27219750354533206,-0.39126429510748789
8.9399999999998538,0.04347898894260261,0.27263624571173689,-0.39347897844156965
8.9499999999998536,0.042470982797451706,0.27306145215054278,-0.39564027366849641
8.9599999999998534,0.04146225911917889,0.27347315077699769,-0.39774825590117902
8.9699999999998532,0.040452917014118926,0.27387137167811576,-0.39980300404628488
8.979999999999853,0.039443055260051874,0.27425614710532159,-0.40180460080813174
8.9899999999998528,0.038432772285893563,0.27462751150215992,-0.4037531327418642
8.9999999999998526,0.037422166148793547,0.27498550151536627,-0.40564869028076417
9.0099999999998523,0.036411334511615531,0.27533015600970845,-0.40749136776764772
9.0199999999998521,0.035400374619880728,0.27566151607951411,-0.40928126347950733
9.0299999999998519,0.034389383275980019,0.27597962503916473,-0.41101847961932098
9.0399999999998517,0.033378456818266782,0.27628452845050588,-0.41270312236072282
9.0499999999998515,0.032367691097311489,0.27657627412933228,-0.41433530185995016
9.0599999999998513,0.031357181450374,0.27685491213635649,-0.41591513224278853
9.0699999999998511,0.03034702267805682,0.2771204947850695,-0.41744273161473189
9.0799999999998509,0.029337309021474064,0.27737307665377486,-0.41891822207566459
9.0899999999998506,0.0283281341376753,0.27761271458234538,-0.42034172970972494
9.0999999999998504,0.027319591074776835,0.27783946766370132,-0.42171338456518082
9.1099999999998502,0.026311772248966771,0.27805339725183559,-0.42303332065735516
9.11999999999985,0.025304769420388333,0.27825456695722256,-0.42430167595051138
9.1299999999998498,0.024298673668265262,0.27844304263221564,-0.42551859232248429
9.1399999999998496,0.023293575368853979,0.27861889238471438,-0.42668421557042058
9.1499999999998494,0.022289564170954755,0.27878218656265996,-0.42779869537000259
9.1599999999998492,0.021286728971857065,0.27893299774042069,-0.42886218523556036
9.1699999999998489,0.020285157894827974,0.27907140071906478,-0.42987484249929814
9.1799999999998487,0.019284938265486325,0.2791974725117401,-0.43083682826576408
9.1899999999998485,0.018286156588751688,0.27931129232863661,-0.43174830736348457
9.1999999999998483,0.017288898526767137,0.27941294157533575,-0.43260944831529879
9.2099999999998481,0.01629324887629973,0.27950250383645514,-0.43342042328389696
9.2199999999998479,0.015299291545461342,0.27958006484225084,-0.43418140798888682
9.2299999999998477,0.014307109533437251,0.27964571247881376,-0.43489258168930423
9.2399999999998474,0.013316784908768399,0.27969953676934789,-0.435554127119334
9.2499999999998472,0.012328398786900887,0.27974162983138828,-0.43616623038446595
9.259999999999847,0.011342031310326,0.27977208587483993,-0.43672908091902995
9.2699999999998468,0.010357761628683364,0.27979100119419398,-0.43724287143271279
9.2799999999998466,0.0093756678777500938,0.2797984741249212,-0.43770779779912272
9.2899999999998464,0.0083958271603430251,0.27979460503325426,-0.43812405899437978
9.2999999999998462,0.0074183155272951849,0.27977949629538434,-0.43849185701710486
9.309999999999846,0.0064432079583543606,0.27975325225907449,-0.43881139677885506
9.3199999999998457,0.0054705783445527295,0.27971597924045855,-0.43908288604761198
9.3299999999998455,0.0045004994702630766,0.27966778548928972,-0.43930653533979125
9.3399999999998453,0.0035330429959127487,0.27960878115696658,-0.43948255781457735
9.3499999999998451,0.0025682794414277955,0.27953907827640345,-0.43961116918476795
9.3599999999998449,0.0016062781701305282,0.2794587907352224,-0.43969258761516494
9.3699999999998447,0.0006471073731368547,0.27936803424219459,-0.43972703360830545
9.3799999999998445,-0.00030916594570609549,0.27926692630278949,-0.43971472990252369
9.3899999999998442,-0.0012624759841332366,0.27915558618997516,-0.43965590136052823
9.399999999999844,-0.0022127581554801869,0.2790341349124052,-0.43955077485191102
9.4099999999998438,-0.0031599491018565748,0.27890269518673416,-0.43939957914013589
9.4199999999998436,-0.0041039867067430352,0.27876139139789197,-0.4392025447486011
9.4299999999998434,-0.0050448101073066144,0.27861034958375452,-0.43895990386317735
9.4399999999998432,-0.0059823597055234726,0.27844969738689257,-0.43867189018090963
9.449999999999843,-0.0069165771792431951,0.27827956403274384,-0.43833873879839785
9.4599999999998428,-0.0078474054922667066,0.27810008029509609,-0.43796068607825667
9.4699999999998425,-0.0087747889037260336,0.27791137845336761,-0.43753796950071039
9.4799999999998423,-0.0096986729773963793,0.27771359227815368,-0.43707082755777027
9.4899999999998421,-0.010619004589496047,0.27750685698069694,-0.43655949958869988
9.4999999999998419,-0.011535731936994999,0.27729130919730094,-0.43600422566854113
9.5099999999998417,-0.012448804543773576,0.27706708693720961,-0.43540524643725598
9.5199999999998415,-0.013358173267339223,0.2768343295560084,-0.43476280296710207
9.5299999999998413,-0.014263790304776916,0.27659317773126735,-0.43407713663164899
9.5399999999998411,-0.015165609197024008,0.27634377341041089,-0.43334848892917982
9.5499999999998408,-0.016063584833996634,0.2760862597951676,-0.43257710136172428
9.5599999999998406,-0.016957673457750636,0.27582078129549914,-0.4317632152642335
9.5699999999998404,-0.017847832666139721,0.27554748350611119,-0.43090707166724951
9.5799999999998402,-0.018734021414656812,0.27526651316585155,-0.43000891113090794
9.58999999999984,-0.0196162000187542,0.27497801813023515,-0.42906897359750734
9.5999999999998398,-0.020494330154355402,0.27468214733104079,-0.42808749822204378
9.6099999999998396,-0.021368374858195649,0.27437905074177571,-0.42706472320992628
9.6199999999998393,-0.022238298529519897,0.27406887936992119,-0.42600088569454758
9.6299999999998391,-0.023104066927366676,0.27375178519822729,-0.42489622153346174
9.6399999999998389,-0.023965647169447182,0.27342792115721004,-0.42375096515127286
9.6499999999998387,-0.024823007731249201,0.27309744110766798,-0.42256534939610652
9.6599999999998385,-0.025676118441713011,0.27276049979028938,-0.42133960534302889
9.6699999999998383,-0.026524950482158464,0.27241725281846946,-0.42007396216234649
9.6799999999998381,-0.027369476381430738,0.27206785663764849,-0.41876864693414978
9.6899999999998379,-0.028209670010693973,0.27171246848705377,-0.41742388446448592
9.6999999999998376,-0.0290455065797064,0.27135124638507446,-0.41603989713608081
9.7099999999998374,-0.029876962631023841,0.27098434909770996,-0.41461690473066126
9.7199999999998372,-0.030704016034642984,0.27061193611853734,-0.41315512426695522
9.729999999999837,-0.031526645979053844,0.27023416762119951,-0.41165476979447824
9.7399999999998368,-0.032344832966469735,0.26985120445519711,-0.4101160522513404
9.7499999999998366,-0.033158558804530218,0.26946320811625307,-0.40853917928101335
9.7599999999998364,-0.033967806597363426,0.26907034071578062,-0.40692435504538643
9.7699999999998361,-0.03477256073718607,0.2686727649612895,-0.40527178005236214
9.7799999999998359,-0.035572806895726256,0.26827064413834467,-0.40358165098317889
9.7899999999998357,-0.036368532014282341,0.26786414208839543,-0.40185416051129502
9.7999999999998355,-0.037159724292854357,0.26745342318274379,-0.4000894971128176
9.8099999999998353,-0.037946373180729166,0.26703865231231994,-0.39828784489837299
9.8199999999998351,-0.038728469363777551,0.26661999485801841,-0.39644938341315977
9.8299999999998349,-0.039506004753685459,0.26619761667937569,-0.39457428746190976
9.8399999999998347,-0.040278972477228031,0.26577168410653962,-0.39266272693589832
9.8499999999998344,-0.041047366862239434,0.26534236391449417,-0.39071486661087812
9.8599999999998342,-0.041811183425101081,0.2649098233105292,-0.38873086596177442
9.869999999999834,-0.042570418858316125,0.26447422992698627,-0.38671087898238721
9.8799999999998338,-0.043325071015525969,0.26403575180104222,-0.38465505398289351
