0.0,-0.83861552733360556,-0.65325400272454004,0.88325241115001341
0.010000000000000002,-0.83017654737973023,-0.64560285136063578,0.88298779364798086
0.020000000000000004,-0.82184433320176009,-0.63802907742554205,0.8828150091028012
0.030000000000000006,-0.81361656343890953,-0.6305295792775909,0.88273210958986215
0.040000000000000001,-0.80549086662813607,-0.62310122251407085,0.88273704433161604
0.049999999999999996,-0.79746481957293913,-0.61574083582172301,0.88282768507495146
0.059999999999999991,-0.78953595052762571,-0.60844521768224424,0.88300177741923713
0.069999999999999979,-0.78170174102123846,-0.60121113230859247,0.88325699956596471
0.079999999999999988,-0.77395963383879784,-0.5940353181540019,0.88359094086314793
0.089999999999999969,-0.7663070365958029,-0.58691449049873468,0.88400110390604758
0.099999999999999978,-0.75874132237174563,-0.57984534241678332,0.88448489649168838
0.10999999999999999,-0.75125983419296383,-0.57282454765827517,0.88503964001344348
0.12,-0.74385989057054414,-0.56584876470869871,0.88566257533288228
0.13,-0.73653879024246327,-0.55891464050452178,0.88635086510659822
0.14000000000000001,-0.72929380425144164,-0.55201880578712725,0.88710156694434183
0.15000000000000002,-0.72212219160084457,-0.54515788547830024,0.88791166828715928
0.16000000000000003,-0.71502119678844234,-0.53832849777630298,0.88877807162886036
0.17000000000000004,-0.70798805247186858,-0.53152725636804121,0.88969759527501402
0.18000000000000005,-0.70101997896127599,-0.52475077051721197,0.89066696757012553
0.19000000000000006,-0.69411419074208758,-0.51799564994919323,0.89168283624237665
0.20000000000000007,-0.687267899937553,-0.5112585077884696,0.89274177026189039
0.21000000000000005,-0.68047831321773056,-0.50453595898344283,0.8938402491875308
0.22000000000000006,-0.67374263830642223,-0.49782462534709926,0.89497467216464943
0.23000000000000007,-0.6670580811602147,-0.4911211342090322,0.8961413485336186
0.24000000000000007,-0.66042185841210843,-0.48442212773085491,0.89733651760345745
0.25000000000000011,-0.65383118338798607,-0.47772425384448297,0.89855631865628027
0.26000000000000012,-0.64728328344406194,-0.47102417908252175,0.89979681998415917
0.27000000000000013,-0.64077539249458226,-0.4643185841426381,0.90105400147823345
0.28000000000000014,-0.63430475634923156,-0.45760416844705526,0.90232376126234026
0.29000000000000015,-0.62786863460177378,-0.45087765234587468,0.90360191592516381
0.30000000000000016,-0.62146430081578963,-0.44413577817190808,0.90488419787149299
0.31000000000000016,-0.61508904442988888,-0.43737531255504652,0.90616625589378075
0.32000000000000017,-0.60874017855292417,-0.43059305295016542,0.90744366602280568
0.33000000000000018,-0.60241502895378751,-0.42378582095802619,0.90871190963682991
0.34000000000000019,-0.59611095134777037,-0.41695047565523413,0.90996640108335747
0.3500000000000002,-0.58982532123636222,-0.41008390762705071,0.91120246751400003
0.36000000000000021,-0.58355554145537269,-0.40318304554617979,0.91241535968094478
0.37000000000000022,-0.57729904328280846,-0.39624485826548611,0.91360025159598479
0.38000000000000023,-0.57105328875656503,-0.38926635782212893,0.91475224240393316
0.39000000000000024,-0.5648157709996614,-0.38224460109608827,0.91586635495740998
0.40000000000000024,-0.55858401620614451,-0.37517669269913473,0.91693753737373129
0.41000000000000025,-0.55235558903390314,-0.36805979031206448,0.91796067050173069
0.42000000000000026,-0.5461280908377838,-0.36089110504597338,0.91893056330226852
0.43000000000000027,-0.53989916245131431,-0.35366790506130402,0.91984195613584951
0.44000000000000028,-0.53366648962242114,-0.34638752109481058,0.9206895287011535
0.45000000000000029,-0.52742780090444752,-0.33904734675205556,0.92146789527402462
0.46000000000000024,-0.5211808698298781,-0.33164484186937448,0.92217160739634507
0.47000000000000025,-0.51492352358996918,-0.32417754044531027,0.92279516781675319
0.48000000000000026,-0.50865363773897321,-0.31664304887659017,0.92333302079255941
0.49000000000000027,-0.50236913948100759,-0.30903905024420819,0.92377955718393545
0.50000000000000022,-0.49606801794513156,-0.30136331346691225,0.92412913169089006
0.51000000000000023,-0.48974831427654164,-0.29361368850368891,0.92437604580622346
0.52000000000000024,-0.48340813487414841,-0.28578811763771789,0.92451457053931274
0.53000000000000025,-0.47704564735144372,-0.27788463483105558,0.92453893979923807
0.54000000000000026,-0.47065908571541587,-0.26990137148322624,0.92444335980249492
0.55000000000000027,-0.46424675258940107,-0.26183656017933898,0.92422201363018996
0.56000000000000028,-0.45780702006742324,-0.25368853752061726,0.92386906368388122
0.57000000000000028,-0.4513383360306823,-0.245455750712957,0.9233786638215854
0.58000000000000029,-0.44483922122971187,-0.23713675786006588,0.92274495577956817
0.5900000000000003,-0.4339034118309365,-0.22737207464036235,0.91007591331208082
0.60000000000000031,-0.40526854464339163,-0.21213584361549248,0.84973970338783167
0.61000000000000032,-0.37211232207920003,-0.19555946218125708,0.77744205351012285
0.62000000000000033,-0.33884818078213563,-0.17900681183454045,0.70508532639689969
0.63000000000000034,-0.30548305919010776,-0.16248214409505651,0.63268357885445803
0.64000000000000035,-0.27202438569433268,-0.14598996339506637,0.56025183434978254
0.65000000000000036,-0.23848001653704343,-0.12953499340376501,0.48780595144961725
0.66000000000000036,-0.20485817187574545,-0.1131221429694711,0.41536248841228851
0.67000000000000037,-0.17116736760828594,-0.096756470040446824,0.34293855992555583
0.68000000000000038,-0.1374163465161389,-0.080443145879581818,0.27055169240508808
0.69000000000000039,-0.10361400610115812,-0.064187417762745225,0.19821967336707938
0.7000000000000004,-0.069769323687951162,-0.04799457050640199,0.12596039610226181
0.71000000000000041,-0.035891280367412744,-0.03186988777862923,0.053791702506463951
0.72000000000000042,-0.0019887870538171331,-0.015818615352064053,-0.018268769892994655
0.73000000000000043,0.03192939415719008,0.00015407835312693068,-0.090203748702567699
0.74000000000000044,0.065854727086978093,0.016043140305151242,-0.16199648399937083
0.75000000000000044,0.099778977463872376,0.031843669864966825,-0.23363090285316235
0.76000000000000045,0.13369428921262508,0.047550955756010843,-0.30509176346753514
0.77000000000000046,0.16759325731544653,0.06316051058305,-0.37636480218089552
0.78000000000000047,0.20146900584086727,0.078668108737247749,-0.44743688837093709
0.79000000000000048,0.23531525387178631,0.094069816178987548,-0.51829615681461494
0.80000000000000049,0.26912638938252209,0.10936202563904085,-0.58893215259320753
0.8100000000000005,0.30289753145241882,0.12454148411358064,-0.65933595408264256
0.82000000000000051,0.33662459745124068,0.13960532392904232,-0.72950030310708891
0.83000000000000052,0.37030436367732278,0.15455108971767836,-0.79941972200470102
0.84000000000000052,0.40393451926627616,0.16937676118051201,-0.86909061723000569
0.85000000000000053,0.43751372319320936,0.18408077840283249,-0.93851138669392686
0.86000000000000054,0.47104165271486492,0.1986620618926174,-1.0076825103131981
0.87000000000000055,0.50451904753167653,0.21312003025829215,-1.0766066314251359
0.88000000000000056,0.53794775477375056,0.22745461914601173,-1.1452886376580342
0.89000000000000057,0.57133076118098158,0.2416662920850739,-1.213735717881433
0.90000000000000058,0.59686897132181971,0.25145482708707423,-1.2713611948048975
0.91000000000000059,0.59119883886913982,0.24392331510214224,-1.2864701892500712
0.9200000000000006,0.57780637313739813,0.2320060866656809,-1.2909958224350877
0.9300000000000006,0.56450609763813686,0.22001493301856034,-1.2955576128778397
0.94000000000000061,0.55129815294295703,0.20795270972694846,-1.300160623328324
0.95000000000000062,0.53818248844921612,0.19582213268352386,-1.3048096895976273
0.96000000000000063,0.52515887926716165,0.18362579042173244,-1.3095094334900075
0.97000000000000064,0.51222693270914654,0.17136614912341377,-1.3142642585720872
0.98000000000000065,0.49938609456110072,0.15904555754604663,-1.3190783462483751
0.99000000000000066,0.48663566496387672,0.1466662595503716,-1.3239556674109492
1.0000000000000007,0.47397480035421269,0.1342303962746256,-1.328899971928333
1.0100000000000007,0.46140252644444535,0.12174001695816936,-1.3339147959376438
1.0200000000000007,0.44891774356868214,0.10919708413475476,-1.339003457211797
1.0300000000000007,0.43651923735865067,0.096603483240952304,-1.3441690588336459
1.0400000000000007,0.4242056841042024,0.083961028242256874,-1.3494144848149303
1.0500000000000007,0.41197565863456209,0.071271469450426478,-1.3547423996531371
1.0600000000000007,0.39893456414188688,0.059852952359865014,-1.3500646443925457
1.0700000000000007,0.38235085398272972,0.053735241503221315,-1.3051519309628656
1.0800000000000007,0.36486675516752365,0.04906201742144406,-1.2503319105956909
1.0900000000000007,0.34737803584684235,0.044522110307818857,-1.1956911461940625
1.1000000000000008,0.32988214128063242,0.040116388817672821,-1.1412186676105811
1.1100000000000008,0.31237657018292808,0.035845718488955181,-1.0869038114788536
1.1200000000000008,0.29485889294992518,0.031710958400155559,-1.0327362842998182
1.1300000000000008,0.27732679269087046,0.02771297928268468,-0.97870624961467045
1.1400000000000008,0.25977807885027493,0.023852657593084192,-0.9248043785791723
1.1500000000000008,0.24221070840767861,0.020130876719352916,-0.87102190781335553
1.1600000000000008,0.2246228194580879,0.01654854081273166,-0.81735070722529812
1.1700000000000008,0.20701273428628281,0.013106560208689791,-0.76378331220069806
1.1800000000000008,0.18937899442575673,0.0098058679533598869,-0.71031298754869854
1.1900000000000008,0.17172036685366565,0.0066474091415174852,-0.6569337586581212
1.2000000000000008,0.15403586873018654,0.0036321487586590401,-0.60364045956791768
1.2100000000000009,0.13941366604744032,0.001212309480833576,-0.55898874918913533
1.2200000000000009,0.13714096970279036,0.00068284945052940471,-0.5486199767553529
1.2300000000000009,0.13795289400312694,0.00061035683268818863,-0.54680263673068596
1.2400000000000009,0.13875434121214883,0.00053687403280694435,-0.54497217435735745
1.2500000000000009,0.13954551641032803,0.00046247563668996849,-0.5431291958575033
1.2600000000000009,0.14032661142436872,0.000387223915921317,-0.54127428034653557
1.2700000000000009,0.1410978187371682,0.00031118316078231067,-0.53940799214726598
1.2800000000000009,0.14185933208263837,0.00023442053283528885,-0.53753088104381941
1.2900000000000009,0.14261134046493879,0.00015699987111747471,-0.53564347779916421
1.3000000000000009,0.14335402637973757,7.8979714318527794e-05,-0.53374629352315262
1.3100000000000009,0.14408757655605539,4.2494642188417586e-07,-0.53183982757375736
1.320000000000001,0.14481217014678621,-7.8605851951255024e-05,-0.52992455934429472
1.330000000000001,0.14552798773621634,-0.00015805053469820918,-0.52800095470617858
1.340000000000001,0.14623519902337206,-0.00023785698365438868,-0.52606945852917564
1.350000000000001,0.14693398419166193,-0.00031795924950769883,-0.52413050797209204
1.360000000000001,0.14762450648562941,-0.00039830812013946781,-0.52218451627442919
1.370000000000001,0.14830693375525228,-0.00047884703180249566,-0.520231885964478
1.380000000000001,0.14898143326017915,-0.00055951761023630142,-0.51827300550420663
1.390000000000001,0.14964816077263013,-0.00064027230972438232,-0.51630824427821032
1.400000000000001,0.1503072768773196,-0.00072105555495091678,-0.51433796109919538
1.410000000000001,0.15095893734038107,-0.00080181472999572845,-0.51236249936526035
1.420000000000001,0.15160329051798477,-0.00088250341637598206,-0.51038218673808089
1.430000000000001,0.15224048784976812,-0.00096306880666825745,-0.50839733958081668
1.4400000000000011,0.15287067285722247,-0.0010434648422949777,-0.50640825884514518
1.4500000000000011,0.15349399071823311,-0.0011236405869766986,-0.50441523378062647
1.4600000000000011,0.15411057822891552,-0.0012035524806598419,-0.50241853888857857
1.4700000000000011,0.1547205713327138,-0.0012831551433942351,-0.50041843673186426
1.4800000000000011,0.15532410283970466,-0.0013624041093796835,-0.49841517735226476
1.4900000000000011,0.15592130458567813,-0.0014412529896769832,-0.49640899883271722
1.5000000000000011,0.15651230293354884,-0.0015196592055977676,-0.49440012661812549
1.5100000000000011,0.1570972187285635,-0.0015975841843319794,-0.49238877417541616
1.5200000000000011,0.15767617406704401,-0.0016749845132320307,-0.49037514406829219
1.5300000000000011,0.15824928784339787,-0.0017518175299514049,-0.48835942721101866
1.5400000000000011,0.15881666697005642,-0.001828053434655863,-0.48634180333372251
1.5500000000000012,0.15937843316608574,-0.0019036387950074202,-0.48432244150321135
1.5600000000000012,0.15993468423827123,-0.0019785493722177527,-0.48230150018955231
1.5700000000000012,0.16048552758278342,-0.0020527443705035398,-0.48027912756813673
1.5800000000000012,0.16103106699292138,-0.0021261842196299563,-0.47825546122485529
1.5900000000000012,0.16157139751530958,-0.0021988381222192016,-0.47623062950629824
1.6000000000000012,0.16210661446666294,-0.0022706712850534411,-0.47420475082592511
1.6100000000000012,0.16263681146405418,-0.0023416475489009408,-0.47217793366214739
1.6200000000000012,0.16316207025595245,-0.0024117446388846192,-0.47015027978295471
1.6300000000000012,0.16368248724313089,-0.0024809143898408131,-0.46812187678111061
1.6400000000000012,0.16419813620475365,-0.0025491387817175581,-0.46609280930287006
1.6500000000000012,0.16470909997726468,-0.0026163822160564648,-0.464063149687024
1.6600000000000013,0.16521545325546938,-0.0026826176276421032,-0.46203296374323449
1.6700000000000013,0.16571726822213034,-0.0027478179480363296,-0.46000230919219803
1.6800000000000013,0.16621461683467234,-0.0028119523361076343,-0.45797123438923698
1.6900000000000013,0.16670756540635198,-0.0028749948404475645,-0.45593978127861706
1.7000000000000013,0.16719617712896526,-0.0029369205017646532,-0.45390798454332465
1.7100000000000013,0.16768051345167931,-0.0029977030435162644,-0.45187587087743813
1.7200000000000013,0.16816063006336063,-0.0030573217276185088,-0.44984346203755216
1.7300000000000013,0.16863658871578913,-0.0031157407861963637,-0.4478107658347697
1.7400000000000013,0.16910843172778445,-0.0031729540687521207,-0.44577779659566841
1.7500000000000013,0.16957621532487843,-0.0032289265935386002,-0.44374454865524171
1.7600000000000013,0.17003998267909776,-0.0032836420301354113,-0.44171101850180322
1.7700000000000014,0.1704997773011766,-0.0033370791119867044,-0.4396771939662325
1.7800000000000014,0.17095564010051501,-0.0033892167509525783,-0.43764305670645914
1.7900000000000014,0.1714076076728121,-0.0034400374143488816,-0.43560858437128192
1.8000000000000014,0.17185571653155265,-0.0034895189795488973,-0.43357374599273923
1.8100000000000014,0.17229999771738791,-0.0035376452094989796,-0.43153850839901214
1.8200000000000014,0.17274047773570381,-0.0035844044283948467,-0.42950283617152801
1.8300000000000014,0.17317718893059617,-0.0036297680068934773,-0.42746667716016257
1.8400000000000014,0.17357199772630427,-0.0037016536344273154,-0.42538547469171906
1.8500000000000014,0.17380948282659012,-0.0038849025848715774,-0.42312680650719792
1.8600000000000014,0.17400269654569575,-0.0040978679434384713,-0.4208262354616859
1.8700000000000014,0.17418973057003453,-0.004312964151625881,-0.41852870288733013
1.8800000000000014,0.17437068971587344,-0.0045301689620213664,-0.41623436781355738
1.8900000000000015,0.17454567527054471,-0.0047494633206373177,-0.41394338443277717
1.9000000000000015,0.17471478306449323,-0.0049708365939737653,-0.41165590712038935
1.9100000000000015,0.17487811012933405,-0.0051942708284359734,-0.4093720776926521
1.9200000000000015,0.17503574879354769,-0.0054197549300953052,-0.40709203736557353
1.9300000000000015,0.17518779147677438,-0.0056472729582697639,-0.40481591690616353
1.9400000000000015,0.17533432453661676,-0.0058768199409227201,-0.40254385097495093
1.9500000000000015,0.17547543800433815,-0.0061083765696999665,-0.40027595523867554
1.9600000000000013,0.17561121518854611,-0.0063419364455549743,-0.39801235145354086
1.9700000000000011,0.17574173848194546,-0.0065774911625682414,-0.39575315413402895
1.9800000000000009,0.17586708869144818,-0.0068150319401462656,-0.39349847209618344
1.9900000000000007,0.17598734451993353,-0.0070545511129610355,-0.39124840999424654
2.0000000000000004,0.17610258351295519,-0.0072960392627702403,-0.38900306551542019
2.0100000000000002,0.17621287839084776,-0.0075394969507753956,-0.38676254192708714
2.02,0.17631830455703915,-0.0077849110235576613,-0.38452692320472143
2.0299999999999998,0.17641893044262136,-0.0080322857989460483,-0.38229630749553528
2.0399999999999996,0.17651482740789712,-0.0082816106604045175,-0.38007077222731134
2.0499999999999994,0.17660606258984846,-0.008532883686343487,-0.37785039986681163
2.0599999999999992,0.17669270001776538,-0.0087861092016565806,-0.37563527610098146
2.069999999999999,0.17677480494304387,-0.0090412817221456193,-0.37342547139202203
2.0799999999999987,0.17685244038509887,-0.0092983980158928142,-0.37122105457604643
2.0899999999999985,0.1769256660406765,-0.0095574624521259782,-0.36902209981475365
2.0999999999999983,0.17699454131389145,-0.009818475067802257,-0.36682867253265866
2.1099999999999981,0.17705912350400946,-0.010081439067362141,-0.36464083854032792
2.1199999999999979,0.17711946935920875,-0.010346353898634544,-0.36245865551989048
2.1299999999999977,0.17717563315361101,-0.01061322414837039,-0.36028218426994985
2.1399999999999975,0.17722766749093641,-0.010882056718264504,-0.35811148563738993
2.1499999999999972,0.1772756252756367,-0.011152850254447108,-0.35594660657505006
2.159999999999997,0.17731955579018727,-0.011425615950275622,-0.35378760763628891
2.1699999999999968,0.17735950877231518,-0.011700356137038181,-0.35163453485870921
2.1799999999999966,0.17739553181530351,-0.011977078324769047,-0.34948743847923069
2.1899999999999964,0.17742767146156432,-0.012255789529706199,-0.3473463655084052
2.1999999999999962,0.17745597266942079,-0.012536500162243419,-0.34521136527422863
2.209999999999996,0.17748048015465748,-0.012819214232390019,-0.34308247569033501
2.2199999999999958,0.17750123639127505,-0.01310394452508358,-0.34095974481560309
2.2299999999999955,0.17751828335175363,-0.013390699768581399,-0.3388432128004496
2.2399999999999953,0.17753166184807812,-0.013679489959533844,-0.33673291956271606
2.2499999999999951,0.17754141153953912,-0.01397032637285156,-0.33462890485808877
2.2599999999999949,0.17754757101781188,-0.014263222154447891,-0.33253120945617476
2.2699999999999947,0.17755017829885589,-0.014558185528492334,-0.33043986481357235
2.2799999999999945,0.17754926979404079,-0.014855234164899964,-0.32835491509009307
2.2899999999999943,0.17754488164332932,-0.015154377472037878,-0.32627639016952009
2.299999999999994,0.1775370487028059,-0.01545563084661887,-0.32420432759287654
2.3099999999999938,0.1775258050772496,-0.015759010144174884,-0.32213876427725274
2.3199999999999936,0.17751118419139586,-0.016064527297463736,-0.32007972951117442
2.3299999999999934,0.1774932184873439,-0.016372201795527966,-0.31802726335504428
2.3399999999999932,0.1774719398423448,-0.016682046087642857,-0.31598139334491882
2.349999999999993,0.17744737927372667,-0.016994077613367534,-0.31394215384157204
2.3599999999999928,0.1774195671950102,-0.017308315433719065,-0.31190958094162052
2.3699999999999926,0.17738853334299409,-0.017624776085048158,-0.30988370552953681
2.3799999999999923,0.1773543067733597,-0.017943476071931044,-0.30786455742650243
2.3899999999999921,0.17731691604873456,-0.018264436458200625,-0.3058521732715816
2.3999999999999919,0.17727638905170934,-0.018587674670412495,-0.30384658274252219
2.4099999999999917,0.17723275322934043,-0.018913211443541675,-0.30184782040879604
2.4199999999999915,0.17718603559509494,-0.019241068403625813,-0.29985592176215736
2.4299999999999913,0.17713626221317627,-0.019571260991892575,-0.29787091077278854
2.4399999999999911,0.17708345943923695,-0.019903815989326376,-0.29589283075996187
2.4499999999999909,0.17702765254067171,-0.020238751231410834,-0.29392170874816792
2.4599999999999906,0.17676417921005669,-0.020435362762582995,-0.29144687880556414
2.4699999999999904,0.1756773579365393,-0.020068649158349744,-0.28693566024959477
2.4799999999999902,0.17437953954216479,-0.019557312612000444,-0.28191830578056432
2.48999999999999,0.17307538003571499,-0.019041931595215701,-0.27690511760295305
2.4999999999999898,0.17176487697180037,-0.01852260198417463,-0.2718961470350314
2.5099999999999896,0.17044803095535382,-0.017999420409042906,-0.2668914526721321
2.5199999999999894,0.1691248453581165,-0.017472482732678318,-0.2618910973941237
2.5299999999999891,0.16779532720633999,-0.016941889859653503,-0.2568951591472971
2.5399999999999889,0.16645948694487372,-0.016407745575080804,-0.25190372686708362
2.5499999999999887,0.1651173376654409,-0.015870151642248913,-0.24691689118819277
2.5599999999999885,0.16376889635404268,-0.015329215470487829,-0.24193475877630222
2.5699999999999883,0.16241418323512744,-0.014785045660318623,-0.23695744390607015
2.5799999999999881,0.16105322156568816,-0.014237751108704434,-0.23198506653511455
2.5899999999999879,0.15968603836101569,-0.013687444664656497,-0.22701775934459675
2.5999999999999877,0.15831266348012285,-0.013134238565953624,-0.22205565865715721
2.6099999999999874,0.15693313089960809,-0.012578250299693332,-0.21709891591355557
2.6199999999999872,0.15554747725553925,-0.012019595866245049,-0.21214768427481798
2.629999999999987,0.15415574260529807,-0.011458393467642519,-0.20720212570636556
2.6399999999999868,0.15275797057930904,-0.010894763944184496,-0.20226241180033877
2.6499999999999866,0.15135420820027978,-0.010328829946350662,-0.19732872198086981
2.6599999999999864,0.14994450543164739,-0.0097607142796860002,-0.19240124007012932
2.6699999999999862,0.14852891575122656,-0.0091905421860281056,-0.18748015867383422
2.6799999999999859,0.14710749524139824,-0.0086184380175742467,-0.18256567235964166
2.6899999999999857,0.14568030493446915,-0.0080445338089578725,-0.17765799488905759
2.6999999999999855,0.14424740637992858,-0.0074689533840726907,-0.17275732674296085
2.7099999999999853,0.14280886659380532,-0.0068918301646321914,-0.16786389122793155
2.7199999999999851,0.14136475442733412,-0.0063132942901560907,-0.16297790808940602
2.7299999999999849,0.13991514208479033,-0.005733478260800319,-0.1580996047814551
2.7399999999999847,0.13846010483205229,-0.0051525158049604489,-0.15322921408296231
2.7499999999999845,0.13699972047372957,-0.0045705404618198511,-0.14836697092400283
2.7599999999999842,0.13553406999901263,-0.0039876878031341462,-0.14351311680457793
2.769999999999984,0.13406323768000805,-0.0034040955443978699,-0.13866789998290113
2.7799999999999838,0.13258730887458386,-0.0028198974536308638,-0.13383156236703453
2.7899999999999836,0.13110637387092841,-0.0022352346213345975,-0.12900436311750865
2.7999999999999834,0.12962052355685627,-0.001650243019858319,-0.1241865522543788
2.8099999999999832,0.12812985228447885,-0.0010650620465418245,-0.11937838840818757
2.819999999999983,0.1266344565532147,-0.00047983077140816704,-0.11458013080285262
2.8299999999999828,0.12513443585942924,0.00010530948597785306,-0.10979204448296646
2.8399999999999825,0.12362989089300375,0.00069021995095028613,-0.10501438992755752
2.8499999999999823,0.12212092524496267,0.0012747595167594342,-0.10024743324003244
2.8599999999999821,0.12060764400564286,0.0018587883404991255,-0.095491438255023015
2.8699999999999819,0.11909015541702409,0.0024421634244513185,-0.090746675843930993
2.8799999999999817,0.11756856838641745,0.0030247448330994117,-0.086013410374582225
2.8899999999999815,0.1160429936512257,0.0036063923592660752,-0.081291906594879226
2.8999999999999813,0.11451354446051769,0.0041869638131418543,-0.07658243319731442
2.909999999999981,0.11298033539184155,0.0047663177830969128,-0.071885256651986973
2.9199999999999808,0.11144348204152818,0.0053443141061957737,-0.067200639949727289
2.9299999999999806,0.10990310213571178,0.0059208110165485141,-0.062528848598966194
2.9399999999999804,0.10835931337291356,0.0064956700840590673,-0.057870139679719879
2.9499999999999802,0.10681223645579641,0.0070687489389774684,-0.053224777482320552
2.95999999999998,0.10526199109587976,0.0076399102399702171,-0.048593013742574923
2.9699999999999798,0.10370870012420923,0.0082090122371849174,-0.043975108050889694
2.9799999999999796,0.10215248505459053,0.008775918422973053,-0.039371306537271833
2.9899999999999793,0.10059346975731444,0.0093404892352932575,-0.034781859824860796
2.9999999999999791,0.099031777306502644,0.0099025887526110017,-0.030207008152693619
3.0099999999999789,0.097467532518305006,0.010462078990661721,-0.025646993678409551
3.0199999999999787,0.095900859790615661,0.011018824410275178,-0.021102050410820403
3.0299999999999785,0.094331883931857027,0.011572689836916646,-0.01657240850072414
3.0399999999999783,0.092760729320943217,0.012123542066011819,-0.012058290565067253
3.0499999999999781,0.091187521504234745,0.012671246387687277,-0.0075599191224344775
3.0599999999999778,0.089612384562756414,0.013215671775962097,-0.0030775049446417294
3.0699999999999776,0.088035443767907798,0.013756685278297535,0.0013887407571031279
3.0799999999999774,0.086456821460267105,0.01429416005453194,0.0058386243425433294
3.0899999999999772,0.085047672020410831,0.014976646080895675,0.010271318402172519
3.099999999999977,0.084320439928538438,0.016253120757287003,0.014698064078386272
3.1099999999999768,0.083759256358276621,0.017684450538718272,0.019142689895798322
3.1199999999999766,0.083192372002823853,0.019123129219435889,0.02360855965249687
3.1299999999999764,0.082619751147958859,0.020568992924418623,0.028095446742919646
3.1399999999999761,0.082041359482188533,0.022021878304818429,0.032603122632758295
3.1499999999999759,0.081457167658398472,0.023481615990623882,0.03713134237527832
3.1599999999999757,0.080867149476448741,0.024948033985432192,0.041679852284765527
3.1699999999999755,0.080271279849974453,0.026420961463903651,0.04624839837898799
3.1799999999999753,0.079669539409471968,0.027900220400942047,0.05083670786605099
3.1899999999999751,0.079061909516576448,0.029385634660449536,0.055444509449258654
3.1999999999999749,0.078448376944735707,0.030877021626506348,0.060071514758623164
3.2099999999999747,0.077828928812802262,0.032374201285411464,0.064717438637086788
3.2199999999999744,0.077203557559749392,0.033876987483582491,0.069381979734424296
3.2299999999999742,0.076572256173441516,0.035385196258150252,0.074064839197275995
3.239999999999974,0.075935023318042735,0.03689863710616912,0.078765701196937751
3.2499999999999738,0.075291857638433185,0.038417122736208308,0.083484254794461241
3.2599999999999736,0.074642762950423075,0.03994046027757446,0.088220174432704468
3.2699999999999734,0.073987742874287887,0.041468460369016177,0.092973140211448452
3.2799999999999732,0.073326807656005466,0.043000925821468555,0.09774281272386548
3.2899999999999729,0.072659966128990047,0.044537664979710109,0.10252886293644878
3.2999999999999727,0.071987232822755001,0.046078480029607849,0.10733094615868741
3.3099999999999725,0.071308622681518205,0.047623175716078173,0.11214872156307906
3.3199999999999723,0.070624154541768458,0.049171553699009871,0.11698183969621317
3.3299999999999721,0.069933847935619298,0.050723417708053962,0.12182995402502232
3.3399999999999719,0.069237726700763474,0.052278567878931939,0.12669270838919189
3.3499999999999717,0.068535815236736436,0.053836806612730076,0.13156975017208475
3.3599999999999715,0.067828141749245979,0.055397933650720807,0.13646071931474713
3.3699999999999712,0.067114734645246754,0.056961751566912015,0.14136526074327749
3.379999999999971,0.066395626770379149,0.058528059359124598,0.14628301008202435
3.3899999999999708,0.065670850572528722,0.060096659815195713,0.15121361016654983
3.3999999999999706,0.064940441153655076,0.061667354891072439,0.15615670081994815
3.4099999999999704,0.064204437497911993,0.063239943940030255,0.16111191501674346
3.4199999999999702,0.063462877485801747,0.064814231178283888,0.16607889552200847
3.42999999999997,0.062715801732399559,0.066390019904110212,0.17105728215658145
3.4399999999999697,0.061963253362724242,0.067967112971057467,0.17604671287917004
3.4499999999999695,0.061205276137466291,0.069545315456074897,0.18104682986385412
3.4599999999999693,0.060441915416247799,0.071124433344931293,0.18605727653618986
3.4699999999999691,0.059673217769671771,0.072704273960182586,0.19107769874536279
3.4799999999999689,0.058899232863635402,0.074284643499102465,0.19610773925527133
3.4899999999999687,0.058120008187770668,0.075865354272090874,0.20114705393165344
3.4999999999999685,0.057335595745074651,0.077446215434656046,0.20619529127103384
3.5099999999999683,0.056546045955549816,0.079027041434396234,0.21125211114684272
3.519999999999968,0.055751412509685655,0.080607645313087312,0.21631717011417539
3.5299999999999678,0.054951749831442874,0.0821878422685004,0.22139012932163626
3.5399999999999676,0.054147109662839796,0.083767454067224828,0.22647066433138799
3.5499999999999674,0.053337549951398888,0.085346297274719291,0.2315584392233643
3.5599999999999672,0.052523124220738335,0.086924197310262075,0.23665313765403273
3.569999999999967,0.051703890838335806,0.088500976235941775,0.2417544360328806
3.5799999999999668,0.050879905415737392,0.090076462674980762,0.24686202539995719
3.5899999999999666,0.050051225430013974,0.09165048578309179,0.2519755982335431
3.5999999999999663,0.049217909168126989,0.093222876580679404,0.25709485150169764
3.6099999999999661,0.048380013010512549,0.094793471411926067,0.26221949420837548
3.6199999999999659,0.047537596613933281,0.096362105358274941,0.26734923312922687
3.6299999999999657,0.046690716263307876,0.097928620515053438,0.27248379090653446
3.6399999999999655,0.045839431823411811,0.099492857376485666,0.27762288734207707
3.6499999999999653,0.044983799541493008,0.10105466361948567,0.2827662585656428
3.6599999999999651,0.044123876717649682,0.10261388831188228,0.28791364449307411
3.6699999999999648,0.043259722976148579,0.10417038048540411,0.29306478581352674
3.6799999999999646,0.042391393659781687,0.10572399690678218,0.2982194408691089
3.6899999999999644,0.041518944674544339,0.10727459623806893,0.30337737302532003
3.6999999999999642,0.040642432622584379,0.10882203889820707,0.30853835045515432
3.709999999999964,0.039836941994601707,0.11018017778163897,0.31314370848881645
3.7199999999999638,0.039329192579177802,0.1107915998983289,0.31551564686986361
3.7299999999999636,0.038896323925523002,0.11121437069475182,0.31732576123512157
3.7399999999999634,0.038463528733174324,0.11163429180499879,0.31913210950769244
3.7499999999999631,0.038030822126164918,0.11205138173517208,0.32093479178966172
3.7599999999999629,0.03759821880994485,0.11246565917200645,0.32273390943375702
3.7699999999999627,0.037165733062669723,0.11287714307164716,0.32452956516251968
3.7799999999999625,0.036733377796008493,0.11328585361830146,0.32632186511054878
3.7899999999999623,0.036301164378476608,0.11369181231890722,0.32811091901834849
3.7999999999999621,0.035869104304269331,0.11409504029967152,0.32989683655614332
3.8099999999999619,0.035437207313059729,0.11449556015895561,0.33167973130566258
3.8199999999999616,0.035005481684933282,0.11489339565615872,0.33345971999407759
3.8299999999999614,0.034573936918949361,0.11528856894679879,0.33523691676689088
3.8399999999999612,0.034142578527416048,0.11568110584791386,0.3370114440984176
3.849999999999961,0.03371141302071573,0.11607103074732089,0.33878342218934776
3.8599999999999608,0.033280444461862929,0.11645836999403986,0.34055297599467482
3.8699999999999606,0.032849678839428284,0.11684314762945308,0.34232022639241838
3.8799999999999604,0.032419116411712912,0.1172253927929096,0.34408530536436049
3.8899999999999602,0.031988761708792626,0.11760512997879009,0.34584833603617327
3.8999999999999599,0.031558611499739653,0.11798239054165446,0.3476094560863317
3.9099999999999597,0.031128669461104763,0.11835719875882798,0.34936878941517691
3.9199999999999595,0.030698932220412783,0.11872958495979838,0.35112647276265174
3.9299999999999593,0.030269399528664864,0.1190995759978177,0.35288263638933415
3.9399999999999591,0.029840063984172396,0.11946720461425449,0.35463742286661726
3.9499999999999589,0.029410925246680389,0.119832496490214,0.35639096114553387
3.9599999999999587,0.028981974913912689,0.12019548393590852,0.35814339382699778
3.9699999999999589,0.028553207438465344,0.12055619595956203,0.35989485739499588
3.9799999999999587,0.028124617335126181,0.12091466091197479,0.36164548747325609
3.9899999999999585,0.027696191252730235,0.12127091317422582,0.3633954318494429
3.9999999999999583,0.027267923786571308,0.12162497951152318,0.36514482378865853
4.009999999999958,0.026839800693217425,0.12197689348914004,0.36689381004445887
4.0199999999999578,0.026411812458187897,0.1223266838358609,0.36864252831456729
4.0299999999999576,0.025983946347175213,0.12267438121487004,0.3703911202630914
4.0399999999999574,0.02555618523414066,0.12302001896850392,0.37213973284656038
4.0499999999999572,0.025128516823681585,0.12336362565613943,0.37388850402927637
4.059999999999957,0.024700924335130506,0.12370523257845192,0.37563757716293572
4.0699999999999568,0.024273390624386826,0.12404487040938092,0.37738709443552981
4.0799999999999566,0.02384589738154147,0.12438256980004458,0.37913719805513701
4.0899999999999563,0.023418422484179149,0.12471836331886413,0.38088803368133317
4.0999999999999561,0.02299095055365856,0.12505227745896214,0.38263973575891191
4.1099999999999559,0.022563455722528047,0.12538434563522288,0.38439245130764244
4.1199999999999557,0.022135919721823577,0.12571459456149497,0.38614631499410978
4.1299999999999555,0.021708313014638964,0.12604305817239253,0.38790147424361687
4.1399999999999553,0.021280615589902463,0.12636976236307507,0.38965806176795909
4.1499999999999551,0.020852801235385493,0.12669473646483281,0.39141621616343142
4.1599999999999548,0.020424840597731336,0.12701801086007192,0.39317607739028354
4.1699999999999546,0.019996708829209092,0.1273396116292328,0.39493777744536485
4.1799999999999544,0.019568373982498527,0.12765956857746513,0.39670145424914244
4.1899999999999542,0.019139807675410334,0.12797790787395369,0.39846723883127688
4.199999999999954,0.01871097919768798,0.12829465603689214,0.40023526222438222
4.2099999999999538,0.018281856403459848,0.12860983931307834,0.40200565425487145
4.2199999999999536,0.017852404457013804,0.12892348440670992,0.40377854464144525
4.2299999999999534,0.01742259373288281,0.12923561339789724,0.4055540546782283
4.2399999999999531,0.016992381543778884,0.12954625531027991,0.40733231589669383
4.2499999999999529,0.016561741084789403,0.12985542786963505,0.409113440643256
4.2599999999999527,0.01613062359253066,0.13016316100383687,0.41089755942413697
4.2699999999999525,0.015699001811384908,0.13046947005685011,0.41268477863361502
4.2799999999999523,0.015266832294198202,0.13077437886227275,0.41447521665360471
4.2899999999999521,0.014834070764286528,0.13107791011283523,0.41626898842299453
4.2999999999999519,0.014400679267124419,0.13138008128380876,0.41806619947453916
4.3099999999999516,0.01396661882785874,0.13168090909183128,0.41986695280376174
4.3199999999999514,0.013531840565705333,0.13198041428366722,0.42167135538459966
4.3299999999999512,0.013096302664577369,0.13227861200046784,0.42347950422708541
4.339999999999951,0.012659962490209453,0.13257551637806539,0.4252914930814613
4.3499999999999508,0.012222762275322638,0.13287114790704635,0.42710742194851214
4.3599999999999506,0.011784673220009798,0.13316551014419953,0.42892736607622545
4.3699999999999504,0.011345634592986431,0.13345862183010071,0.43075141847417425
4.3799999999999502,0.01090559404358854,0.13375049532797287,0.43257966077479132
4.3899999999999499,0.010464513032068259,0.13404113443277066,0.43441216152678586
4.3999999999999497,0.010022331170919649,0.1343305521085213,0.43624899766334296
4.4099999999999495,0.0095790043568605848,0.13461875149098329,0.43809023139063819
4.4199999999999493,0.0091344696271759285,0.1349057429308351,0.43993592989775615
4.4299999999999491,0.0086886819892164763,0.13519152636567164,0.44178614535680416
4.4399999999999489,0.0082415817155428034,0.13547610676638566,0.44364093194636806
4.4499999999999487,0.007793119417568703,0.13575948248792905,0.44550033329864669
4.4599999999999485,0.0073432247653255484,0.13604165910761346,0.44736439585808591
4.4699999999999482,0.006891857766412865,0.13632262698949515,0.4492331476664384
4.479999999999948,0.0064389525904465506,0.13660238578359918,0.45110662120087902
4.4899999999999478,0.0059844394622562413,0.1368809343210616,0.45298484264678213
4.4999999999999476,0.0055282791008214593,0.13715825700193165,0.45486782225948835
4.5099999999999474,0.0050703935914062914,0.13743435173193075,0.45675557543765943
4.5199999999999472,0.0046107285025895339,0.13770920477796506,0.45864810352787255
4.529999999999947,0.0041492232612091451,0.13798280275184988,0.46054540289960588
4.5399999999999467,0.0036858092282021221,0.13825513299678077,0.46244746411840881
4.5499999999999465,0.0032204247694529869,0.13852617792492777,0.46435426871356511
4.5599999999999463,0.0027530096976707413,0.13879591724618728,0.46626579078231689
4.5699999999999461,0.0022834917819804096,0.1390643325178903,0.46818199797369736
4.5799999999999459,0.0018118098161679919,0.13933139907384692,0.47010284858268031
4.5899999999999457,0.0013378880723862313,0.13959709458655006,0.47202829339535746
4.5999999999999455,0.00086166993205626097,0.13986138809277968,0.47395827401071333
4.6099999999999453,0.00038308719127699842,0.14012425000729517,0.47589272427082963
4.619999999999945,-9.7941178510890792e-05,0.14038565191231267,0.47783156804041094
4.6299999999999448,-0.00058147208895246993,0.1406455555576753,0.47977472106293201
4.6399999999999446,-0.0010675843640951393,0.14090392654718023,0.48172208841413305
4.6499999999999444,-0.0015563392481256627,0.14116072283683581,0.48367356737012301
4.6599999999999442,-0.0020478162254142507,0.14141590471253868,0.48562904303827098
4.669999999999944,-0.0025420858999772311,0.14166942717536471,0.48758839131860809
4.6799999999999438,-0.0030392156623744448,0.14192124175136397,0.48955147882234401
4.6899999999999435,-0.0035392824222282432,0.14217129948060245,0.49151815949376493
4.6999999999999433,-0.0040423604320228151,0.14241954778541227,0.49348827666852058
4.7099999999999431,-0.0045485146529124915,0.14266592916977522,0.49546166576936246
4.7199999999999429,-0.0050578363986129721,0.14291038881837995,0.49743814188496183
4.7299999999999427,-0.0055703796982532194,0.143152861037153,0.49941752147412283
4.7399999999999425,-0.0060862340464842984,0.14339328440267407,0.50139959618111907
4.7499999999999423,-0.006605461726048506,0.14363158904375103,0.50338415627429112
4.7599999999999421,-0.0071281562388509079,0.14386770761482176,0.50537096541311743
4.7699999999999418,-0.0076543735891228537,0.14410156294711612,0.50735979206728155
4.7799999999999416,-0.0081841979043240226,0.14433307959242039,0.50935037837911534
4.7899999999999414,-0.0087177076117817276,0.14456217766376125,0.51134245519318233
4.7999999999999412,-0.0092549776332437744,0.1447887733537879,0.51333574143947069
4.809999999999941,-0.0097960793813588187,0.14501277908602578,0.51532994447894043
4.8199999999999408,-0.010341091767176069,0.14523410487610947,0.51732475270030298
4.8299999999999406,-0.010890088754582666,0.14545265661208562,0.51931984294160172
4.8399999999999403,-0.011443149800545657,0.14566833724514705,0.52131487302648671
4.8499999999999401,-0.012000349828991577,0.14588104558769308,0.52330948842603886
4.8599999999999399,-0.012561762410897598,0.14609067674857754,0.52530332009076341
4.8699999999999397,-0.01312746389070335,0.14629712241111548,0.52729598073971995
4.8799999999999395,-0.013697528967389197,0.14650027038526658,0.52928706792032898
4.8899999999999393,-0.0142720315047732,0.14670000465161442,0.53127616314717818
4.8999999999999391,-0.01485104797389887,0.14689620549393034,0.53326282828115912
4.9099999999999389,-0.01543465455863291,0.14708874918961024,0.53524660749185571
4.9199999999999386,-0.016022918085515703,0.14727750776416573,0.53722703627999713
4.9299999999999384,-0.016615917334456692,0.14746234968535582,0.53920361996839505
4.9399999999999382,-0.017213720953335898,0.14764313906490495,0.54117585531264811
4.949999999999938,-0.017816402633906353,0.14781973603754725,0.5431432146621622
4.9599999999999378,-0.018354275999021841,0.14768260021119162,0.54403031192058826
4.9699999999999376,-0.018614112184155318,0.14630888483280147,0.54061317892802729
4.9799999999999374,-0.018799435237255094,0.14463219765492347,0.53611916100885604
4.9899999999999372,-0.018979457496477184,0.14296196536096223,0.53162384812431096
4.9999999999999369,-0.019154228202494669,0.14129822899135644,0.52712736248674152
5.0099999999999367,-0.019323784138189304,0.13964102789091259,0.52262983455922485
5.0199999999999365,-0.01948817122248013,0.13799039888461589,0.51813137552514044
5.0299999999999363,-0.019647428407439618,0.13634637713858877,0.5136320986499413
5.0399999999999361,-0.019801585637211683,0.13470899674887049,0.50913212378549599
5.0499999999999359,-0.019950685813661329,0.13307828914273578,0.50463154639623908
5.0599999999999357,-0.020094755956432814,0.13145428547852295,0.500130479272197
5.0699999999999354,-0.020233829959329624,0.12983701494359784,0.49562902016311094
5.0799999999999352,-0.020367933571640642,0.12822650622961734,0.49112727455692973
5.089999999999935,-0.020497094679035516,0.12662278668753574,0.48662534057256723
5.0999999999999348,-0.020621338172468015,0.12502588293918832,0.48212331720327795
5.1099999999999346,-0.020740686161061714,0.12343582102371242,0.47762130461533331
5.1199999999999344,-0.020855158890357522,0.12185262643329646,0.47311940317564471
5.1299999999999342,-0.020964774149958593,0.12027632431644539,0.4686177149619159
5.139999999999934,-0.021069554169620808,0.11870693844195036,0.46411633185307422
5.1499999999999337,-0.02116950906463283,0.11714449396927459,0.45961536507189571
5.1599999999999335,-0.021264655736389165,0.11558901451171895,0.4551149123770562
5.1699999999999333,-0.021355001793455466,0.11404052496036682,0.45061508723569743
5.1799999999999331,-0.02144056317705692,0.11249904836362964,0.44611598672639036
5.1899999999999329,-0.021521343901543893,0.11096460981400735,0.44161772963204227
5.1999999999999327,-0.021597353820684756,0.10943723311846902,0.43712042341062979
5.2099999999999325,-0.021668596440804225,0.10791694332192844,0.43262418773522865
5.2199999999999322,-0.021735076316677107,0.10640376522399561,0.42812914053945356
5.229999999999932,-0.021796796679072333,0.10489772396260508,0.42363540277453338
5.2399999999999318,-0.021853757960897072,0.10339884538779785,0.41914310180040593
5.2499999999999316,-0.021905957053397596,0.10190715640709744,0.41465237346860678
5.2599999999999314,-0.021953395783965143,0.10042268290005657,0.41016334442385788
5.2699999999999312,-0.021996069341429489,0.098945452623624433,0.40567615659273781
5.279999999999931,-0.022033972398394636,0.097475493789504181,0.40119095484740086
5.2899999999999308,-0.022067099546933144,0.09601283496424437,0.39670788597958001
5.2999999999999305,-0.022095443891812991,0.094557505468543218,0.39222710201642841
5.3099999999999303,-0.022118996696308152,0.093109535532985621,0.38774876123685009
5.3199999999999301,-0.022137747547463824,0.091668956303898375,0.38327302811141695
5.3299999999999299,-0.022151687104568205,0.090235799062987815,0.37880006701710373
5.3399999999999297,-0.02216080221109118,0.088810096703079849,0.3743300538007624
5.3499999999999295,-0.022165079614969566,0.087391882654500569,0.36986316732993235
5.3599999999999293,-0.022164506742768347,0.085981190650910394,0.3653995875625658
5.3699999999999291,-0.022159065891179386,0.084578056577132354,0.36093950987587592
5.3799999999999288,-0.0221487434486414,0.083182515554805478,0.35648312261445325
5.3899999999999286,-0.022133521203296085,0.081794604748791327,0.35203062854695627
5.3999999999999284,-0.022113380560073115,0.080414362037441844,0.34758223464163329
5.4099999999999282,-0.02208830215336692,0.07904182613571728,0.34313815316099749
5.419999999999928,-0.022058267300304822,0.077677036093078744,0.3386985978007746
5.4299999999999278,-0.022023255322638872,0.076320032204606369,0.33426379071999723
5.4399999999999276,-0.021983243267378577,0.074970856168273037,0.32983396345536153
5.4499999999999273,-0.021938209587968889,0.073629549754686163,0.32540934727481607
5.4599999999999271,-0.021888131124043912,0.072296155865977194,0.32099018110536987
5.4699999999999269,-0.021832983500720098,0.070970718422056212,0.31657671060740011
5.4799999999999267,-0.021772742828504735,0.069653281705005135,0.31216918352554796
5.4899999999999265,-0.021707382217020565,0.068343891681998642,0.30776785929692313
5.4999999999999263,-0.021636878185755527,0.067042593498946479,0.30337299125811368
5.5099999999999261,-0.021561202149822517,0.065749434816276819,0.29898485033633904
5.5199999999999259,-0.021480326808549902,0.064464463287286763,0.29460370727509549
5.5299999999999256,-0.02139422561579981,0.063187726701882468,0.29022983388748314
5.5399999999999254,-0.021302868539432196,0.061919274742993309,0.28586351520620229
5.5499999999999252,-0.021206228994698789,0.060659156059180638,0.28150502944268319
5.559999999999925,-0.021104274313950316,0.059407422272069563,0.27715467561921719
5.5699999999999248,-0.020996977203912151,0.058164123083679659,0.2728127400382388
5.5799999999999246,-0.020884306013442322,0.05692931041812653,0.26847952472442665
5.5899999999999244,-0.020760968625309878,0.055718728822550578,0.26416513143555165
5.5999999999999241,-0.020611715131678664,0.054579363570268179,0.25989817034303547
5.6099999999999239,-0.020453136865280247,0.053463914605503947,0.25564759896542388
5.6199999999999237,-0.020290554975139527,0.052356689951807929,0.25140360034202996
5.6299999999999235,-0.020123936467201529,0.051257732576786438,0.24716644155641371
5.6399999999999233,-0.019953248725367759,0.050167085909102738,0.24293639238239068
5.6499999999999231,-0.019778456924156536,0.049084794993496418,0.2387137333225996
5.6599999999999229,-0.019599527277147415,0.048010904962034723,0.2344987452590262
5.6699999999999227,-0.019416426066074743,0.046945461427612661,0.23029171233556694
5.6799999999999224,-0.01922911684750607,0.045888511804240376,0.22609293074909381
5.6899999999999222,-0.019037566792692286,0.044840102207934059,0.22190268828238191
5.699999999999922,-0.018841738279222475,0.043800281505557745,0.21772129117731512
5.7099999999999218,-0.018641597281091687,0.04276909717217596,0.21354903691253677
5.7199999999999216,-0.018437107147921454,0.041746598314351888,0.20938623413095436
5.7299999999999214,-0.018228231143345344,0.040732834388071043,0.2052331943010697
5.7399999999999212,-0.018014933312014668,0.039727854713990561,0.20109022862243847
5.749999999999921,-0.017797177783219213,0.038731708782912488,0.19695765001530893
5.7599999999999207,-0.017574924934650949,0.037744448162730496,0.19283578591225425
5.7699999999999205,-0.017348140711211844,0.036766121728942697,0.18872494671911541
5.7799999999999203,-0.017116785286960992,0.035796781400254683,0.1846254637305984
5.7899999999999201,-0.016880821852547002,0.034836477602789719,0.18053765933247312
5.7999999999999199,-0.016640212015556526,0.033885261588423518,0.17646186230177574
5.8099999999999197,-0.0163949180872217,0.032943184217364377,0.1723983997989221
5.8199999999999195,-0.016144901013486514,0.032010296991704747,0.16834760426221751
5.8299999999999192,-0.015890122597267898,0.031086650849923611,0.16430980546206445
5.839999999999919,-0.015630543693343164,0.030172297079200446,0.16028533656153623
5.8499999999999188,-0.015366124534082488,0.02926728709432206,0.15627453274337566
5.8599999999999186,-0.015096827345363696,0.028371671018317071,0.15227772176001003
5.8699999999999184,-0.014822610408517834,0.02748550080223236,0.14829524455408422
5.8799999999999182,-0.014543435522259701,0.026608826177974609,0.14432742875756713
5.889999999999918,-0.014259261624906438,0.025741698072763601,0.14037461089060851
5.8999999999999178,-0.013970048319015906,0.024884166647427479,0.13643712369056574
5.9099999999999175,-0.013675755454430567,0.02403628147735741,0.13251529724731273
5.9199999999999173,-0.013376341414919311,0.023198092470538917,0.12860946491293199
5.9299999999999171,-0.013071765413528474,0.02236964853666985,0.12471995476288281
5.9399999999999169,-0.012761985124680419,0.021550998897946289,0.12084709788929816
5.9499999999999167,-0.012446959389131533,0.020742191510506554,0.1169912183021817
5.9599999999999165,-0.01212664542583904,0.01994327459963274,0.11315264278622267
5.9699999999999163,-0.011801001512853933,0.019154295117763204,0.10933169082635598
5.979999999999916,-0.011469983589228582,0.018375300623755513,0.10552868678976655
5.9899999999999158,-0.011133549207435407,0.01760633699794455,0.10174394511985339
5.9999999999999156,-0.010791654156240185,0.016847450358606519,0.097977782482937911
6.0099999999999154,-0.010444254028794083,0.016098686080237557,0.094230511680505585
6.0199999999999152,-0.010091304932560252,0.015360088416168651,0.090502438755458547
6.029999999999915,-0.0097327618403806031,0.014631701352824121,0.086793868754355422
6.0399999999999148,-0.0093685782702341517,0.013913568800134493,0.083105106719231228
6.0499999999999146,-0.0089987090769386227,0.013205732935253248,0.079436446924668627
6.0599999999999143,-0.0086231073741569186,0.012508235953759866,0.075788184088468616
6.0699999999999141,-0.0082417262869441815,0.011821119017924771,0.072160606517364168
6.0799999999999139,-0.0078545179903445686,0.011144422802465876,0.068553999438264387
6.0899999999999137,-0.0074614341933657014,0.010478187160183396,0.064968642839354745
6.0999999999999135,-0.0070624254091166084,0.0098224515364058289,0.061404813990701565
6.1099999999999133,-0.0066574428763761023,0.0091772538319559553,0.057862779818562741
6.1199999999999131,-0.0062464357693241762,0.0085426319725482244,0.054342807203303943
6.1299999999999129,-0.0058293533380224024,0.0079186226728799654,0.050845154552798796
6.1399999999999126,-0.0054061435627412212,0.0073052621600037306,0.047370076618718608
6.1499999999999124,-0.0049767536603425094,0.0067025858979774793,0.043917822284106157
6.1599999999999122,-0.0045411305782239314,0.0061106282382923875,0.040488632362100964
6.169999999999912,-0.0040992194707558053,0.0055294233131118692,0.037082745130273161
6.1799999999999118,-0.0036509656172894907,0.0049590038852611188,0.033700388671150112
6.1899999999999116,-0.0031963125100767879,0.0043994024504452741,0.030341787937687086
6.1999999999999114,-0.0027352025570609477,0.0038506508181931323,0.027007161716642296
6.2099999999999111,-0.0022518059949775161,0.0034929258986671212,0.023643760048490937
6.2199999999999109,-0.0017062357382859857,0.0038645191586666543,0.020076269317341581
6.2299999999999107,-0.0011566211012517644,0.0044208621522374468,0.016434101733927887
6.2399999999999105,-0.00061980192980273362,0.0049811817480072997,0.012766037751105215
6.2499999999999103,-9.5718212790822784e-05,0.0055455119576531056,0.0090722425726542464
6.2599999999999101,0.00041568898402621034,0.0061138861796105467,0.0053528930986173938
6.2699999999999099,0.00091447682843375075,0.0066863367701496266,0.0016081747989867084
6.2799999999999097,0.0014007012332843908,0.0072628952992945164,-0.0021617167533551991
6.2899999999999094,0.0018744161704718333,0.0078435921025063627,-0.0059565789687710527
6.2999999999999092,0.0023356741981904504,0.0084284565661930759,-0.0097762006821241112
6.309999999999909,0.0027845289944687158,0.0090175185748645106,-0.013620352846513259
6.3199999999999088,0.003221029252445429,0.0096108048820961883,-0.017488812424814027
6.3299999999999086,0.0036452254543194911,0.010208343085931108,-0.021381336841269839
6.3399999999999084,0.0040571669879481817,0.010810159873907385,-0.025297675473687456
6.3499999999999082,0.0044569002689730797,0.01141627991221101,-0.029237577291513855
6.3599999999999079,0.0048444725166552271,0.012026728026447844,-0.033200776831500509
6.3699999999999077,0.0052199302841313203,0.012641528334573635,-0.037187000247185575
6.3799999999999075,0.0055833181995878743,0.013260703447756287,-0.041195970581256951
6.3899999999999073,0.0059346813397508046,0.013884275880690307,-0.045227399098564838
6.3999999999999071,0.0062740629550151359,0.014512266673646365,-0.049280994401350975
6.4099999999999069,0.0066015064602236856,0.015144696541185261,-0.053356455275262157
6.4199999999999067,0.0069170547818503819,0.015781585501218012,-0.057453473585776668
6.4299999999999065,0.0072207501174118248,0.016422952686438605,-0.061571735612020707
6.4399999999999062,0.0075126341082719338,0.017068816453962531,-0.065710921828404698
6.449999999999906,0.0077927482117615913,0.017719194568379837,-0.069870705882005377
6.4599999999999058,0.0080611330489327032,0.018374103844390678,-0.074050757458022004
6.4699999999999056,0.0083178294165756408,0.019033560703413686,-0.078250738903416883
6.4799999999999054,0.0085628776317119501,0.019697580800614265,-0.082470308063684564
6.4899999999999052,0.0087963179317382158,0.020366179238726845,-0.086709117219629817
6.499999999999905,0.0090181898075306632,0.021039370192200871,-0.090966815916311283
6.5099999999999048,0.0092285328354857459,0.021717167370055818,-0.095243048322116192
6.5199999999999045,0.0094273870561985221,0.022399584273600295,-0.099537452115016703
6.5299999999999043,0.0096147908704170473,0.023086632910593975,-0.10384966679267034
6.5399999999999041,0.0097907839458610101,0.023778325557877272,-0.10817932314520116
6.5499999999999039,0.0099554055315517458,0.024474673757735124,-0.11252604997345611
6.5599999999999037,0.010108694209461047,0.025175688143806326,-0.11688947532581288
6.5699999999999035,0.010250688933307342,0.02588137911064238,-0.12126922300456394
6.5799999999999033,0.010381429247761828,0.026591756933612432,-0.1256649121906375
6.589999999999903,0.010500952871642452,0.027306830312077496,-0.1300761665805614
6.5999999999999028,0.010609300019177988,0.028026609028079276,-0.13450259897680727
6.6099999999999026,0.010706508379567277,0.028751100859286536,-0.13894382993936574
6.6199999999999024,0.010792617658170089,0.029480314420556389,-0.14339947154325561
6.6299999999999022,0.01086766584391358,0.030214256825948499,-0.14786914131819345
6.639999999999902,0.010931692916771221,0.030952936058561645,-0.15235244911506041
6.6499999999999018,0.010984737060787782,0.031696358583136804,-0.1568490110975462
6.6599999999999016,0.011026837743900019,0.032444531314899078,-0.16135843897704832
6.6699999999999013,0.011058033436798821,0.033197460202626157,-0.16588034844924418
6.6799999999999011,0.011078363616322178,0.03395515149411716,-0.17041435238943911
6.6899999999999009,0.011087867590659925,0.034717611051790678,-0.17496006529249475
6.6999999999999007,0.011086583061105864,0.035484843411234986,-0.17951710859772269
6.7099999999999005,0.011074550924317871,0.036256854918099268,-0.18408509409402046
6.7199999999999003,0.011051809216190447,0.037033649824994644,-0.18866364544962308
6.7299999999999001,0.011018397202438607,0.037815232999138894,-0.19325238407133347
6.7399999999998998,0.010974353951257034,0.03860160896276664,-0.19785093442519369
6.7499999999998996,0.010919718959362695,0.039392782398918573,-0.20245892204708732
6.7599999999998994,0.010854530657737671,0.040188757137380841,-0.20707597895208646
6.7699999999998992,0.010778828725656914,0.040989537743687826,-0.21170173589168548
6.779999999999899,0.010692650606574958,0.041795127229488103,-0.21633583442074089
6.7899999999998988,0.010596037065459654,0.042605530754226545,-0.22097790834521827
6.7999999999998986,0.010489025433602042,0.043420751208673281,-0.22562760663496589
6.8099999999998984,0.010371654696889637,0.044240792572403792,-0.23028457652784584
6.8199999999998981,0.010243962899863977,0.045065658256879443,-0.234948472395028
6.8299999999998979,0.010105989048857275,0.045895352400916085,-0.2396189495805422
6.8399999999998977,0.0099577701827394949,0.046729877912798812,-0.24429567424234869
6.8499999999998975,0.0097993450890717024,0.047569239032194004,-0.24897831128366982
6.8599999999998973,0.0096307505354854411,0.048413438797276206,-0.25366653679212042
6.8699999999998971,0.0094520237148533956,0.04926248072724701,-0.25836003020682496
6.8799999999998969,0.0092632018391601359,0.050116368603958419,-0.26305847576861996
6.8899999999998967,0.009064321446600701,0.050975105990831479,-0.26776156488044361
6.8999999999998964,0.008855419302592267,0.051838696920951513,-0.27246899333803842
6.9099999999998962,0.0086365297105969602,0.052707144044775028,-0.27718046982626937
6.919999999999896,0.0084076895788558342,0.053580452171677874,-0.28189570014727461
6.9299999999998958,0.0081689323659172378,0.054458624103813177,-0.28661440619317297
6.9399999999998956,0.0079202934688182777,0.05534166440114871,-0.29133630925964604
6.9499999999998954,0.0076618069136975761,0.05622957713365094,-0.2960611403915977
6.9599999999998952,0.0073935044418642487,0.057122365207239456,-0.30078864301488362
6.9699999999998949,0.0071154196617799412,0.058020033366822786,-0.30551856047579984
6.9799999999998947,0.0068275842745449122,0.058922585527440841,-0.31025064745388253
6.9899999999998945,0.0065300295483711884,0.059830025851095647,-0.31498466550556875
6.9999999999998943,0.0062227866696811726,0.060742359041271413,-0.31972038211415355
7.0099999999998941,0.0059058842353180499,0.061659588524897675,-0.32445757790630997
7.0199999999998939,0.005579351330370963,0.062581718715831181,-0.32919603766069072
7.0299999999998937,0.0052432166231368774,0.063508754388805461,-0.33393555297807559
7.0399999999998935,0.0048975067292404625,0.064440699488835018,-0.33867592691796322
7.0499999999998932,0.0045422484036554411,0.065377558764440319,-0.34341696764158969
7.059999999999893,0.0041774662046851416,0.066319336057680922,-0.34815849494070161
7.0699999999998928,0.0038031854438053958,0.067266036512283078,-0.3529003319891052
7.0799999999998926,0.0034194283933149244,0.068217663740805928,-0.35764231567109472
7.0899999999998924,0.0030262175925323126,0.069174222339364155,-0.36238428740406858
7.0999999999998922,0.002623574434185115,0.070135716803292308,-0.36712609696794729
7.109999999999892,0.0022115175754000294,0.071102150348692744,-0.37186760650188383
7.1199999999998917,0.0017900671648673483,0.072073528137820156,-0.37660867925096936
7.1299999999998915,0.0013592392765159195,0.073049852994900813,-0.3813491940395855
7.1399999999998913,0.00091905127067076764,0.074031129574337357,-0.38608903111381876
7.1499999999998911,0.00046951682538856621,0.07501736046694582,-0.39082808485942921
7.1599999999998909,1.065069352489123e-05,0.076008549945076914,-0.39556625142937762
7.1699999999998907,-0.00045753606421154724,0.077004700173963173,-0.4003034406437937
7.1799999999998905,-0.00093503197998361098,0.078005814472544496,-0.40503956548783338
7.1899999999998903,-0.0014218293543280386,0.07901189393497321,-0.40977455220985076
7.19999999999989,-0.001917918326397261,0.080022942231843572,-0.4145083256897848
7.2099999999998898,-0.0024232944799894851,0.081038959382372239,-0.41924082759819564
7.2199999999998896,-0.0029379515662654176,0.082059947718103751,-0.42397199869890873
7.2299999999998894,-0.0034618880819789893,0.083085906398111725,-0.42870179416853615
7.2399999999998892,-0.0039951019200829552,0.084116835828179914,-0.43343017077516199
7.249999999999889,-0.0045375931645572493,0.08515273531459927,-0.43815709316970686
7.2599999999998888,-0.0050893639231249233,0.086193603152685566,-0.44288253317157594
7.2699999999998886,-0.005650416705642744,0.087239437982008949,-0.44760646588708636
7.2799999999998883,-0.006220758468861734,0.088290235241218762,-0.45232887827220791
7.2899999999998881,-0.0068003946948579641,0.089345992267089253,-0.45704975588839936
7.2999999999998879,-0.0073893359268732695,0.090406702512757869,-0.46176909668233201
7.3099999999998877,-0.007987591147570916,0.091472361338424291,-0.46648689655919962
7.3199999999998875,-0.0085951729742119454,0.092542961366255699,-0.47120316007037766
7.3299999999998873,-0.0092120970888465714,0.093618492859529237,-0.47591789858285827
7.3399999999998871,-0.0098383771207829207,0.094698948311103731,-0.48063111976626299
7.3499999999998868,-0.010474033511523359,0.095784314312523017,-0.48534284484410767
7.3599999999998866,-0.011119084018742842,0.0968745801321408,-0.490053089441364
7.3699999999998864,-0.011773551664676862,0.097969730331715146,-0.49476187873393268
7.3799999999998862,-0.012437459434470707,0.099069749575784127,-0.49946923673963289
7.389999999999886,-0.013110832126892222,0.10017462083704069,-0.5041751895706682
7.3999999999998858,-0.013793697852687803,0.1012843238362567,-0.50887976764096343
7.4099999999998856,-0.014486086560641945,0.10239883633610514,-0.5135830023592346
7.4199999999998854,-0.015188027587296954,0.1035181363907763,-0.51828492163502415
7.4299999999998851,-0.015899555615416949,0.10464219646792106,-0.52298555962173443
7.4399999999998849,-0.016620705127169108,0.10577098868697474,-0.52768494665547105
7.4499999999998847,-0.017351510984059862,0.10690448418893092,-0.53238311008350314
7.4599999999998845,-0.018106210329203815,0.10781468607356816,-0.5360190204234323
7.4699999999998843,-0.018920012764343061,0.10781458797878637,-0.53540878680728876
7.4799999999998841,-0.019741954400990733,0.10758609879218006,-0.533733899490904
7.4899999999998839,-0.020557582843897332,0.1073575899277428,-0.53205546763621181
7.4999999999998836,-0.021367001265467658,0.10712908495698609,-0.53037396996014474
7.5099999999998834,-0.022170303967892963,0.10690061449091887,-0.52868985548785763
7.5199999999998832,-0.022967591127764836,0.10667220088672671,-0.52700356515069036
7.529999999999883,-0.023758959015205708,0.1064438684614869,-0.52531551844884128
7.5399999999998828,-0.024544505880558926,0.10621563725362609,-0.52362612192446123
7.5499999999998826,-0.025324330913527163,0.10598752404681622,-0.52193576784757911
7.5599999999998824,-0.026098529526524528,0.10575954751110789,-0.52024482878495149
7.5699999999998822,-0.026867202500866744,0.10553171815404501,-0.51855366910628087
7.5799999999998819,-0.027630443392611864,0.10530405219865574,-0.51686263025306245
7.5899999999998817,-0.028388353352407095,0.10507655507647722,-0.51517204835252672
7.5999999999998815,-0.029141027422984522,0.10484923671747726,-0.51348223869938381
7.6099999999998813,-0.029888561372309788,0.10462210390293397,-0.511793504133358
7.6199999999998811,-0.030631052617725543,0.10439515915852074,-0.51010613593303789
7.6299999999998809,-0.03136859619503625,0.10416840531909481,-0.50842040999449167
7.6399999999998807,-0.032101286452692682,0.10394184363308448,-0.50673658899186513
7.6499999999998805,-0.032829217932939511,0.10371547270271987,-0.50505492346280612
7.6599999999998802,-0.03355248532873252,0.10348928845557526,-0.50337565189281186
7.66999999999988,-0.034271181368268233,0.10326328669478876,-0.50169899916954508
7.6799999999998798,-0.034985399865761241,0.10303745938587133,-0.50002517940160407
7.6899999999998796,-0.035695229366578637,0.10281180243829852,-0.4983543912814537
7.6999999999998794,-0.036400762685819793,0.10258630403759569,-0.4966868257844067
7.7099999999998792,-0.037102091793935407,0.1023609507709163,-0.49502266205144263
7.719999999999879,-0.037799302335632105,0.10213573460271698,-0.49336206432439234
7.7299999999998787,-0.038492486884051783,0.10191063619635243,-0.49170519095382037
7.7399999999998785,-0.039181727482835299,0.10168564703149353,-0.49005218357598657
7.7499999999998783,-0.039867118020143963,0.10146074074233039,-0.4884031806889812
7.7599999999998781,-0.040548737694331656,0.10123590732742503,-0.48675830270183917
7.7699999999998779,-0.041226673597192336,0.10101112397049355,-0.48511766489317859
7.7799999999998777,-0.041901010950225297,0.10078636751936519,-0.48348137186051554
7.7899999999998775,-0.042571829983890856,0.10056161885090684,-0.48184951677586807
7.7999999999998773,-0.043239211909225632,0.10033685489506153,-0.48022218441435799
7.809999999999877,-0.043903241621692832,0.10011204481246562,-0.47859945170395179
7.8199999999998768,-0.04456399095022686,0.099887172953672942,-0.47698138264304724
7.8299999999998766,-0.045221546460470954,0.099662200652788552,-0.47536803716935749
7.8399999999998764,-0.045875980246427056,0.099437106509736931,-0.47375946258628976
7.8499999999998762,-0.046527367517396515,0.099211862177962934,-0.47215569921759082
7.859999999999876,-0.047175784778163948,0.098986434685229469,-0.47055677949508817
7.8699999999998758,-0.047821304697572911,0.098760793760233404,-0.46896272719939219
7.8799999999998755,-0.048464002212040773,0.098534902979340436,-0.46737355846118422
7.8899999999998753,-0.049103945075855852,0.09830873361107316,-0.4657892811674102
7.8999999999998751,-0.049741202282516321,0.098082252415843035,-0.46420989613454261
7.9099999999998749,-0.050375845619556762,0.097855419119000087,-0.46263539664432451
7.9199999999998747,-0.051007939367118935,0.097628201825113198,-0.46106576882336747
7.9299999999998745,-0.051637552823560008,0.097400558172972593,-0.45950099135699907
7.9399999999998743,-0.052264744944967689,0.097172458801736097,-0.45794103708572925
7.9499999999998741,-0.052889585065058524,0.096943855497765588,-0.45638587059197344
7.9599999999998738,-0.053512129394936443,0.096714717497868447,-0.45483545181125318
7.9699999999998736,-0.054132443516006691,0.096484996509574955,-0.45328973218575352
7.9799999999998734,-0.054750583472936216,0.096254656312548953,-0.45174865870264846
7.9899999999998732,-0.055366604866233765,0.096023658697340392,-0.45021217254213591
7.999999999999873,-0.055980569118008958,0.09579195301693183,-0.44868020638654449
8.0099999999998737,-0.05659252850759449,0.095559500466165972,-0.44715268970086042
8.0199999999998735,-0.057202537654242346,0.095326255516479108,-0.44562954502182744
8.0299999999998732,-0.057810644779275937,0.095092180349448024,-0.44411069185203467
8.039999999999873,-0.058416905291989646,0.094857222150086892,-0.44259604023448923
8.0499999999998728,-0.059021364164079701,0.094621342705288339,-0.44108549962776317
8.0599999999998726,-0.059624075412988614,0.094384485308452851,-0.43957896845064609
8.0699999999998724,-0.060225079078339343,0.094146614286419184,-0.43807634769913528
8.0799999999998722,-0.060824422076906012,0.093907679186893869,-0.43657752876290085
8.089999999999872,-0.061422147495031942,0.093667633154733129,-0.43508239984860153
8.0999999999998717,-0.062018299416079094,0.0934264244494354,-0.43359084273302706
8.1099999999998715,-0.062612916358870202,0.093184008216265365,-0.43210273792436055
8.1199999999998713,-0.063206036153036244,0.092940337908669082,-0.43061796141601327
8.1299999999998711,-0.063797697202596315,0.092695362850548441,-0.42913638339839627
8.1399999999998709,-0.064387937419847691,0.092449030061101126,-0.42765786892770741
8.1499999999998707,-0.064976789091765713,0.092201293917814703,-0.42618228308578837
8.1599999999998705,-0.065564285486041846,0.091952103917676969,-0.42470948503791428
8.1699999999998703,-0.066150458480192742,0.091701409066388573,-0.42323933020319254
8.17999999999987,-0.066735339084935924,0.091449156744852989,-0.42177166965306828
8.1899999999998698,-0.067318951001488936,0.091195305599482426,-0.42030635797494481
8.1999999999998696,-0.067901328081197837,0.090939791071935588,-0.41884323286542768
8.2099999999998694,-0.068482490898585269,0.090682571593441605,-0.4173821427196448
8.2199999999998692,-0.069062463690681489,0.090423595300306775,-0.41592292703649386
8.229999999999869,-0.069641271903448626,0.090162804509435826,-0.41446541852328234
8.2399999999998688,-0.070218931639048743,0.089900157455687912,-0.4130094577491038
8.2499999999998685,-0.070795466114001004,0.089635594510031641,-0.41155487078638509
8.2599999999998683,-0.071370892126438795,0.089369066022839158,-0.41010148781994632
8.2699999999998681,-0.071945223854184087,0.089100524761214661,-0.40864913858675495
8.2799999999998679,-0.072518479127601926,0.088829912367236363,-0.4071976424424521
8.2899999999998677,-0.07309066927256988,0.088557181149345743,-0.40574682424917224
8.2999999999998675,-0.073661805132940988,0.088282281307529228,-0.40429650538347139
8.3099999999998673,-0.074231898817874814,0.08800515683424591,-0.40284650034522346
8.3199999999998671,-0.074800957377679167,0.08772575970779814,-0.401396627873988
8.3299999999998668,-0.075368987737007606,0.087444038841464122,-0.39994670254384024
8.3399999999998666,-0.075935997899398588,0.087159937270965729,-0.39849653220294873
8.3499999999998664,-0.076501988029291368,0.086873412765126182,-0.39704593524197712
8.3599999999998662,-0.077066964259617607,0.08658440579145002,-0.39559471395730467
8.369999999999866,-0.077630923919406541,0.086292874226613428,-0.39414268392027463
8.3799999999998658,-0.07819386918419774,0.085998760963182111,-0.39268964636517839
8.3899999999998656,-0.078755796255259636,0.085702019890942754,-0.39123541071418766
8.3999999999998654,-0.0793167027129488,0.085402598035085944,-0.38977977899516825
8.4099999999998651,-0.079876582460173914,0.08510044812576685,-0.3883225571631761
8.4199999999998649,-0.080435429578191053,0.084795518947396203,-0.38686354640418691
8.4299999999998647,-0.080993234690103194,0.084487764626475531,-0.38540255184323219
8.4399999999998645,-0.081549988981910723,0.084177134363666362,-0.38393937297164366
8.4499999999998643,-0.082105681988247858,0.083863578041858983,-0.38247380886428201
8.4599999999998641,-0.082660298456088022,0.083547054772033474,-0.38100566684868098
8.4699999999998639,-0.083213826961464177,0.083227509895368507,-0.3795347398926503
8.4799999999998636,-0.083766250417450255,0.082904900449031968,-0.37806083178392758
8.4899999999998634,-0.084317552301803766,0.082579178386570057,-0.3765837405844964
8.4999999999998632,-0.084867712986684163,0.082250300756998143,-0.37510326900382934
8.509999999999863,-0.08541671311873919,0.081918220338155517,-0.37361921483370286
8.5199999999998628,-0.085964530936833317,0.081582893084722719,-0.37213137868816853
8.5299999999998626,-0.086511143547904457,0.081244274666669114,-0.37063956049272379
8.5399999999998624,-0.087056526921944613,0.080902320421252477,-0.36914355943362726
8.5499999999998622,-0.087600653892918462,0.080556991454963853,-0.36764318074854974
8.5599999999998619,-0.088143498397166467,0.08020824199016946,-0.36613822194908829
8.5699999999998617,-0.08868503108827247,0.07985603255272597,-0.3646284873083615
8.5799999999998615,-0.089225221757360057,0.079500322765822529,-0.3631137800671041
8.5899999999998613,-0.089764039105900501,0.079141072068640905,-0.36159390323194662
8.5999999999998611,-0.090301450510734765,0.078778240380225115,-0.36006866033906892
8.6099999999998609,-0.090837420814482692,0.078411792273420933,-0.35853786041705471
8.6199999999998607,-0.091371915038265014,0.078041688089469929,-0.35700130776782663
8.6299999999998604,-0.091904895385536797,0.077667893930873325,-0.35545881365026732
8.6399999999998602,-0.092436324676284626,0.077290370141150519,-0.35391018277342939
8.64999999999986,-0.092966162074169273,0.076909085941160651,-0.35235523073547298
8.6599999999998598,-0.093494367055386773,0.076524005931814229,-0.35079376804679901
8.6699999999998596,-0.094020897768653508,0.076135095663074887,-0.34922560672324776
8.6799999999998594,-0.094545709506172138,0.075742327410714488,-0.34765056755583218
8.6899999999998592,-0.095068758790171598,0.075345665320760008,-0.34606846186713652
8.699999999999859,-0.095589997868210347,0.074945085827576238,-0.34447911686144866
8.7099999999998587,-0.096075557924207688,0.074381388676882487,-0.34224602861591907
8.7199999999998585,-0.096420061464845747,0.073177342233203865,-0.33746299047055917
8.7299999999998583,-0.096720723513888066,0.071812225540313496,-0.33204365329585361
8.7399999999998581,-0.097011236675809659,0.070445829443837177,-0.32662513329627452
8.7499999999998579,-0.097291596652419945,0.069078307498705319,-0.32120765911684812
8.7599999999998577,-0.09756179876696823,0.067709822543825779,-0.31579147534027857
8.7699999999998575,-0.097821839554031897,0.066340540418370494,-0.31037683444980302
8.7799999999998573,-0.098071717359407548,0.064970627713164197,-0.30496399374717481
8.789999999999857,-0.098311431323923892,0.063600256131449692,-0.29955322103311166
8.7999999999998568,-0.098540981644616069,0.062229601921934177,-0.29414479389592202
8.8099999999998566,-0.098760370454038335,0.060858841914873195,-0.28873899431102401
8.8199999999998564,-0.098969600609699282,0.05948815953567229,-0.2833361166792287
8.8299999999998562,-0.099168677491453278,0.058117736293905091,-0.27793645621118834
8.839999999999856,-0.099357606766821982,0.056747762904913485,-0.27254032400427863
8.8499999999998558,-0.099536396554470552,0.055378429157078593,-0.26714803314548569
8.8599999999998555,-0.099705056924373633,0.054009925973916503,-0.26175990134330557
8.8699999999998553,-0.09986359869655545,0.052642452323500427,-0.25637626044860906
8.8799999999998551,-0.10001203530713429,0.051276205417525804,-0.25099744275688568
8.8899999999998549,-0.10015038195411702,0.049911385505582516,-0.2456237875169768
8.8999999999998547,-0.10027865527640059,0.048548197744498846,-0.24025564348929712
8.9099999999998545,-0.10039687413451688,0.047186848123448123,-0.23489336310309084
8.9199999999998543,-0.10050505993573887,0.045827541721936212,-0.22953729977674064
8.9299999999998541,-0.10060323509829487,0.044470491567166308,-0.22418782043061761
8.9399999999998538,-0.10069142480124033,0.043115908811458582,-0.21884529135650613
8.9499999999998536,-0.10076965650986765,0.041764005304087796,-0.21351008167578675
8.9599999999998534,-0.10083795912747014,0.040414999148835139,-0.20818257125062625
8.9699999999998532,-0.10089636429950795,0.039069106695437131,-0.20286313898041572
8.979999999999853,-0.10094490605337213,0.037726544572397089,-0.19755216550702542
8.9899999999998528,-0.10098362009793607,0.03638753466800973,-0.1922500403662383
8.9999999999998526,-0.10101254504222651,0.035052295821381044,-0.18695714966306903
9.0099999999998523,-0.1010317211005748,0.033721052885240639,-0.18167388921397862
9.0199999999998521,-0.10104119149477024,0.032394027001179215,-0.17640065005373273
9.0299999999998519,-0.10104100159834679,0.031071441115937192,-0.17113782636031896
9.0399999999998517,-0.10103119881626338,0.029753521850585166,-0.16588581810456438
9.0499999999998515,-0.10101183327263066,0.028440493445060916,-0.16064502185471249
9.0599999999998513,-0.10098295747987296,0.027132580710570058,-0.15541583497150627
9.0699999999998511,-0.10094462623324013,0.025830009455921545,-0.15019865605644284
9.0799999999998509,-0.10089689661332608,0.024533006895580498,-0.14499388540722938
9.0899999999998506,-0.10083982833255389,0.023241798186127344,-0.13980191959899915
9.0999999999998504,-0.10077348344719129,0.021956608834427578,-0.13462315490588461
9.1099999999998502,-0.10069792627101021,0.020677665598649086,-0.12945798848841866
9.11999999999985,-0.10061322368568101,0.019405193064195744,-0.12430681299913643
9.1299999999998498,-0.10051944498209196,0.018139415065509645,-0.11917001852579227
9.1399999999998496,-0.10041666145394355,0.016880558917776525,-0.11404799886906287
9.1499999999998494,-0.10030494729223177,0.015628845351710975,-0.10894113596313519
9.1599999999998492,-0.10018437860396052,0.014384498956235075,-0.10384981563158933
9.1699999999998489,-0.10005503408524351,0.013147740513316925,-0.098774415654454342
9.1799999999998487,-0.099916994570672588,0.011918791684937393,-0.093715312750509372
9.1899999999998485,-0.099770343369344899,0.010697870242271444,-0.088672875027023118
9.1999999999998483,-0.099615165734117342,0.0094851975137767233,-0.083647473269961997
9.2099999999998481,-0.09945154949666471,0.0082809879974035591,-0.07863946469645737
9.2199999999998479,-0.099279584568794238,0.0070854563378296466,-0.07364920350449404
9.2299999999998477,-0.099099362839356636,0.0058988190707625864,-0.068677043416035519
9.2399999999998474,-0.098910978566790264,0.004721287092139051,-0.063723325771926367
9.2499999999998472,-0.098714528133170595,0.0035530683790171158,-0.05878838352710463
9.259999999999847,-0.098510109772118826,0.0023943734322776859,-0.05387254952973871
9.2699999999998468,-0.098297823848479057,0.0012454086692769931,-0.048976146038529671
9.2799999999998466,-0.098077772801252044,0.00010637586648119639,-0.044099483615368466
9.2899999999998464,-0.097850060818339982,-0.0010225206047196501,-0.039242872237415231
9.2999999999998462,-0.097614794146955133,-0.0021410831313134759,-0.03440660646497725
9.309999999999846,-0.097372080798842492,-0.0032491150225924274,-0.029590974362110438
9.3199999999998457,-0.097122030550883531,-0.0043464193076650226,-0.024796259187911708
9.3299999999998455,-0.09686475500739071,-0.0054328062492100633,-0.020022727408754437
9.3399999999998453,-0.096600367406158516,-0.0065080852738838811,-0.015270641150501441
9.3499999999998451,-0.096328982666571888,-0.0075720706726513471,-0.010540249049236027
9.3599999999998449,-0.096050717250839163,-0.008624577236608191,-0.005831792908839329
9.3699999999998447,-0.095765689202787621,-0.0096654259706451737,-0.0011454985127701683
9.3799999999998445,-0.095474018001297858,-0.010694436559197775,0.0035184127236533237
9.3899999999998442,-0.095175824556900601,-0.011711435849126857,0.0081597373006571106
9.399999999999844,-0.094871231156420502,-0.012716249889938674,0.012778277300422684
9.4099999999998438,-0.094560361349327604,-0.013708711068220834,0.017373851826320286
9.4199999999998436,-0.094243339946202612,-0.01468865338084132,0.021946289747209125
9.4299999999998434,-0.093920292963913007,-0.015655912282911601,0.026495429659463735
9.4399999999998432,-0.093591347442193759,-0.0166103314233043,0.031021130690031963
9.449999999999843,-0.093256631615207447,-0.017551750626063685,0.03552325376108164
9.4599999999998428,-0.09291627454291615,-0.018480020445054167,0.040001684706213327
9.4699999999998425,-0.092570406340130792,-0.019394989250923318,0.044456314129040275
9.4799999999998423,-0.092219157933872822,-0.020296510490265443,0.0488870490276904
9.4899999999998421,-0.091862661003877411,-0.021184442642471706,0.053293812913100015
9.4999999999998419,-0.091501048143685496,-0.022058642273161309,0.057676535077506259
9.5099999999998417,-0.091134452269694036,-0.022918978288637322,0.062035173204855971
9.5199999999998415,-0.090763007323870659,-0.023765312576397003,0.066369683111511896
9.5299999999998413,-0.090386847417634988,-0.024597518916020543,0.070680048678588625
9.5399999999998411,-0.090006107353233542,-0.025415469624010225,0.074966261042699101
9.5499999999998408,-0.089620922272471176,-0.026219041591338994,0.079228328277703194
9.5599999999998406,-0.089231427615063461,-0.027008116352177314,0.08346627568729087
9.5699999999998404,-0.088837759259827523,-0.027782575496204474,0.087680138809458977
9.5799999999998402,-0.08844005302014378,-0.028542308681267094,0.091869976149797125
9.58999999999984,-0.088038445244274635,-0.029287202993951475,0.096035852731883087
9.5999999999998398,-0.087633071853631214,-0.030017156174646762,0.10017786095461335
9.6099999999998396,-0.087224069270155372,-0.030732062219633465,0.1042960982992647
9.6199999999998393,-0.086811573760473548,-0.031431820422443184,0.10839068165140474
9.6299999999998391,-0.086395721209208035,-0.032116336522434528,0.11246174925648511
9.6399999999998389,-0.085976647664472702,-0.032785515316209608,0.11650944942358989
9.6499999999998387,-0.08555448883767712,-0.033439266041958161,0.12053394910442608
9.6599999999998385,-0.085129379918085377,-0.034077503577204765,0.12453543592455674
9.6699999999998383,-0.084701456408583856,-0.034700138598753039,0.12851410317632039
9.6799999999998381,-0.084270852533714802,-0.035307094118996539,0.13247017557751237
9.6899999999998379,-0.083837702761249147,-0.035898288469178113,0.13640388318690766
9.6999999999998376,-0.083402140577145914,-0.036473647587860605,0.14031548057759935
9.7099999999998374,-0.082964299296182556,-0.037033096120261705,0.14420523334596272
9.7199999999998372,-0.082524311339440021,-0.037576564013207796,0.14807342846497124
9.729999999999837,-0.082082308238753121,-0.038103985416921303,0.15192037277503431
9.7399999999998368,-0.081638421467821742,-0.038615291122147358,0.15574638168822208
9.7499999999998366,-0.081192780905679302,-0.039110421208817595,0.15955179869252825
9.7599999999998364,-0.080745516245509005,-0.039589312576770085,0.16333697658993179
9.7699999999998361,-0.080296755693054528,-0.040051909227077062,0.16710229335033577
9.7799999999998359,-0.079846627233173068,-0.040498151670585791,0.17084813631176934
9.7899999999998357,-0.079395257090426025,-0.040927988345131956,0.17457491966862915
9.7999999999998355,-0.078942771083195751,-0.041341364970611791,0.17828306867398089
9.8099999999998353,-0.078489293560298795,-0.041738232032787946,0.18197303114976371
9.8199999999998351,-0.078034947807073818,-0.042118541186770476,0.18564527233875833
9.8299999999998349,-0.077579856025997124,-0.042482245185886038,0.18930027507240529
9.8399999999998347,-0.077124139364823888,-0.04282929729469212,0.19293853919278239
9.8499999999998344,-0.076667917227924667,-0.043159655423886813,0.1965605879451012
9.8599999999998342,-0.076211308268372677,-0.043473275347846535,0.20016695823419306
9.869999999999834,-0.07575442941357538,-0.043770116430680052,0.20375820936569061
9.8799999999998338,-0.075297396327949809,-0.044050138493919505,0.20733491874584514
