0.01,-0.78997555570026123,0.0,9.8064999999999998
0.02,-0.79031296743776724,0.0,9.8064999999999998
0.029999999999999999,-0.79060516650493573,0.0,9.8064999999999998
0.040000000000000001,-0.79085234846671859,0.0,9.8064999999999998
0.050000000000000003,-0.79105470888806806,0.0,9.8064999999999998
0.060000000000000005,-0.79121244333393592,0.0,9.8064999999999998
0.070000000000000007,-0.79132574736927452,0.0,9.8064999999999998
0.080000000000000002,-0.79139481655903587,0.0,9.8064999999999998
0.089999999999999997,-0.79141984646817187,0.0,9.8064999999999998
0.099999999999999992,-0.79140103266163464,0.0,9.8064999999999998
0.10999999999999999,-0.79133857070437652,0.0,9.8064999999999998
0.11999999999999998,-0.79123265616134941,0.0,9.8064999999999998
0.12999999999999998,-0.79108348459750522,0.0,9.8064999999999998
0.13999999999999999,-0.79089125157779616,0.0,9.8064999999999998
0.14999999999999999,-0.79065615266717426,0.0,9.8064999999999998
0.16,-0.79037838343059164,0.0,9.8064999999999998
0.17000000000000001,-0.79005813943300029,0.0,9.8064999999999998
0.18000000000000002,-0.78969561623935247,0.0,9.8064999999999998
0.19000000000000003,-0.78929100941459995,0.0,9.8064999999999998
0.20000000000000004,-0.78884451452369519,0.0,9.8064999999999998
0.21000000000000005,-0.78835632713158987,0.0,9.8064999999999998
0.22000000000000006,-0.78782664280323611,0.0,9.8064999999999998
0.23000000000000007,-0.78725565710358625,0.0,9.8064999999999998
0.24000000000000007,-0.78664356559759219,0.0,9.8064999999999998
0.25000000000000006,-0.78599056385020594,0.0,9.8064999999999998
0.26000000000000006,-0.78529684742637962,0.0,9.8064999999999998
0.27000000000000007,-0.78456261189106535,0.0,9.8064999999999998
0.28000000000000008,-0.78378805280921515,0.0,9.8064999999999998
0.29000000000000009,-0.78297336574578125,0.0,9.8064999999999998
0.3000000000000001,-0.78211874626571531,0.0,9.8064999999999998
0.31000000000000011,-0.78122438993396992,0.0,9.8064999999999998
0.32000000000000012,-0.78029049231549674,0.0,9.8064999999999998
0.33000000000000013,-0.77931724897524801,0.0,9.8064999999999998
0.34000000000000014,-0.77830485547817574,0.0,9.8064999999999998
0.35000000000000014,-0.77725350738923216,0.0,9.8064999999999998
0.36000000000000015,-0.77616340027336905,0.0,9.8064999999999998
0.37000000000000016,-0.77503472969553866,0.0,9.8064999999999998
0.38000000000000017,-0.77386769122069321,0.0,9.8064999999999998
0.39000000000000018,-0.77266248041378438,0.0,9.8064999999999998
0.40000000000000019,-0.77141929283976451,0.0,9.8064999999999998
0.4100000000000002,-0.77013832406358584,0.0,9.8064999999999998
0.42000000000000021,-0.76881976965019994,0.0,9.8064999999999998
0.43000000000000022,-0.76746382516455935,0.0,9.8064999999999998
0.44000000000000022,-0.76607068617161589,0.0,9.8064999999999998
0.45000000000000023,-0.76464054823632166,0.0,9.8064999999999998
0.46000000000000024,-0.76317360692362879,0.0,9.8064999999999998
0.47000000000000025,-0.76167005779848918,0.0,9.8064999999999998
0.48000000000000026,-0.76013009642585516,0.0,9.8064999999999998
0.49000000000000027,-0.75855391837067865,0.0,9.8064999999999998
0.50000000000000022,-0.75694171919791176,0.0,9.8064999999999998
0.51000000000000023,-0.75529369447250649,0.0,9.8064999999999998
0.52000000000000024,-0.75361003975941498,0.0,9.8064999999999998
0.53000000000000025,-0.75189095062358935,0.0,9.8064999999999998
0.54000000000000026,-0.75013662262998149,0.0,9.8064999999999998
0.55000000000000027,-0.74834725134354374,0.0,9.8064999999999998
0.56000000000000028,-0.74652303232922768,0.0,9.8064999999999998
0.57000000000000028,-0.74466416115198597,0.0,9.8064999999999998
0.58000000000000029,-0.7427708333767703,0.0,9.8064999999999998
0.5900000000000003,-0.7408432445685329,0.0,9.8064999999999998
0.60000000000000031,-0.73888159029222589,0.0,9.8064999999999998
0.61000000000000032,-0.73688606611280094,0.0,9.8064999999999998
0.62000000000000033,-0.73485686759521074,0.0,9.8064999999999998
0.63000000000000034,-0.73279419030440685,0.0,9.8064999999999998
0.64000000000000035,-0.7306982298053416,0.0,9.8064999999999998
0.65000000000000036,-0.72856918166296702,0.0,9.8064999999999998
0.66000000000000036,-0.72640724144223501,0.0,9.8064999999999998
0.67000000000000037,-0.7242126047080979,0.0,9.8064999999999998
0.68000000000000038,-0.72198546702550759,0.0,9.8064999999999998
0.69000000000000039,-0.71972602395941621,0.0,9.8064999999999998
0.7000000000000004,-0.71743447107477576,0.0,9.8064999999999998
0.71000000000000041,-0.71511100393653837,0.0,9.8064999999999998
0.72000000000000042,-0.71275581810965616,0.0,9.8064999999999998
0.73000000000000043,-0.71036910915908102,0.0,9.8064999999999998
0.74000000000000044,-0.7079510726497652,0.0,9.8064999999999998
0.75000000000000044,-0.70550190414666081,0.0,9.8064999999999998
0.76000000000000045,-0.70302179921471974,0.0,9.8064999999999998
0.77000000000000046,-0.70051095341889402,0.0,9.8064999999999998
0.78000000000000047,-0.69796956232413598,0.0,9.8064999999999998
0.79000000000000048,-0.69539782149539742,0.0,9.8064999999999998
0.80000000000000049,-0.69279592649763067,0.0,9.8064999999999998
0.8100000000000005,-0.69016407289578741,0.0,9.8064999999999998
0.82000000000000051,-0.6875024562548202,0.0,9.8064999999999998
0.83000000000000052,-0.68481127213968085,0.0,9.8064999999999998
0.84000000000000052,-0.68209071611532135,0.0,9.8064999999999998
0.85000000000000053,-0.67934098374669394,0.0,9.8064999999999998
0.86000000000000054,-0.67656227059875063,0.0,9.8064999999999998
0.87000000000000055,-0.67375477223644331,0.0,9.8064999999999998
0.88000000000000056,-0.67091868422472434,0.0,9.8064999999999998
0.89000000000000057,-0.66805420212854572,0.0,9.8064999999999998
0.90000000000000058,-0.66516152151285934,0.0,9.8064999999999998
0.91000000000000059,-0.66224083794261746,0.0,9.8064999999999998
0.9200000000000006,-0.65929234698277195,0.0,9.8064999999999998
0.9300000000000006,-0.65631624419827517,0.0,9.8064999999999998
0.94000000000000061,-0.6533127251540789,0.0,9.8064999999999998
0.95000000000000062,-0.65028198541513538,0.0,9.8064999999999998
0.96000000000000063,-0.64722422054639672,0.0,9.8064999999999998
0.97000000000000064,-0.64413962611281483,0.0,9.8064999999999998
0.98000000000000065,-0.64102839767934183,0.0,9.8064999999999998
0.99000000000000066,-0.63789073081092984,0.0,9.8064999999999998
1.0000000000000007,-0.63472682107253087,0.0,9.8064999999999998
1.0100000000000007,-0.63153686402909703,0.0,9.8064999999999998
1.0200000000000007,-0.62832105524558035,0.0,9.8064999999999998
1.0300000000000007,-0.62507959028693294,0.0,9.8064999999999998
1.0400000000000007,-0.62181266471810681,0.0,9.8064999999999998
1.0500000000000007,-0.6185204741040542,0.0,9.8064999999999998
1.0600000000000007,-0.61520321400972711,0.0,9.8064999999999998
1.0700000000000007,-0.61186108000007733,0.0,9.8064999999999998
1.0800000000000007,-0.60849426764005732,0.0,9.8064999999999998
1.0900000000000007,-0.60510297249461886,0.0,9.8064999999999998
1.1000000000000008,-0.60168739012871419,0.0,9.8064999999999998
1.1100000000000008,-0.59824771610729544,0.0,9.8064999999999998
1.1200000000000008,-0.59478414599531437,0.0,9.8064999999999998
1.1300000000000008,-0.59129687535772335,0.0,9.8064999999999998
1.1400000000000008,-0.58778609975947427,0.0,9.8064999999999998
1.1500000000000008,-0.58425201476551936,0.0,9.8064999999999998
1.1600000000000008,-0.58069481594081052,0.0,9.8064999999999998
1.1700000000000008,-0.57711469885029998,0.0,9.8064999999999998
1.1800000000000008,-0.57351185905893975,0.0,9.8064999999999998
1.1900000000000008,-0.56988649213168185,0.0,9.8064999999999998
1.2000000000000008,-0.5662387936334784,0.0,9.8064999999999998
1.2100000000000009,-0.56256895912928129,0.0,9.8064999999999998
1.2200000000000009,-0.55887718418404297,0.0,9.8064999999999998
1.2300000000000009,-0.55516366436271514,0.0,9.8064999999999998
1.2400000000000009,-0.55142859523025001,0.0,9.8064999999999998
1.2500000000000009,-0.54767217235159982,0.0,9.8064999999999998
1.2600000000000009,-0.54389459129171636,0.0,9.8064999999999998
1.2700000000000009,-0.54009604761555174,0.0,9.8064999999999998
1.2800000000000009,-0.53627673688805821,0.0,9.8064999999999998
1.2900000000000009,-0.53243685467418767,0.0,9.8064999999999998
1.3000000000000009,-0.52857659653889233,0.0,9.8064999999999998
1.3100000000000009,-0.52469615804712411,0.0,9.8064999999999998
1.320000000000001,-0.52079573476383501,0.0,9.8064999999999998
1.330000000000001,-0.51687552225397748,0.0,9.8064999999999998
1.340000000000001,-0.51293571608250321,0.0,9.8064999999999998
1.350000000000001,-0.50897651181436443,0.0,9.8064999999999998
1.360000000000001,-0.50499810501451314,0.0,9.8064999999999998
1.370000000000001,-0.50100069124790159,0.0,9.8064999999999998
1.380000000000001,-0.4969844660794816,0.0,9.8064999999999998
1.390000000000001,-0.49294962507420548,0.0,9.8064999999999998
1.400000000000001,-0.48889636379702506,0.0,9.8064999999999998
1.410000000000001,-0.48482487781289241,0.0,9.8064999999999998
1.420000000000001,-0.48073536268675987,0.0,9.8064999999999998
1.430000000000001,-0.47662801398357918,0.0,9.8064999999999998
1.4400000000000011,-0.47250302726830273,0.0,9.8064999999999998
1.4500000000000011,-0.46836059810588238,0.0,9.8064999999999998
1.4600000000000011,-0.46420092206127034,0.0,9.8064999999999998
1.4700000000000011,-0.46002419469941846,0.0,9.8064999999999998
1.4800000000000011,-0.45583061158527899,0.0,9.8064999999999998
1.4900000000000011,-0.45162036828380392,0.0,9.8064999999999998
1.5000000000000011,-0.44739366035994538,0.0,9.8064999999999998
1.5100000000000011,-0.44315068337865549,0.0,9.8064999999999998
1.5200000000000011,-0.43889163290488614,0.0,9.8064999999999998
1.5300000000000011,-0.43461670450358947,0.0,9.8064999999999998
1.5400000000000011,-0.43032609373971759,0.0,9.8064999999999998
1.5500000000000012,-0.42601999617822262,0.0,9.8064999999999998
1.5600000000000012,-0.42169860738405646,0.0,9.8064999999999998
1.5700000000000012,-0.4173621229221714,0.0,9.8064999999999998
1.5800000000000012,-0.41301073835751934,0.0,9.8064999999999998
1.5900000000000012,-0.40864464925505234,0.0,9.8064999999999998
1.6000000000000012,-0.40426405117972253,0.0,9.8064999999999998
1.6100000000000012,-0.39986913969648202,0.0,9.8064999999999998
1.6200000000000012,-0.39546011037028289,0.0,9.8064999999999998
1.6300000000000012,-0.39103715876607714,0.0,9.8064999999999998
1.6400000000000012,-0.38660048044881684,0.0,9.8064999999999998
1.6500000000000012,-0.38215027098345405,0.0,9.8064999999999998
1.6600000000000013,-0.37768672593494085,0.0,9.8064999999999998
1.6700000000000013,-0.37321004086822929,0.0,9.8064999999999998
1.6800000000000013,-0.36872041134827155,0.0,9.8064999999999998
1.6900000000000013,-0.36421803294001953,0.0,9.8064999999999998
1.7000000000000013,-0.35970310120842541,0.0,9.8064999999999998
1.7100000000000013,-0.35517581171844131,0.0,9.8064999999999998
1.7200000000000013,-0.35063636003501919,0.0,9.8064999999999998
1.7300000000000013,-0.34608494172311116,0.0,9.8064999999999998
1.7400000000000013,-0.34152175234766924,0.0,9.8064999999999998
1.7500000000000013,-0.3369469874736456,0.0,9.8064999999999998
1.7600000000000013,-0.3323608426659922,0.0,9.8064999999999998
1.7700000000000014,-0.32776351348966121,0.0,9.8064999999999998
1.7800000000000014,-0.32315519550960464,0.0,9.8064999999999998
1.7900000000000014,-0.31853608429077451,0.0,9.8064999999999998
1.8000000000000014,-0.31390637539812305,0.0,9.8064999999999998
1.8100000000000014,-0.3092662643966021,0.0,9.8064999999999998
1.8200000000000014,-0.30461594685116394,0.0,9.8064999999999998
1.8300000000000014,-0.2999556183267606,0.0,9.8064999999999998
1.8400000000000014,-0.29528547438834402,0.0,9.8064999999999998
1.8500000000000014,-0.29060571060086632,0.0,9.8064999999999998
1.8600000000000014,-0.28591652252927968,0.0,9.8064999999999998
1.8700000000000014,-0.28121810573853606,0.0,9.8064999999999998
1.8800000000000014,-0.27651065579358758,0.0,9.8064999999999998
1.8900000000000015,-0.27179436825938624,0.0,9.8064999999999998
1.9000000000000015,-0.26706943870088423,0.0,9.8064999999999998
1.9100000000000015,-0.2623360626830335,0.0,9.8064999999999998
1.9200000000000015,-0.25759443577078617,0.0,9.8064999999999998
1.9300000000000015,-0.2528447535290943,0.0,9.8064999999999998
1.9400000000000015,-0.24808721152291005,0.0,9.8064999999999998
1.9500000000000015,-0.24332200531718523,0.0,9.8064999999999998
1.9600000000000015,-0.23854933047687232,0.0,9.8064999999999998
1.9700000000000015,-0.23376938256692292,0.0,9.8064999999999998
1.9800000000000015,-0.22898235715228948,0.0,9.8064999999999998
1.9900000000000015,-0.22418844979792379,0.0,9.8064999999999998
2.0000000000000013,-0.2193878560687782,0.0,9.8064999999999998
2.0100000000000011,-0.21458077152980473,0.0,9.8064999999999998
2.0200000000000009,-0.20976739174595521,0.0,9.8064999999999998
2.0300000000000007,-0.2049479122821819,0.0,9.8064999999999998
2.0400000000000005,-0.2001225287034368,0.0,9.8064999999999998
2.0500000000000003,-0.19529143657467196,0.0,9.8064999999999998
2.0600000000000001,-0.19045483146083958,0.0,9.8064999999999998
2.0699999999999998,-0.18561290892689158,0.0,9.8064999999999998
2.0799999999999996,-0.18076586453778007,0.0,9.8064999999999998
2.0899999999999994,-0.17591389385845713,0.0,9.8064999999999998
2.0999999999999992,-0.1710571924538748,0.0,9.8064999999999998
2.109999999999999,-0.16619595588898523,0.0,9.8064999999999998
2.1199999999999988,-0.16133037972874043,0.0,9.8064999999999998
2.1299999999999986,-0.15646065953809243,0.0,9.8064999999999998
2.1399999999999983,-0.15158699088199337,0.0,9.8064999999999998
2.1499999999999981,-0.14670956932539533,0.0,9.8064999999999998
2.1599999999999979,-0.1418285904332503,0.0,9.8064999999999998
2.1699999999999977,-0.13694424977051037,0.0,9.8064999999999998
2.1799999999999975,-0.13205674290212766,0.0,9.8064999999999998
2.1899999999999973,-0.12716626539305417,0.0,9.8064999999999998
2.1999999999999971,-0.12227301280824202,0.0,9.8064999999999998
2.2099999999999969,-0.1173771807126433,0.0,9.8064999999999998
2.2199999999999966,-0.11247896467121002,0.0,9.8064999999999998
2.2299999999999964,-0.10757856024889433,0.0,9.8064999999999998
2.2399999999999962,-0.10267616301064816,0.0,9.8064999999999998
2.249999999999996,-0.097771968521423697,0.0,9.8064999999999998
2.2599999999999958,-0.092866172346172976,0.0,9.8064999999999998
2.2699999999999956,-0.087958970049848109,0.0,9.8064999999999998
2.2799999999999954,-0.083050557197401037,0.0,9.8064999999999998
2.2899999999999952,-0.078141129353783964,0.0,9.8064999999999998
2.2999999999999949,-0.073230882083948859,0.0,9.8064999999999998
2.3099999999999947,-0.06832001095284794,0.0,9.8064999999999998
2.3199999999999945,-0.063408711525433065,0.0,9.8064999999999998
2.3299999999999943,-0.058497179366656486,0.0,9.8064999999999998
2.3399999999999941,-0.053585610041470201,0.0,9.8064999999999998
2.3499999999999939,-0.048674199114826192,0.0,9.8064999999999998
2.3599999999999937,-0.043763142151676711,0.0,9.8064999999999998
2.3699999999999934,-0.03885263471697363,0.0,9.8064999999999998
2.3799999999999932,-0.033942872375669203,0.0,9.8064999999999998
2.389999999999993,-0.029034050692715384,0.0,9.8064999999999998
2.3999999999999928,-0.024126365233064263,0.0,9.8064999999999998
2.4099999999999926,-0.019220011561667961,0.0,9.8064999999999998
2.4199999999999924,-0.01431518524347844,0.0,9.8064999999999998
2.4299999999999922,-0.0094120818434478906,0.0,9.8064999999999998
2.439999999999992,-0.0045108969265283119,0.0,9.8064999999999998
2.4499999999999917,0.00038817394232826545,0.0,9.8064999999999998
2.4599999999999915,0.0052849351981696709,0.0,9.8064999999999998
2.4699999999999913,0.010179201100713582,0.0,9.8064999999999998
2.4799999999999911,0.01507082520835654,0.0,9.8064999999999998
2.4899999999999909,0.019959670904164555,0.0,9.8064999999999998
2.4999999999999907,0.024845601571203989,0.0,9.8064999999999998
2.5099999999999905,0.029728480592540806,0.0,9.8064999999999998
2.5199999999999902,0.034608171351241272,0.0,9.8064999999999998
2.52999999999999,0.039484537230371528,0.0,9.8064999999999998
2.5399999999999898,0.044357441612997803,0.0,9.8064999999999998
2.5499999999999896,0.049226747882186152,0.0,9.8064999999999998
2.5599999999999894,0.05409231942100283,0.0,9.8064999999999998
2.5699999999999892,0.058954019612514001,0.0,9.8064999999999998
2.579999999999989,0.063811711839785762,0.0,9.8064999999999998
2.5899999999999888,0.068665259485884339,0.0,9.8064999999999998
2.5999999999999885,0.073514525933875821,0.0,9.8064999999999998
2.6099999999999883,0.078359374566826512,0.0,9.8064999999999998
2.6199999999999881,0.083199668767802409,0.0,9.8064999999999998
2.6299999999999879,0.088035271919869859,0.0,9.8064999999999998
2.6399999999999877,0.092866047406094845,0.0,9.8064999999999998
2.6499999999999875,0.097691858609543672,0.0,9.8064999999999998
2.6599999999999873,0.10251256891328249,0.0,9.8064999999999998
2.6699999999999871,0.10732804170037734,0.0,9.8064999999999998
2.6799999999999868,0.11213814035389449,0.0,9.8064999999999998
2.6899999999999866,0.11694272825690011,0.0,9.8064999999999998
2.6999999999999864,0.12174166879246039,0.0,9.8064999999999998
2.7099999999999862,0.12653482534364141,0.0,9.8064999999999998
2.719999999999986,0.13132206129350935,0.0,9.8064999999999998
2.7299999999999858,0.13610324002513041,0.0,9.8064999999999998
2.7399999999999856,0.14087822492157076,0.0,9.8064999999999998
2.7499999999999853,0.14564687936589651,0.0,9.8064999999999998
2.7599999999999851,0.15040906674117391,0.0,9.8064999999999998
2.7699999999999849,0.15516465043046909,0.0,9.8064999999999998
2.7799999999999847,0.15991349381684822,0.0,9.8064999999999998
2.7899999999999845,0.16465546028337741,0.0,9.8064999999999998
2.7999999999999843,0.16939041321312284,0.0,9.8064999999999998
2.8099999999999841,0.17411821598915075,0.0,9.8064999999999998
2.8199999999999839,0.17883873199452727,0.0,9.8064999999999998
2.8299999999999836,0.18355182461231859,0.0,9.8064999999999998
2.8399999999999834,0.18825735722559067,0.0,9.8064999999999998
2.8499999999999832,0.19295519321741003,0.0,9.8064999999999998
2.859999999999983,0.1976451959708426,0.0,9.8064999999999998
2.8699999999999828,0.20232722886895455,0.0,9.8064999999999998
2.8799999999999826,0.20700115529481217,0.0,9.8064999999999998
2.8899999999999824,0.21166683863148147,0.0,9.8064999999999998
2.8999999999999821,0.21632414226202876,0.0,9.8064999999999998
2.9099999999999819,0.22097292956952014,0.0,9.8064999999999998
2.9199999999999817,0.22561306393702171,0.0,9.8064999999999998
2.9299999999999815,0.23024440874759966,0.0,9.8064999999999998
2.9399999999999813,0.2348668273843203,0.0,9.8064999999999998
2.9499999999999811,0.23948018323024964,0.0,9.8064999999999998
2.9599999999999809,0.24408433966845386,0.0,9.8064999999999998
2.9699999999999807,0.24867916008199925,0.0,9.8064999999999998
2.9799999999999804,0.25326450785395177,0.0,9.8064999999999998
2.9899999999999802,0.25784024636737779,0.0,9.8064999999999998
2.99999999999998,0.26240623900534338,0.0,9.8064999999999998
3.0099999999999798,0.26696234915091466,0.0,9.8064999999999998
3.0199999999999796,0.27150844018715797,0.0,9.8064999999999998
3.0299999999999794,0.27604437549713917,0.0,9.8064999999999998
3.0399999999999792,0.28057001846392471,0.0,9.8064999999999998
3.049999999999979,0.28508523247058065,0.0,9.8064999999999998
3.0599999999999787,0.28958988090017318,0.0,9.8064999999999998
3.0699999999999785,0.29408382713576842,0.0,9.8064999999999998
3.0799999999999783,0.29856693456043254,0.0,9.8064999999999998
3.0899999999999781,0.30303906655723178,0.0,9.8064999999999998
3.0999999999999779,0.30750008650923222,0.0,9.8064999999999998
3.1099999999999777,0.31194985779949996,0.0,9.8064999999999998
3.1199999999999775,0.31638824381110131,0.0,9.8064999999999998
3.1299999999999772,0.32081510792710255,0.0,9.8064999999999998
3.139999999999977,0.32523031353056947,0.0,9.8064999999999998
3.1499999999999768,0.32963372400456858,0.0,9.8064999999999998
3.1599999999999766,0.33402520273216585,0.0,9.8064999999999998
3.1699999999999764,0.3384046130964275,0.0,9.8064999999999998
3.1799999999999762,0.34277181848041977,0.0,9.8064999999999998
3.189999999999976,0.34712668226720866,0.0,9.8064999999999998
3.1999999999999758,0.35146906783986043,0.0,9.8064999999999998
3.2099999999999755,0.35579883858144129,0.0,9.8064999999999998
3.2199999999999753,0.36011585787501743,0.0,9.8064999999999998
3.2299999999999751,0.36441998910365486,0.0,9.8064999999999998
3.2399999999999749,0.36871109565041993,0.0,9.8064999999999998
3.2499999999999747,0.37298904089837864,0.0,9.8064999999999998
3.2599999999999745,0.37725368823059729,0.0,9.8064999999999998
3.2699999999999743,0.38150490103014179,0.0,9.8064999999999998
3.279999999999974,0.38574254268007868,0.0,9.8064999999999998
3.2899999999999738,0.38996647656347394,0.0,9.8064999999999998
3.2999999999999736,0.39417656606339369,0.0,9.8064999999999998
3.3099999999999734,0.39837267456290415,0.0,9.8064999999999998
3.3199999999999732,0.4025546654450714,0.0,9.8064999999999998
3.329999999999973,0.40672240209296179,0.0,9.8064999999999998
3.3399999999999728,0.41087574788964132,0.0,9.8064999999999998
3.3499999999999726,0.41501456621817623,0.0,9.8064999999999998
3.3599999999999723,0.41913872046163281,0.0,9.8064999999999998
3.3699999999999721,0.4232480740030769,0.0,9.8064999999999998
3.3799999999999719,0.42734249022557491,0.0,9.8064999999999998
3.3899999999999717,0.4314218325121929,0.0,9.8064999999999998
3.3999999999999715,0.43548596424599717,0.0,9.8064999999999998
3.4099999999999713,0.43953474881005372,0.0,9.8064999999999998
3.4199999999999711,0.44356804958742885,0.0,9.8064999999999998
3.4299999999999708,0.44758572996118862,0.0,9.8064999999999998
3.4399999999999706,0.45158765331439926,0.0,9.8064999999999998
3.4499999999999704,0.45557368303012691,0.0,9.8064999999999998
3.4599999999999702,0.45954368249143773,0.0,9.8064999999999998
3.46999999999997,0.46349751508139797,0.0,9.8064999999999998
3.4799999999999698,0.46743504418307369,0.0,9.8064999999999998
3.4899999999999696,0.47135613317953112,0.0,9.8064999999999998
3.4999999999999694,0.47526064545383628,0.0,9.8064999999999998
3.5099999999999691,0.47914844438905552,0.0,9.8064999999999998
3.5199999999999689,0.48301939336825495,0.0,9.8064999999999998
3.5299999999999687,0.48687335577450069,0.0,9.8064999999999998
3.5399999999999685,0.49071019499085894,0.0,9.8064999999999998
3.5499999999999683,0.49452977440039597,0.0,9.8064999999999998
3.5599999999999681,0.49833195738617769,0.0,9.8064999999999998
3.5699999999999679,0.5021166073312705,0.0,9.8064999999999998
3.5799999999999677,0.50588358761874042,0.0,9.8064999999999998
3.5899999999999674,0.50963276163165383,0.0,9.8064999999999998
3.5999999999999672,0.51336399275307654,0.0,9.8064999999999998
3.609999999999967,0.51707714436607499,0.0,9.8064999999999998
3.6199999999999668,0.52077207985371521,0.0,9.8064999999999998
3.6299999999999666,0.52444866259906353,0.0,9.8064999999999998
3.6399999999999664,0.52810675598518586,0.0,9.8064999999999998
3.6499999999999662,0.53174622339514876,0.0,9.8064999999999998
3.6599999999999659,0.53536692821201792,0.0,9.8064999999999998
3.6699999999999657,0.53896873381885979,0.0,9.8064999999999998
3.6799999999999655,0.5425515035987406,0.0,9.8064999999999998
3.6899999999999653,0.54611510093472626,0.0,9.8064999999999998
3.6999999999999651,0.54965938920988311,0.0,9.8064999999999998
3.7099999999999649,0.55318423180727738,0.0,9.8064999999999998
3.7199999999999647,0.55668949210997498,0.0,9.8064999999999998
3.7299999999999645,0.56017503350104236,0.0,9.8064999999999998
3.7399999999999642,0.56364071936354543,0.0,9.8064999999999998
3.749999999999964,0.56708641308055052,0.0,9.8064999999999998
3.7599999999999638,0.57051197803512388,0.0,9.8064999999999998
3.7699999999999636,0.5739172776103314,0.0,9.8064999999999998
3.7799999999999634,0.57730217518923943,0.0,9.8064999999999998
3.7899999999999632,0.58066653415491409,0.0,9.8064999999999998
3.799999999999963,0.58401021789042162,0.0,9.8064999999999998
3.8099999999999627,0.58733308977882803,0.0,9.8064999999999998
3.8199999999999625,0.59063501320319967,0.0,9.8064999999999998
3.8299999999999623,0.59391585154660254,0.0,9.8064999999999998
3.8399999999999621,0.59717546819210299,0.0,9.8064999999999998
3.8499999999999619,0.60041372652276692,0.0,9.8064999999999998
3.8599999999999617,0.6036304899216608,0.0,9.8064999999999998
3.8699999999999615,0.60682562177185062,0.0,9.8064999999999998
3.8799999999999613,0.60999898545640241,0.0,9.8064999999999998
3.889999999999961,0.61315044435838251,0.0,9.8064999999999998
3.8999999999999608,0.61627986186085726,0.0,9.8064999999999998
3.9099999999999606,0.61938710134689257,0.0,9.8064999999999998
3.9199999999999604,0.62247202619955455,0.0,9.8064999999999998
3.9299999999999602,0.62553449980190967,0.0,9.8064999999999998
3.93999999999996,0.62857438553702383,0.0,9.8064999999999998
3.9499999999999598,0.63159154678796303,0.0,9.8064999999999998
3.9599999999999596,0.63458584693779418,0.0,9.8064999999999998
3.9699999999999593,0.6375571493695823,0.0,9.8064999999999998
3.9799999999999591,0.64050531746639472,0.0,9.8064999999999998
3.9899999999999589,0.64343021461129701,0.0,9.8064999999999998
3.9999999999999587,0.6463317041873553,0.0,9.8064999999999998
4.0099999999999589,0.64920964957763616,0.0,9.8064999999999998
4.0199999999999587,0.65206391416520526,0.0,9.8064999999999998
4.0299999999999585,0.65489436133312895,0.0,9.8064999999999998
4.0399999999999583,0.65770085446447346,0.0,9.8064999999999998
4.0499999999999581,0.66048325694230481,0.0,9.8064999999999998
4.0599999999999579,0.66324143214968945,0.0,9.8064999999999998
4.0699999999999577,0.66597524346969306,0.0,9.8064999999999998
4.0799999999999574,0.66868455428538243,0.0,9.8064999999999998
4.0899999999999572,0.67136922797982312,0.0,9.8064999999999998
4.099999999999957,0.67402912793608183,0.0,9.8064999999999998
4.1099999999999568,0.67666411753722444,0.0,9.8064999999999998
4.1199999999999566,0.67927406016631675,0.0,9.8064999999999998
4.1299999999999564,0.68185881920642588,0.0,9.8064999999999998
4.1399999999999562,0.68441825804061707,0.0,9.8064999999999998
4.1499999999999559,0.68695224005195699,0.0,9.8064999999999998
4.1599999999999557,0.68946062862351165,0.0,9.8064999999999998
4.1699999999999555,0.69194328713834719,0.0,9.8064999999999998
4.1799999999999553,0.69440007897953004,0.0,9.8064999999999998
4.1899999999999551,0.6968308675301258,0.0,9.8064999999999998
4.1999999999999549,0.69923551617320134,0.0,9.8064999999999998
4.2099999999999547,0.70161388829182225,0.0,9.8064999999999998
4.2199999999999545,0.70396584726905487,0.0,9.8064999999999998
4.2299999999999542,0.70629125648796565,0.0,9.8064999999999998
4.239999999999954,0.70858997933162027,0.0,9.8064999999999998
4.2499999999999538,0.71086187918308519,0.0,9.8064999999999998
4.2599999999999536,0.71310681942542664,0.0,9.8064999999999998
4.2699999999999534,0.71532466344171053,0.0,9.8064999999999998
4.2799999999999532,0.7175152746150032,0.0,9.8064999999999998
4.289999999999953,0.71967851632837077,0.0,9.8064999999999998
4.2999999999999527,0.72181425196487947,0.0,9.8064999999999998
4.3099999999999525,0.72392234490759533,0.0,9.8064999999999998
4.3199999999999523,0.72600265853958468,0.0,9.8064999999999998
4.3299999999999521,0.72805505624391376,0.0,9.8064999999999998
4.3399999999999519,0.73007940140364824,0.0,9.8064999999999998
4.3499999999999517,0.73207555740185493,0.0,9.8064999999999998
4.3599999999999515,0.73404338762159937,0.0,9.8064999999999998
4.3699999999999513,0.73598275544594827,0.0,9.8064999999999998
4.379999999999951,0.7378935242579675,0.0,9.8064999999999998
4.3899999999999508,0.73977555744072332,0.0,9.8064999999999998
4.3999999999999506,0.74162871837728173,0.0,9.8064999999999998
4.4099999999999504,0.74345287045070929,0.0,9.8064999999999998
4.4199999999999502,0.74524787704407169,0.0,9.8064999999999998
4.42999999999995,0.7470136015404355,0.0,9.8064999999999998
4.4399999999999498,0.7487499073228665,0.0,9.8064999999999998
4.4499999999999496,0.75045665777443127,0.0,9.8064999999999998
4.4599999999999493,0.75213371627819559,0.0,9.8064999999999998
4.4699999999999491,0.75378094621722591,0.0,9.8064999999999998
4.4799999999999489,0.75539821097458815,0.0,9.8064999999999998
4.4899999999999487,0.75698537393334864,0.0,9.8064999999999998
4.4999999999999485,0.75854229847657362,0.0,9.8064999999999998
4.5099999999999483,0.7600688479873291,0.0,9.8064999999999998
4.5199999999999481,0.76156488584868121,0.0,9.8064999999999998
4.5299999999999478,0.7630302754436965,0.0,9.8064999999999998
4.5399999999999476,0.76446488015544056,0.0,9.8064999999999998
4.5499999999999474,0.76586856336697973,0.0,9.8064999999999998
4.5599999999999472,0.76724118846138056,0.0,9.8064999999999998
4.569999999999947,0.76858261882170864,0.0,9.8064999999999998
4.5799999999999468,0.76989271783103064,0.0,9.8064999999999998
4.5899999999999466,0.77117134887241245,0.0,9.8064999999999998
4.5999999999999464,0.77241837532892033,0.0,9.8064999999999998
4.6099999999999461,0.77363366058362038,0.0,9.8064999999999998
4.6199999999999459,0.77481706801957884,0.0,9.8064999999999998
4.6299999999999457,0.77596846101986183,0.0,9.8064999999999998
4.6399999999999455,0.77708770296753549,0.0,9.8064999999999998
4.6499999999999453,0.77817465724566581,0.0,9.8064999999999998
4.6599999999999451,0.77922918723731938,0.0,9.8064999999999998
4.6699999999999449,0.78025115632556208,0.0,9.8064999999999998
4.6799999999999446,0.78124042789346027,0.0,9.8064999999999998
4.6899999999999444,0.78219686532407995,0.0,9.8064999999999998
4.6999999999999442,0.78312033200048736,0.0,9.8064999999999998
4.709999999999944,0.78401069130574841,0.0,9.8064999999999998
4.7199999999999438,0.78486780662292965,0.0,9.8064999999999998
4.7299999999999436,0.785691541335097,0.0,9.8064999999999998
4.7399999999999434,0.78648175882531679,0.0,9.8064999999999998
4.7499999999999432,0.78723832247665504,0.0,9.8064999999999998
4.7599999999999429,0.78796109567217776,0.0,9.8064999999999998
4.7699999999999427,0.78864994179495174,0.0,9.8064999999999998
4.7799999999999425,0.78930472422804265,0.0,9.8064999999999998
4.7899999999999423,0.78992530635451652,0.0,9.8064999999999998
4.7999999999999421,0.7905115515574398,0.0,9.8064999999999998
4.8099999999999419,0.7910633232198786,0.0,9.8064999999999998
4.8199999999999417,0.79158048472489906,0.0,9.8064999999999998
4.8299999999999415,0.7920628994555674,0.0,9.8064999999999998
4.8399999999999412,0.79251043079494987,0.0,9.8064999999999998
4.849999999999941,0.79292294212611236,0.0,9.8064999999999998
4.8599999999999408,0.79330029683212122,0.0,9.8064999999999998
4.8699999999999406,0.79364235829604268,0.0,9.8064999999999998
4.8799999999999404,0.79394898990094265,0.0,9.8064999999999998
4.8899999999999402,0.79422005502988746,0.0,9.8064999999999998
4.89999999999994,0.79445541706594336,0.0,9.8064999999999998
4.9099999999999397,0.79465493939217646,0.0,9.8064999999999998
4.9199999999999395,0.79481848539165278,0.0,9.8064999999999998
4.9299999999999393,0.79494591844743867,0.0,9.8064999999999998
4.9399999999999391,0.79503710194260013,0.0,9.8064999999999998
4.9499999999999389,0.79509189926020341,0.0,9.8064999999999998
4.9599999999999387,0.79511017378331483,0.0,9.8064999999999998
4.9699999999999385,0.7950918344361948,0.0,9.8064999999999998
4.9799999999999383,0.79503697230788117,0.0,9.8064999999999998
4.989999999999938,0.79494572402860697,0.0,9.8064999999999998
4.9999999999999378,0.79481822622860454,0.0,9.8064999999999998
5.0099999999999376,0.79465461553810635,0.0,9.8064999999999998
5.0199999999999374,0.79445502858734507,0.0,9.8064999999999998
5.0299999999999372,0.79421960200655306,0.0,9.8064999999999998
5.039999999999937,0.79394847242596289,0.0,9.8064999999999998
5.0499999999999368,0.79364177647580725,0.0,9.8064999999999998
5.0599999999999365,0.79329965078631837,0.0,9.8064999999999998
5.0699999999999363,0.79292223198772904,0.0,9.8064999999999998
5.0799999999999361,0.79250965671027163,0.0,9.8064999999999998
5.0899999999999359,0.79206206158417902,0.0,9.8064999999999998
5.0999999999999357,0.79157958323968325,0.0,9.8064999999999998
5.1099999999999355,0.79106235830701721,0.0,9.8064999999999998
5.1199999999999353,0.79051052341641326,0.0,9.8064999999999998
5.1299999999999351,0.78992421519810396,0.0,9.8064999999999998
5.1399999999999348,0.7893035702823219,0.0,9.8064999999999998
5.1499999999999346,0.78864872529929964,0.0,9.8064999999999998
5.1599999999999344,0.78795981687926964,0.0,9.8064999999999998
5.1699999999999342,0.78723698165246425,0.0,9.8064999999999998
5.179999999999934,0.78648035624911627,0.0,9.8064999999999998
5.1899999999999338,0.78569007729945817,0.0,9.8064999999999998
5.1999999999999336,0.7848662814337225,0.0,9.8064999999999998
5.2099999999999334,0.78400910528214174,0.0,9.8064999999999998
5.2199999999999331,0.78311868547494845,0.0,9.8064999999999998
5.2299999999999329,0.7821951586423751,0.0,9.8064999999999998
5.2399999999999327,0.78123866141465437,0.0,9.8064999999999998
5.2499999999999325,0.78024933042201861,0.0,9.8064999999999998
5.2599999999999323,0.7792273022947005,0.0,9.8064999999999998
5.2699999999999321,0.77817271366293239,0.0,9.8064999999999998
5.2799999999999319,0.77708570115694697,0.0,9.8064999999999998
5.2899999999999316,0.77596640140697681,0.0,9.8064999999999998
5.2999999999999314,0.77481495104325426,0.0,9.8064999999999998
5.3099999999999312,0.77363148669601201,0.0,9.8064999999999998
5.319999999999931,0.77241614499548261,0.0,9.8064999999999998
5.3299999999999308,0.77116906257189843,0.0,9.8064999999999998
5.3399999999999306,0.76989037605549204,0.0,9.8064999999999998
5.3499999999999304,0.76858022207649634,0.0,9.8064999999999998
5.3599999999999302,0.76723873726514336,0.0,9.8064999999999998
5.3699999999999299,0.76586605825166565,0.0,9.8064999999999998
5.3799999999999297,0.76446232166629602,0.0,9.8064999999999998
5.3899999999999295,0.76302766413926681,0.0,9.8064999999999998
5.3999999999999293,0.76156222230081083,0.0,9.8064999999999998
5.4099999999999291,0.76006613278116042,0.0,9.8064999999999998
5.4199999999999289,0.75853953221054793,0.0,9.8064999999999998
5.4299999999999287,0.75698255721920615,0.0,9.8064999999999998
5.4399999999999284,0.75539534443736756,0.0,9.8064999999999998
5.4499999999999282,0.75377803049526471,0.0,9.8064999999999998
5.459999999999928,0.75213075202313007,0.0,9.8064999999999998
5.4699999999999278,0.7504536456511961,0.0,9.8064999999999998
5.4799999999999276,0.74874684800969549,0.0,9.8064999999999998
5.4899999999999274,0.74701049572886069,0.0,9.8064999999999998
5.4999999999999272,0.74524472543892439,0.0,9.8064999999999998
5.509999999999927,0.74344967377011884,0.0,9.8064999999999998
5.5199999999999267,0.7416254773526767,0.0,9.8064999999999998
5.5299999999999265,0.73977227281683045,0.0,9.8064999999999998
5.5399999999999263,0.73789019679281276,0.0,9.8064999999999998
5.5499999999999261,0.73597938591085621,0.0,9.8064999999999998
5.5599999999999259,0.73403997680119315,0.0,9.8064999999999998
5.5699999999999257,0.73207210609405604,0.0,9.8064999999999998
5.5799999999999255,0.73007591041967757,0.0,9.8064999999999998
5.5899999999999253,0.72805152640829041,0.0,9.8064999999999998
5.599999999999925,0.7259990906901268,0.0,9.8064999999999998
5.6099999999999248,0.72391873989541944,0.0,9.8064999999999998
5.6199999999999246,0.72181061065440077,0.0,9.8064999999999998
5.6299999999999244,0.71967483959730338,0.0,9.8064999999999998
5.6399999999999242,0.71751156335435984,0.0,9.8064999999999998
5.649999999999924,0.71532091855580271,0.0,9.8064999999999998
5.6599999999999238,0.71310304183186435,0.0,9.8064999999999998
5.6699999999999235,0.71085806981277755,0.0,9.8064999999999998
5.6799999999999233,0.70858613912877433,0.0,9.8064999999999998
5.6899999999999231,0.70628738641008793,0.0,9.8064999999999998
5.6999999999999229,0.70396194828695047,0.0,9.8064999999999998
5.7099999999999227,0.70160996138959442,0.0,9.8064999999999998
5.7199999999999225,0.69923156234825268,0.0,9.8064999999999998
5.7299999999999223,0.69682688779315716,0.0,9.8064999999999998
5.7399999999999221,0.69439607435454098,0.0,9.8064999999999998
5.7499999999999218,0.69193925866263639,0.0,9.8064999999999998
5.7599999999999216,0.68945657734767618,0.0,9.8064999999999998
5.7699999999999214,0.68694816703989259,0.0,9.8064999999999998
5.7799999999999212,0.68441416436951819,0.0,9.8064999999999998
5.789999999999921,0.68185470596678577,0.0,9.8064999999999998
5.7999999999999208,0.67926992846192735,0.0,9.8064999999999998
5.8099999999999206,0.67665996848517607,0.0,9.8064999999999998
5.8199999999999203,0.67402496266676404,0.0,9.8064999999999998
5.8299999999999201,0.67136504763692384,0.0,9.8064999999999998
5.8399999999999199,0.66868036002588827,0.0,9.8064999999999998
5.8499999999999197,0.66597103646388955,0.0,9.8064999999999998
5.8599999999999195,0.6632372135811605,0.0,9.8064999999999998
5.8699999999999193,0.66047902800793346,0.0,9.8064999999999998
5.8799999999999191,0.65769661637444099,0.0,9.8064999999999998
5.8899999999999189,0.65489011531091557,0.0,9.8064999999999998
5.8999999999999186,0.65205966144758987,0.0,9.8064999999999998
5.9099999999999184,0.64920539141469624,0.0,9.8064999999999998
5.9199999999999182,0.64632744184246738,0.0,9.8064999999999998
5.929999999999918,0.64342594936113573,0.0,9.8064999999999998
5.9399999999999178,0.64050105060093387,0.0,9.8064999999999998
5.9499999999999176,0.63755288219209438,0.0,9.8064999999999998
5.9599999999999174,0.63458158076484972,0.0,9.8064999999999998
5.9699999999999172,0.63158728294943245,0.0,9.8064999999999998
5.9799999999999169,0.62857012537607493,0.0,9.8064999999999998
5.9899999999999167,0.62553024467500995,0.0,9.8064999999999998
5.9999999999999165,0.62246777747646986,0.0,9.8064999999999998
6.0099999999999163,0.61938286041068735,0.0,9.8064999999999998
6.0199999999999161,0.61627563010789488,0.0,9.8064999999999998
6.0299999999999159,0.6131462231983249,0.0,9.8064999999999998
6.0399999999999157,0.60999477631221,0.0,9.8064999999999998
6.0499999999999154,0.60682142607978273,0.0,9.8064999999999998
6.0599999999999152,0.60362630913127568,0.0,9.8064999999999998
6.069999999999915,0.60040956209692131,0.0,9.8064999999999998
6.0799999999999148,0.59717132160695208,0.0,9.8064999999999998
6.0899999999999146,0.59391172429160077,0.0,9.8064999999999998
6.0999999999999144,0.59063090678109964,0.0,9.8064999999999998
6.1099999999999142,0.58732900570568136,0.0,9.8064999999999998
6.119999999999914,0.5840061576955784,0.0,9.8064999999999998
6.1299999999999137,0.58066249938102332,0.0,9.8064999999999998
6.1399999999999135,0.57729816739224871,0.0,9.8064999999999998
6.1499999999999133,0.57391329835948712,0.0,9.8064999999999998
6.1599999999999131,0.5705080289129707,0.0,9.8064999999999998
6.1699999999999129,0.56708249568293256,0.0,9.8064999999999998
6.1799999999999127,0.56363683529960484,0.0,9.8064999999999998
6.1899999999999125,0.56017118439322033,0.0,9.8064999999999998
6.1999999999999122,0.55668567959401138,0.0,9.8064999999999998
6.209999999999912,0.55318045753221057,0.0,9.8064999999999998
6.2199999999999118,0.54965565483805034,0.0,9.8064999999999998
6.2299999999999116,0.5461114081417634,0.0,9.8064999999999998
6.2399999999999114,0.54254785407358208,0.0,9.8064999999999998
6.2499999999999112,0.5389651292637393,0.0,9.8064999999999998
6.259999999999911,0.53536337034246706,0.0,9.8064999999999998
6.2699999999999108,0.53174271393999817,0.0,9.8064999999999998
6.2799999999999105,0.5281032966865653,0.0,9.8064999999999998
6.2899999999999103,0.52444525521240071,0.0,9.8064999999999998
6.2999999999999101,0.52076872614773717,0.0,9.8064999999999998
6.3099999999999099,0.51707384612280682,0.0,9.8064999999999998
6.3199999999999097,0.51336075176784279,0.0,9.8064999999999998
6.3299999999999095,0.5096295797130771,0.0,9.8064999999999998
6.3399999999999093,0.50588046658874253,0.0,9.8064999999999998
6.3499999999999091,0.50211354902507144,0.0,9.8064999999999998
6.3599999999999088,0.49832896365229667,0.0,9.8064999999999998
6.3699999999999086,0.49452684710065037,0.0,9.8064999999999998
6.3799999999999084,0.49070733600036542,0.0,9.8064999999999998
6.3899999999999082,0.48687056698167402,0.0,9.8064999999999998
6.399999999999908,0.48301667667480896,0.0,9.8064999999999998
6.4099999999999078,0.47914580171000271,0.0,9.8064999999999998
6.4199999999999076,0.47525807871748771,0.0,9.8064999999999998
6.4299999999999073,0.47135364432749666,0.0,9.8064999999999998
6.4399999999999071,0.46743263517026185,0.0,9.8064999999999998
6.4499999999999069,0.46349518787601601,0.0,9.8064999999999998
6.4599999999999067,0.45954143907499168,0.0,9.8064999999999998
6.4699999999999065,0.45557152539742118,0.0,9.8064999999999998
6.4799999999999063,0.45158558347353744,0.0,9.8064999999999998
6.4899999999999061,0.44758374993357253,0.0,9.8064999999999998
6.4999999999999059,0.44356616140775917,0.0,9.8064999999999998
6.5099999999999056,0.43953295452633007,0.0,9.8064999999999998
6.5199999999999054,0.43548426591951744,0.0,9.8064999999999998
6.5299999999999052,0.43142023221755416,0.0,9.8064999999999998
6.539999999999905,0.42734099005067244,0.0,9.8064999999999998
6.5499999999999048,0.42324667604910499,0.0,9.8064999999999998
6.5599999999999046,0.41913742684308436,0.0,9.8064999999999998
6.5699999999999044,0.41501337906284297,0.0,9.8064999999999998
6.5799999999999041,0.41087466933861344,0.0,9.8064999999999998
6.5899999999999039,0.40672143430062818,0.0,9.8064999999999998
6.5999999999999037,0.40255381057911993,0.0,9.8064999999999998
6.6099999999999035,0.39837193480432104,0.0,9.8064999999999998
6.6199999999999033,0.39417594360646413,0.0,9.8064999999999998
6.6299999999999031,0.38996597361578178,0.0,9.8064999999999998
6.6399999999999029,0.38574216146250639,0.0,9.8064999999999998
6.6499999999999027,0.38150464377687049,0.0,9.8064999999999998
6.6599999999999024,0.37725355718910675,0.0,9.8064999999999998
6.6699999999999022,0.37298903832944763,0.0,9.8064999999999998
6.679999999999902,0.36871122382812571,0.0,9.8064999999999998
6.6899999999999018,0.3644202503153734,0.0,9.8064999999999998
6.6999999999999016,0.36011625442142325,0.0,9.8064999999999998
6.7099999999999014,0.35579937277650797,0.0,9.8064999999999998
6.7199999999999012,0.35146974201085984,0.0,9.8064999999999998
6.729999999999901,0.34712749875471166,0.0,9.8064999999999998
6.7399999999999007,0.34277277963829578,0.0,9.8064999999999998
6.7499999999999005,0.33840572129184471,0.0,9.8064999999999998
6.7599999999999003,0.33402646034559114,0.0,9.8064999999999998
6.7699999999999001,0.32963513342976741,0.0,9.8064999999999998
6.7799999999998999,0.32523187717460622,0.0,9.8064999999999998
6.7899999999998997,0.32081682821034002,0.0,9.8064999999999998
6.7999999999998995,0.31639012316720139,0.0,9.8064999999999998
6.8099999999998992,0.31195189867542278,0.0,9.8064999999999998
6.819999999999899,0.30750229136523682,0.0,9.8064999999999998
6.8299999999998988,0.30304143786687593,0.0,9.8064999999999998
6.8399999999998986,0.29856947481057272,0.0,9.8064999999999998
6.8499999999998984,0.29408653882655977,0.0,9.8064999999999998
6.8599999999998982,0.28959276654506949,0.0,9.8064999999999998
6.869999999999898,0.28508829459633445,0.0,9.8064999999999998
6.8799999999998978,0.28057325961058727,0.0,9.8064999999999998
6.8899999999998975,0.27604779821806036,0.0,9.8064999999999998
6.8999999999998973,0.27151204704898635,0.0,9.8064999999999998
6.9099999999998971,0.2669661427335977,0.0,9.8064999999999998
6.9199999999998969,0.26241022190212704,0.0,9.8064999999999998
6.9299999999998967,0.25784442118480683,0.0,9.8064999999999998
6.9399999999998965,0.25326887721186953,0.0,9.8064999999999998
6.9499999999998963,0.24868372661354779,0.0,9.8064999999999998
6.959999999999896,0.24408910602007397,0.0,9.8064999999999998
6.9699999999998958,0.23948515206168089,0.0,9.8064999999999998
6.9799999999998956,0.23487200136860092,0.0,9.8064999999999998
6.9899999999998954,0.23024979057106659,0.0,9.8064999999999998
6.9999999999998952,0.22561865629931036,0.0,9.8064999999999998
7.009999999999895,0.22097873518356495,0.0,9.8064999999999998
7.0199999999998948,0.21633016385406267,0.0,9.8064999999999998
7.0299999999998946,0.21167307894103626,0.0,9.8064999999999998
7.0399999999998943,0.20700761707471815,0.0,9.8064999999999998
7.0499999999998941,0.20233391488534086,0.0,9.8064999999999998
7.0599999999998939,0.19765210900313687,0.0,9.8064999999999998
7.0699999999998937,0.19296233605833893,0.0,9.8064999999999998
7.0799999999998935,0.18826473268117933,0.0,9.8064999999999998
7.0899999999998933,0.18355943550189074,0.0,9.8064999999999998
7.0999999999998931,0.17884658115070565,0.0,9.8064999999999998
7.1099999999998929,0.17412630625785652,0.0,9.8064999999999998
7.1199999999998926,0.169398747453576,0.0,9.8064999999999998
7.1299999999998924,0.16466404136809668,0.0,9.8064999999999998
7.1399999999998922,0.15992232463165088,0.0,9.8064999999999998
7.149999999999892,0.15517373387447125,0.0,9.8064999999999998
7.1599999999998918,0.15041840572679033,0.0,9.8064999999999998
7.1699999999998916,0.14565647681884061,0.0,9.8064999999999998
7.1799999999998914,0.14088808378085471,0.0,9.8064999999999998
7.1899999999998911,0.13611336324306503,0.0,9.8064999999999998
7.1999999999998909,0.13133245183570419,0.0,9.8064999999999998
7.2099999999998907,0.12654548618900471,0.0,9.8064999999999998
7.2199999999998905,0.12175260293319913,0.0,9.8064999999999998
7.2299999999998903,0.11695393869851997,0.0,9.8064999999999998
7.2399999999998901,0.11214963011519978,0.0,9.8064999999999998
7.2499999999998899,0.10733981381347101,0.0,9.8064999999999998
7.2599999999998897,0.1025246264235663,0.0,9.8064999999999998
7.2699999999998894,0.097704204575718184,0.0,9.8064999999999998
7.2799999999998892,0.092878684900159034,0.0,9.8064999999999998
7.289999999999889,0.088048204027121574,0.0,9.8064999999999998
7.2999999999998888,0.083212898586838266,0.0,9.8064999999999998
7.3099999999998886,0.078372905209541585,0.0,9.8064999999999998
7.3199999999998884,0.073528360525464145,0.0,9.8064999999999998
7.3299999999998882,0.068679401164838463,0.0,9.8064999999999998
7.3399999999998879,0.063826163757896973,0.0,9.8064999999999998
7.3499999999998877,0.058968784934872356,0.0,9.8064999999999998
7.3599999999998875,0.054107401325997076,0.0,9.8064999999999998
7.3699999999998873,0.049242149561503648,0.0,9.8064999999999998
7.3799999999998871,0.044373166271624652,0.0,9.8064999999999998
7.3899999999998869,0.039500588086592549,0.0,9.8064999999999998
7.3999999999998867,0.034624551636639925,0.0,9.8064999999999998
7.4099999999998865,0.029745193551999307,0.0,9.8064999999999998
7.4199999999998862,0.024862650462903198,0.0,9.8064999999999998
7.429999999999886,0.019977058999584164,0.0,9.8064999999999998
7.4399999999998858,0.015088555792274751,0.0,9.8064999999999998
7.4499999999998856,0.010197277471207416,0.0,9.8064999999999998
7.4599999999998854,0.0053033606666147374,0.0,9.8064999999999998
7.4699999999998852,0.00040695175696450997,0.0,9.8064999999999998
7.479999999999885,-0.0044917638863343108,0.0,9.8064999999999998
7.4899999999998847,-0.0093925911436376491,0.0,9.8064999999999998
7.4999999999998845,-0.014295334895301402,0.0,9.8064999999999998
7.5099999999998843,-0.019199800021681281,0.0,9.8064999999999998
7.5199999999998841,-0.024105791403133226,0.0,9.8064999999999998
7.5299999999998839,-0.029013113920013118,0.0,9.8064999999999998
7.5399999999998837,-0.033921572452676747,0.0,9.8064999999999998
7.5499999999998835,-0.038830971881479943,0.0,9.8064999999999998
7.5599999999998833,-0.043741117086778608,0.0,9.8064999999999998
7.569999999999883,-0.048651812948928501,0.0,9.8064999999999998
7.5799999999998828,-0.053562864348285569,0.0,9.8064999999999998
7.5899999999998826,-0.058474076165205634,0.0,9.8064999999999998
7.5999999999998824,-0.06338525328004449,0.0,9.8064999999999998
7.6099999999998822,-0.068296200573158078,0.0,9.8064999999999998
7.619999999999882,-0.073206722924902268,0.0,9.8064999999999998
7.6299999999998818,-0.078116625215632771,0.0,9.8064999999999998
7.6399999999998816,-0.083025712325705381,0.0,9.8064999999999998
7.6499999999998813,-0.087933789135476184,0.0,9.8064999999999998
7.6599999999998811,-0.092840660525300892,0.0,9.8064999999999998
7.6699999999998809,-0.097746131375535367,0.0,9.8064999999999998
7.6799999999998807,-0.10265000656653549,0.0,9.8064999999999998
7.6899999999998805,-0.10755209097865705,0.0,9.8064999999999998
7.6999999999998803,-0.11245218949225587,0.0,9.8064999999999998
7.7099999999998801,-0.11735010698768795,0.0,9.8064999999999998
7.7199999999998798,-0.12224564834530904,0.0,9.8064999999999998
7.7299999999998796,-0.12713861844547492,0.0,9.8064999999999998
7.7399999999998794,-0.1320288221685415,0.0,9.8064999999999998
7.7499999999998792,-0.13691606439486467,0.0,9.8064999999999998
7.759999999999879,-0.14180015000480023,0.0,9.8064999999999998
7.7699999999998788,-0.14668088387870407,0.0,9.8064999999999998
7.7799999999998786,-0.15155807089693193,0.0,9.8064999999999998
7.7899999999998784,-0.15643151593983981,0.0,9.8064999999999998
7.7999999999998781,-0.16130102388778345,0.0,9.8064999999999998
7.8099999999998779,-0.16616639962111879,0.0,9.8064999999999998
7.8199999999998777,-0.17102744802020153,0.0,9.8064999999999998
7.8299999999998775,-0.17588397396538771,0.0,9.8064999999999998
7.8399999999998773,-0.18073578233703294,0.0,9.8064999999999998
7.8499999999998771,-0.18558267801549327,0.0,9.8064999999999998
7.8599999999998769,-0.19042446588112452,0.0,9.8064999999999998
7.8699999999998766,-0.19526095081428241,0.0,9.8064999999999998
7.8799999999998764,-0.20009193769532305,0.0,9.8064999999999998
7.8899999999998762,-0.20491723140460197,0.0,9.8064999999999998
7.899999999999876,-0.2097366368224752,0.0,9.8064999999999998
7.9099999999998758,-0.21454995882929853,0.0,9.8064999999999998
7.9199999999998756,-0.2193570023054279,0.0,9.8064999999999998
7.9299999999998754,-0.22415757213121895,0.0,9.8064999999999998
7.9399999999998752,-0.22895147318702777,0.0,9.8064999999999998
7.9499999999998749,-0.23373851035321003,0.0,9.8064999999999998
7.9599999999998747,-0.23851848851012183,0.0,9.8064999999999998
7.9699999999998745,-0.24329121253811825,0.0,9.8064999999999998
7.9799999999998743,-0.2480564873175562,0.0,9.8064999999999998
7.9899999999998741,-0.25281411772879103,0.0,9.8064999999999998
7.9999999999998739,-0.25756390865217865,0.0,9.8064999999999998
8.0099999999998737,-0.26230566496807484,0.0,9.8064999999999998
8.0199999999998735,-0.26703919155683548,0.0,9.8064999999999998
8.0299999999998732,-0.27176429329881646,0.0,9.8064999999999998
8.039999999999873,-0.27648077507437357,0.0,9.8064999999999998
8.0499999999998728,-0.2811884417638626,0.0,9.8064999999999998
8.0599999999998726,-0.28588709824763958,0.0,9.8064999999999998
8.0699999999998724,-0.29057654940606015,0.0,9.8064999999999998
8.0799999999998722,-0.29525660011948035,0.0,9.8064999999999998
8.089999999999872,-0.29992705526825586,0.0,9.8064999999999998
8.0999999999998717,-0.30458771973274268,0.0,9.8064999999999998
8.1099999999998715,-0.30923839839329653,0.0,9.8064999999999998
8.1199999999998713,-0.31387889613027325,0.0,9.8064999999999998
8.1299999999998711,-0.31850901782402885,0.0,9.8064999999999998
8.1399999999998709,-0.32312856835491904,0.0,9.8064999999999998
8.1499999999998707,-0.32773735260329973,0.0,9.8064999999999998
8.1599999999998705,-0.33233517544952662,0.0,9.8064999999999998
8.1699999999998703,-0.3369218417739559,0.0,9.8064999999999998
8.17999999999987,-0.34149715645694301,0.0,9.8064999999999998
8.1899999999998698,-0.34606092437884406,0.0,9.8064999999999998
8.1999999999998696,-0.35061295042001484,0.0,9.8064999999999998
8.2099999999998694,-0.35515303946081112,0.0,9.8064999999999998
8.2199999999998692,-0.35968099638158885,0.0,9.8064999999999998
8.229999999999869,-0.36419662606270381,0.0,9.8064999999999998
8.2399999999998688,-0.3686997333845119,0.0,9.8064999999999998
8.2499999999998685,-0.37319012322736894,0.0,9.8064999999999998
8.2599999999998683,-0.37766760047163078,0.0,9.8064999999999998
8.2699999999998681,-0.38213196999765325,0.0,9.8064999999999998
8.2799999999998679,-0.38658303668579225,0.0,9.8064999999999998
8.2899999999998677,-0.39102060541640349,0.0,9.8064999999999998
8.2999999999998675,-0.39544448106984303,0.0,9.8064999999999998
8.3099999999998673,-0.39985446852646667,0.0,9.8064999999999998
8.3199999999998671,-0.40425037266663011,0.0,9.8064999999999998
8.3299999999998668,-0.40863199837068925,0.0,9.8064999999999998
8.3399999999998666,-0.41299915051899999,0.0,9.8064999999999998
8.3499999999998664,-0.41735163399191816,0.0,9.8064999999999998
8.3599999999998662,-0.4216892536697997,0.0,9.8064999999999998
8.369999999999866,-0.42601181443300035,0.0,9.8064999999999998
8.3799999999998658,-0.43031912116187587,0.0,9.8064999999999998
8.3899999999998656,-0.43461097873678228,0.0,9.8064999999999998
8.3999999999998654,-0.43888719203807552,0.0,9.8064999999999998
8.4099999999998651,-0.4431475659461111,0.0,9.8064999999999998
8.4199999999998649,-0.44739190534124507,0.0,9.8064999999999998
8.4299999999998647,-0.45162001510383326,0.0,9.8064999999999998
8.4399999999998645,-0.45583170011423146,0.0,9.8064999999999998
8.4499999999998643,-0.46002676525279562,0.0,9.8064999999999998
8.4599999999998641,-0.46420501539988163,0.0,9.8064999999999998
8.4699999999998639,-0.46836625543584509,0.0,9.8064999999999998
8.4799999999998636,-0.47251029024104213,0.0,9.8064999999999998
8.4899999999998634,-0.47663692469582847,0.0,9.8064999999999998
8.4999999999998632,-0.48074596368055988,0.0,9.8064999999999998
8.509999999999863,-0.48483721207559238,0.0,9.8064999999999998
8.5199999999998628,-0.48891047476128169,0.0,9.8064999999999998
8.5299999999998626,-0.49296555661798369,0.0,9.8064999999999998
8.5399999999998624,-0.49700226252605428,0.0,9.8064999999999998
8.5499999999998622,-0.50102039736584913,0.0,9.8064999999999998
8.5599999999998619,-0.50501976601772436,0.0,9.8064999999999998
8.5699999999998617,-0.50900017336203573,0.0,9.8064999999999998
8.5799999999998615,-0.51296142427913893,0.0,9.8064999999999998
8.5899999999998613,-0.51690332364938985,0.0,9.8064999999999998
8.5999999999998611,-0.52082567635314447,0.0,9.8064999999999998
8.6099999999998609,-0.52472828727075849,0.0,9.8064999999999998
8.6199999999998607,-0.52861096128258811,0.0,9.8064999999999998
8.6299999999998604,-0.53247350326898857,0.0,9.8064999999999998
8.6399999999998602,-0.5363157181103162,0.0,9.8064999999999998
8.64999999999986,-0.54013741068692678,0.0,9.8064999999999998
8.6599999999998598,-0.54393838587917598,0.0,9.8064999999999998
8.6699999999998596,-0.5477184485674198,0.0,9.8064999999999998
8.6799999999998594,-0.55147740363201403,0.0,9.8064999999999998
8.6899999999998592,-0.55521505595331444,0.0,9.8064999999999998
8.699999999999859,-0.55893121041167704,0.0,9.8064999999999998
8.7099999999998587,-0.5626256718874576,0.0,9.8064999999999998
8.7199999999998585,-0.56629824526101191,0.0,9.8064999999999998
8.7299999999998583,-0.56994873541269597,0.0,9.8064999999999998
8.7399999999998581,-0.57357694722286556,0.0,9.8064999999999998
8.7499999999998579,-0.57718268557187646,0.0,9.8064999999999998
8.7599999999998577,-0.58076575534008446,0.0,9.8064999999999998
8.7699999999998575,-0.58432596140784554,0.0,9.8064999999999998
8.7799999999998573,-0.58786310865551561,0.0,9.8064999999999998
8.789999999999857,-0.59137700196345044,0.0,9.8064999999999998
8.7999999999998568,-0.59486744621200571,0.0,9.8064999999999998
8.8099999999998566,-0.59833424628153753,0.0,9.8064999999999998
8.8199999999998564,-0.60177720705240167,0.0,9.8064999999999998
8.8299999999998562,-0.60519613340495382,0.0,9.8064999999999998
8.839999999999856,-0.60859083021955007,0.0,9.8064999999999998
8.8499999999998558,-0.61196110237654611,0.0,9.8064999999999998
8.8599999999998555,-0.61530675475629781,0.0,9.8064999999999998
8.8699999999998553,-0.61862759223916108,0.0,9.8064999999999998
8.8799999999998551,-0.6219234197054917,0.0,9.8064999999999998
8.8899999999998549,-0.62519404203564555,0.0,9.8064999999999998
8.8999999999998547,-0.62843926410997841,0.0,9.8064999999999998
8.9099999999998545,-0.6316588908088463,0.0,9.8064999999999998
8.9199999999998543,-0.63485272701260487,0.0,9.8064999999999998
8.9299999999998541,-0.63802057760161013,0.0,9.8064999999999998
8.9399999999998538,-0.64116224745621775,0.0,9.8064999999999998
8.9499999999998536,-0.64427754145678373,0.0,9.8064999999999998
8.9599999999998534,-0.64736626448366397,0.0,9.8064999999999998
8.9699999999998532,-0.65042822141721413,0.0,9.8064999999999998
8.979999999999853,-0.6534632171377901,0.0,9.8064999999999998
8.9899999999998528,-0.65647105652574789,0.0,9.8064999999999998
8.9999999999998526,-0.65945154446144316,0.0,9.8064999999999998
9.0099999999998523,-0.66240448582523181,0.0,9.8064999999999998
9.0199999999998521,-0.66532968549746985,0.0,9.8064999999999998
9.0299999999998519,-0.66822694835851271,0.0,9.8064999999999998
9.0399999999998517,-0.67109607928871673,0.0,9.8064999999999998
9.0499999999998515,-0.67393688316843758,0.0,9.8064999999999998
9.0599999999998513,-0.67674916487803094,0.0,9.8064999999999998
9.0699999999998511,-0.67953272929785269,0.0,9.8064999999999998
9.0799999999998509,-0.68228738130825906,0.0,9.8064999999999998
9.0899999999998506,-0.68501292578960549,0.0,9.8064999999999998
9.0999999999998504,-0.68770916762224787,0.0,9.8064999999999998
9.1099999999998502,-0.69037591168654211,0.0,9.8064999999999998
9.11999999999985,-0.69301296286284431,0.0,9.8064999999999998
9.1299999999998498,-0.69562012603150991,0.0,9.8064999999999998
9.1399999999998496,-0.69819720607289504,0.0,9.8064999999999998
9.1499999999998494,-0.70074400786735513,0.0,9.8064999999999998
9.1599999999998492,-0.70326033629524665,0.0,9.8064999999999998
9.1699999999998489,-0.70574599623692513,0.0,9.8064999999999998
9.1799999999998487,-0.70820079257274637,0.0,9.8064999999999998
9.1899999999998485,-0.71062453018306637,0.0,9.8064999999999998
9.1999999999998483,-0.71301701394824057,0.0,9.8064999999999998
9.2099999999998481,-0.71537804874862543,0.0,9.8064999999999998
9.2199999999998479,-0.71770743946457638,0.0,9.8064999999999998
9.2299999999998477,-0.72000499097644943,0.0,9.8064999999999998
9.2399999999998474,-0.72227050816460037,0.0,9.8064999999999998
9.2499999999998472,-0.72450379590938507,0.0,9.8064999999999998
9.259999999999847,-0.72670465909115933,0.0,9.8064999999999998
9.2699999999998468,-0.72887290259027904,0.0,9.8064999999999998
9.2799999999998466,-0.73100833128710008,0.0,9.8064999999999998
9.2899999999998464,-0.73311075006197823,0.0,9.8064999999999998
9.2999999999998462,-0.7351799637952694,0.0,9.8064999999999998
9.309999999999846,-0.73721577736732946,0.0,9.8064999999999998
9.3199999999998457,-0.73921799565851409,0.0,9.8064999999999998
9.3299999999998455,-0.74118642354917919,0.0,9.8064999999999998
9.3399999999998453,-0.74312086591968085,0.0,9.8064999999999998
9.3499999999998451,-0.74502112765037476,0.0,9.8064999999999998
9.3599999999998449,-0.74688701362161669,0.0,9.8064999999999998
9.3699999999998447,-0.74871832871376254,0.0,9.8064999999999998
9.3799999999998445,-0.75051487780716808,0.0,9.8064999999999998
9.3899999999998442,-0.75227646578218932,0.0,9.8064999999999998
9.399999999999844,-0.75400289751918215,0.0,9.8064999999999998
9.4099999999998438,-0.75569397789850212,0.0,9.8064999999999998
9.4199999999998436,-0.75734951180050525,0.0,9.8064999999999998
9.4299999999998434,-0.75896930410554753,0.0,9.8064999999999998
9.4399999999998432,-0.76055315969398463,0.0,9.8064999999999998
9.449999999999843,-0.76210088344617244,0.0,9.8064999999999998
9.4599999999998428,-0.76361228024246686,0.0,9.8064999999999998
9.4699999999998425,-0.76508715496322355,0.0,9.8064999999999998
9.4799999999998423,-0.76652531248879852,0.0,9.8064999999999998
9.4899999999998421,-0.76792655769954765,0.0,9.8064999999999998
9.4999999999998419,-0.76929069547582674,0.0,9.8064999999999998
9.5099999999998417,-0.77061753069799155,0.0,9.8064999999999998
9.5199999999998415,-0.7719068682463982,0.0,9.8064999999999998
9.5299999999998413,-0.77315851300140215,0.0,9.8064999999999998
9.5399999999998411,-0.7743722698433595,0.0,9.8064999999999998
9.5499999999998408,-0.77554794365262603,0.0,9.8064999999999998
9.5599999999998406,-0.77668533930955763,0.0,9.8064999999999998
9.5699999999998404,-0.77778426169451009,0.0,9.8064999999999998
9.5799999999998402,-0.77884451568783941,0.0,9.8064999999999998
9.58999999999984,-0.77986590616990115,0.0,9.8064999999999998
9.5999999999998398,-0.7808482380210513,0.0,9.8064999999999998
9.6099999999998396,-0.78179131612164587,0.0,9.8064999999999998
9.6199999999998393,-0.78269494535204043,0.0,9.8064999999999998
9.6299999999998391,-0.78355893059259119,0.0,9.8064999999999998
9.6399999999998389,-0.78438307672365359,0.0,9.8064999999999998
9.6499999999998387,-0.78516718862558366,0.0,9.8064999999999998
9.6599999999998385,-0.78591107117873726,0.0,9.8064999999999998
9.6699999999998383,-0.78661452926347031,0.0,9.8064999999999998
9.6799999999998381,-0.78727736776013846,0.0,9.8064999999999998
9.6899999999998379,-0.78789939154909772,0.0,9.8064999999999998
9.6999999999998376,-0.78848040551070397,0.0,9.8064999999999998
9.7099999999998374,-0.78902021452531279,0.0,9.8064999999999998
9.7199999999998372,-0.7895186234732805,0.0,9.8064999999999998
9.729999999999837,-0.78997543723496233,0.0,9.8064999999999998
9.7399999999998368,-0.79039046069071461,0.0,9.8064999999999998
9.7499999999998366,-0.79076349872089313,0.0,9.8064999999999998
9.7599999999998364,-0.79109435620585367,0.0,9.8064999999999998
9.7699999999998361,-0.791382838025952,0.0,9.8064999999999998
9.7799999999998359,-0.7916287490615439,0.0,9.8064999999999998
9.7899999999998357,-0.7918318941929855,0.0,9.8064999999999998
9.7999999999998355,-0.79199207830063234,0.0,9.8064999999999998
9.8099999999998353,-0.79210910626484055,0.0,9.8064999999999998
9.8199999999998351,-0.79218278296596578,0.0,9.8064999999999998
9.8299999999998349,-0.79221291328436405,0.0,9.8064999999999998
9.8399999999998347,-0.79219930210039102,0.0,9.8064999999999998
9.8499999999998344,-0.7921417542944027,0.0,9.8064999999999998
9.8599999999998342,-0.79204007474675464,0.0,9.8064999999999998
9.869999999999834,-0.79189406833780307,0.0,9.8064999999999998
9.8799999999998338,-0.79170353994790366,0.0,9.8064999999999998
9.8899999999998336,-0.79146829445741229,0.0,9.8064999999999998
9.8999999999998334,-0.79118813674668476,0.0,9.8064999999999998
9.9099999999998332,-0.79086287169607683,0.0,9.8064999999999998
9.919999999999833,-0.79049230418594474,0.0,9.8064999999999998
