0.0,-0.023436789540210612,0.0,0.0
0.010000000000000002,-0.031334668919030723,0.0,0.0
0.020000000000000004,-0.039236149293431548,0.0,0.0
0.030000000000000006,-0.047140777558884947,0.0,0.0
0.040000000000000001,-0.055048102566512311,0.0,0.0
0.049999999999999996,-0.062957675123084533,0.0,0.0
0.059999999999999991,-0.070869047991022061,0.0,0.0
0.069999999999999979,-0.078781775888394814,0.0,0.0
0.079999999999999988,-0.086695415488922289,0.0,0.0
0.089999999999999969,-0.094609525421973442,0.0,0.0
0.099999999999999978,-0.10252366627256682,0.0,0.0
0.10999999999999999,-0.11043740058137042,0.0,0.0
0.12,-0.1183502928447018,0.0,0.0
0.13,-0.12626190951452804,0.0,0.0
0.14000000000000001,-0.1341718189984657,0.0,0.0
0.15000000000000002,-0.14207959165978093,0.0,0.0
0.16000000000000003,-0.14998479981738935,0.0,0.0
0.17000000000000004,-0.15788701774585606,0.0,0.0
0.18000000000000005,-0.16578582167539582,0.0,0.0
0.19000000000000006,-0.17368078979187279,0.0,0.0
0.20000000000000007,-0.18157150223680069,0.0,0.0
0.21000000000000005,-0.18945754110734273,0.0,0.0
0.22000000000000006,-0.19733849045631163,0.0,0.0
0.23000000000000007,-0.2052139362921698,0.0,0.0
0.24000000000000007,-0.21308346657902891,0.0,0.0
0.25000000000000011,-0.22094667123665029,0.0,0.0
0.26000000000000012,-0.22880314214044492,0.0,0.0
0.27000000000000013,-0.23665247312147297,0.0,0.0
0.28000000000000014,-0.24449425996644444,0.0,0.0
0.29000000000000015,-0.25232810041771869,0.0,0.0
0.30000000000000016,-0.26015359417330464,0.0,0.0
0.31000000000000016,-0.26797034288686072,0.0,0.0
0.32000000000000017,-0.27577795016769502,0.0,0.0
0.33000000000000018,-0.28357602158076473,0.0,0.0
0.34000000000000019,-0.29136416464667719,0.0,0.0
0.3500000000000002,-0.29914198884168874,0.0,0.0
0.36000000000000021,-0.30690910559770546,0.0,0.0
0.37000000000000022,-0.31466512830228288,0.0,0.0
0.38000000000000023,-0.32240967229862616,0.0,0.0
0.39000000000000024,-0.33014235488558991,0.0,0.0
0.40000000000000024,-0.33786279531767821,0.0,0.0
0.41000000000000025,-0.3455706148050447,0.0,0.0
0.42000000000000026,-0.35326543651349257,0.0,0.0
0.43000000000000027,-0.36094688556447452,0.0,0.0
0.44000000000000028,-0.36861458903509275,0.0,0.0
0.45000000000000029,-0.37626817595809903,0.0,0.0
0.46000000000000024,-0.3839072773218945,0.0,0.0
0.47000000000000025,-0.3915315260705301,0.0,0.0
0.48000000000000026,-0.39914055710370594,0.0,0.0
0.49000000000000027,-0.406734007276772,0.0,0.0
0.50000000000000022,-0.41431151540072753,0.0,0.0
0.51000000000000023,-0.4218727222422215,0.0,0.0
0.52000000000000024,-0.42941727052355211,0.0,0.0
0.53000000000000025,-0.43694480492266735,0.0,0.0
0.54000000000000026,-0.44445497207316464,0.0,0.0
0.55000000000000027,-0.45194742056429094,0.0,0.0
0.56000000000000028,-0.45942180094094259,0.0,0.0
0.57000000000000028,-0.46687776570366568,0.0,0.0
0.58000000000000029,-0.47431496930865574,0.0,0.0
0.5900000000000003,-0.48173306816775768,0.0,0.0
0.60000000000000031,-0.48913172064846616,0.0,0.0
0.61000000000000032,-0.49651058707392515,0.0,0.0
0.62000000000000033,-0.50386932972292831,0.0,0.0
0.63000000000000034,-0.51120761282991867,0.0,0.0
0.64000000000000035,-0.51852510258498896,0.0,0.0
0.65000000000000036,-0.52582146713388123,0.0,0.0
0.66000000000000036,-0.53309637657798703,0.0,0.0
0.67000000000000037,-0.54034950297434792,0.0,0.0
0.68000000000000038,-0.54758052033565419,0.0,0.0
0.69000000000000039,-0.55478910463024633,0.0,0.0
0.7000000000000004,-0.56197493378211405,0.0,0.0
0.71000000000000041,-0.56913768767089656,0.0,0.0
0.72000000000000042,-0.57627704813188263,0.0,0.0
0.73000000000000043,-0.58339269895601076,0.0,0.0
0.74000000000000044,-0.59048432588986843,0.0,0.0
0.75000000000000044,-0.59755161663569345,0.0,0.0
0.76000000000000045,-0.60459426085137236,0.0,0.0
0.77000000000000046,-0.61161195015044156,0.0,0.0
0.78000000000000047,-0.61860437810208713,0.0,0.0
0.79000000000000048,-0.62557124023114441,0.0,0.0
0.80000000000000049,-0.63251223401809831,0.0,0.0
0.8100000000000005,-0.63942705889908336,0.0,0.0
0.82000000000000051,-0.64631541626588351,0.0,0.0
0.83000000000000052,-0.6531770094659326,0.0,0.0
0.84000000000000052,-0.66001154380231308,0.0,0.0
0.85000000000000053,-0.66681872653375807,0.0,0.0
0.86000000000000054,-0.6735982668746493,0.0,0.0
0.87000000000000055,-0.68034987599501862,0.0,0.0
0.88000000000000056,-0.68707326702054683,0.0,0.0
0.89000000000000057,-0.69376815503256495,0.0,0.0
0.90000000000000058,-0.70043425706805273,0.0,0.0
0.91000000000000059,-0.70707129211964026,0.0,0.0
0.9200000000000006,-0.71367898113560646,0.0,0.0
0.9300000000000006,-0.72025704701988014,0.0,0.0
0.94000000000000061,-0.72680521463203962,0.0,0.0
0.95000000000000062,-0.73332321078731266,0.0,0.0
0.96000000000000063,-0.73981076425657633,0.0,0.0
0.97000000000000064,-0.74626760576635787,0.0,0.0
0.98000000000000065,-0.75269346799883308,0.0,0.0
0.99000000000000066,-0.75908808559182817,0.0,0.0
1.0000000000000007,-0.76545119513881843,0.0,0.0
1.0100000000000007,-0.77178253518892881,0.0,0.0
1.0200000000000007,-0.77808184624693333,0.0,0.0
1.0300000000000007,-0.78434887077325643,0.0,0.0
1.0400000000000007,-0.79058335318397144,0.0,0.0
1.0500000000000007,-0.79678503985080118,0.0,0.0
1.0600000000000007,-0.80295367910111837,0.0,0.0
1.0700000000000007,-0.80908902121794468,0.0,0.0
1.0800000000000007,-0.815190818439952,0.0,0.0
1.0900000000000007,-0.82125882496146108,0.0,0.0
1.1000000000000008,-0.82729279693244284,0.0,0.0
1.1100000000000008,-0.83329249245851711,0.0,0.0
1.1200000000000008,-0.83925767160095355,0.0,0.0
1.1300000000000008,-0.84518809637667136,0.0,0.0
1.1400000000000008,-0.85108353075823906,0.0,0.0
1.1500000000000008,-0.85694374067387513,0.0,0.0
1.1600000000000008,-0.86276849400744704,0.0,0.0
1.1700000000000008,-0.868557560598472,0.0,0.0
1.1800000000000008,-0.87431071224211687,0.0,0.0
1.1900000000000008,-0.88002772268919793,0.0,0.0
1.2000000000000008,-0.88570836764618077,0.0,0.0
1.2100000000000009,-0.89135242477518062,0.0,0.0
1.2200000000000009,-0.8969596736939629,0.0,0.0
1.2300000000000009,-0.90252989597594135,0.0,0.0
1.2400000000000009,-0.90806287515018003,0.0,0.0
1.2500000000000009,-0.91355839670139238,0.0,0.0
1.2600000000000009,-0.91901624806994131,0.0,0.0
1.2700000000000009,-0.92443621865183911,0.0,0.0
1.2800000000000009,-0.92981809979874797,0.0,0.0
1.2900000000000009,-0.93516168481797901,0.0,0.0
1.3000000000000009,-0.94046676897249359,0.0,0.0
1.3100000000000009,-0.94573314948090204,0.0,0.0
1.320000000000001,-0.9509606255174643,0.0,0.0
1.330000000000001,-0.9561489982120901,0.0,0.0
1.340000000000001,-0.96129807065033845,0.0,0.0
1.350000000000001,-0.96640764787341793,0.0,0.0
1.360000000000001,-0.97147753687818672,0.0,0.0
1.370000000000001,-0.97650754661715233,0.0,0.0
1.380000000000001,-0.98149748799847214,0.0,0.0
1.390000000000001,-0.9864471738859526,0.0,0.0
1.400000000000001,-0.99135641909904992,0.0,0.0
1.410000000000001,-0.99622504041286986,0.0,0.0
1.420000000000001,-1.0010528565581678,0.0,0.0
1.430000000000001,-1.0058396882213481,0.0,0.0
1.4400000000000011,-1.0105853580444657,0.0,0.0
1.4500000000000011,-1.0152896906252238,0.0,0.0
1.4600000000000011,-1.0199525125169762,0.0,0.0
1.4700000000000011,-1.024573652228725,0.0,0.0
1.4800000000000011,-1.0291529402251236,0.0,0.0
1.4900000000000011,-1.0336902089264728,0.0,0.0
1.5000000000000011,-1.0381852927087249,0.0,0.0
1.5100000000000011,-1.0426380279034804,0.0,0.0
1.5200000000000011,-1.0470482527979899,0.0,0.0
1.5300000000000011,-1.051415807635153,0.0,0.0
1.5400000000000011,-1.0557405346135196,0.0,0.0
1.5500000000000012,-1.0600222778872888,0.0,0.0
1.5600000000000012,-1.0642608835663085,0.0,0.0
1.5700000000000012,-1.0684561997160773,0.0,0.0
1.5800000000000012,-1.0726080763577428,0.0,0.0
1.5900000000000012,-1.0767163654681018,0.0,0.0
1.6000000000000012,-1.0807809209796009,0.0,0.0
1.6100000000000012,-1.0848015987803363,0.0,0.0
1.6200000000000012,-1.088778256714054,0.0,0.0
1.6300000000000012,-1.0927107545801489,0.0,0.0
1.6400000000000012,-1.0965989541336654,0.0,0.0
1.6500000000000012,-1.1004427190852981,0.0,0.0
1.6600000000000013,-1.1042419151013907,0.0,0.0
1.6700000000000013,-1.1079964098039363,0.0,0.0
1.6800000000000013,-1.1117060727705779,0.0,0.0
1.6900000000000013,-1.1153707755346074,0.0,0.0
1.7000000000000013,-1.118990391584967,0.0,0.0
1.7100000000000013,-1.122564796366248,0.0,0.0
1.7200000000000013,-1.1260938672786911,0.0,0.0
1.7300000000000013,-1.1295774836781867,0.0,0.0
1.7400000000000013,-1.1330155268762749,0.0,0.0
1.7500000000000013,-1.1364078801401449,0.0,0.0
1.7600000000000013,-1.1397544286926358,0.0,0.0
1.7700000000000014,-1.1430550597122358,0.0,0.0
1.7800000000000014,-1.1463096623330833,0.0,0.0
1.7900000000000014,-1.1495181276449651,0.0,0.0
1.8000000000000014,-1.1526803486933193,0.0,0.0
1.8100000000000014,-1.1557962204792314,0.0,0.0
1.8200000000000014,-1.1588656399594381,0.0,0.0
1.8300000000000014,-1.1618885060463249,0.0,0.0
1.8400000000000014,-1.1648647196079267,0.0,0.0
1.8500000000000014,-1.1677941834679282,0.0,0.0
1.8600000000000014,-1.1706768024056637,0.0,0.0
1.8700000000000014,-1.1735124831561166,0.0,0.0
1.8800000000000014,-1.1763011344099203,0.0,0.0
1.8900000000000015,-1.1790426668133576,0.0,0.0
1.9000000000000015,-1.1817369929683603,0.0,0.0
1.9100000000000015,-1.1843840274325108,0.0,0.0
1.9200000000000015,-1.1869836867190398,0.0,0.0
1.9300000000000015,-1.1895358892968284,0.0,0.0
1.9400000000000015,-1.1920405555904068,0.0,0.0
1.9500000000000015,-1.1944976079799547,0.0,0.0
1.9600000000000013,-1.1969069708013016,0.0,0.0
1.9700000000000011,-1.1992685703459267,0.0,0.0
1.9800000000000009,-1.2015823348609578,0.0,0.0
1.9900000000000007,-1.2038481945491732,0.0,0.0
2.0000000000000004,-1.2060660815690003,0.0,0.0
2.0100000000000002,-1.2082359300345158,0.0,0.0
2.02,-1.2103576760154466,0.0,0.0
2.0299999999999998,-1.2124312575371687,0.0,0.0
2.0399999999999996,-1.2144566145807072,0.0,0.0
2.0499999999999994,-1.2164336890827372,0.0,0.0
2.0599999999999992,-1.2183624249355833,0.0,0.0
2.069999999999999,-1.2202427679872203,0.0,0.0
2.0799999999999987,-1.2220746660412709,0.0,0.0
2.0899999999999985,-1.2238580688570084,0.0,0.0
2.0999999999999983,-1.2255929281493556,0.0,0.0
2.1099999999999981,-1.2272791975888846,0.0,0.0
2.1199999999999979,-1.2289168328018176,0.0,0.0
2.1299999999999977,-1.230505791370025,0.0,0.0
2.1399999999999975,-1.2320460328310279,0.0,0.0
2.1499999999999972,-1.2335375186779962,0.0,0.0
2.159999999999997,-1.2349802123597502,0.0,0.0
2.1699999999999968,-1.2363740792807594,0.0,0.0
2.1799999999999966,-1.2377190868011418,0.0,0.0
2.1899999999999964,-1.239015204236666,0.0,0.0
2.1999999999999962,-1.2402624028587503,0.0,0.0
2.209999999999996,-1.2414606558944616,0.0,0.0
2.2199999999999958,-1.2426099385265172,0.0,0.0
2.2299999999999955,-1.2437102278932828,0.0,0.0
2.2399999999999953,-1.2447615030887751,0.0,0.0
2.2499999999999951,-1.2457637451626593,0.0,0.0
2.2599999999999949,-1.2467169371202502,0.0,0.0
2.2699999999999947,-1.2476210639225123,0.0,0.0
2.2799999999999945,-1.2484761124860602,0.0,0.0
2.2899999999999943,-1.2492820716831565,0.0,0.0
2.299999999999994,-1.2500389323417147,0.0,0.0
2.3099999999999938,-1.2507466872452977,0.0,0.0
2.3199999999999936,-1.2514053311331177,0.0,0.0
2.3299999999999934,-1.2520148607000354,0.0,0.0
2.3399999999999932,-1.2525752745965628,0.0,0.0
2.349999999999993,-1.2530865734288599,0.0,0.0
2.3599999999999928,-1.2535487597587376,0.0,0.0
2.3699999999999926,-1.253961838103655,0.0,0.0
2.3799999999999923,-1.2543258149367214,0.0,0.0
2.3899999999999921,-1.2546406986866963,0.0,0.0
2.3999999999999919,-1.2549064997379866,0.0,0.0
2.4099999999999917,-1.2551232304306517,0.0,0.0
2.4199999999999915,-1.2552909050603975,0.0,0.0
2.4299999999999913,-1.2554095398785816,0.0,0.0
2.4399999999999911,-1.2554791530922103,0.0,0.0
2.4499999999999909,-1.2554997648639392,0.0,0.0
2.4599999999999906,-1.2554713973120735,0.0,0.0
2.4699999999999904,-1.2553940744860073,0.0,0.0
2.4799999999999902,-1.2552678220960425,0.0,0.0
2.48999999999999,-1.255092667243213,0.0,0.0
2.4999999999999898,-1.2548686383947218,0.0,0.0
2.5099999999999896,-1.2545957653839412,0.0,0.0
2.5199999999999894,-1.254274079410413,0.0,0.0
2.5299999999999891,-1.2539036130398484,0.0,0.0
2.5399999999999889,-1.2534844002041272,0.0,0.0
2.5499999999999887,-1.2530164762012999,0.0,0.0
2.5599999999999885,-1.2524998776955849,0.0,0.0
2.5699999999999883,-1.251934642717371,0.0,0.0
2.5799999999999881,-1.2513208106632154,0.0,0.0
2.5899999999999879,-1.2506584222958457,0.0,0.0
2.5999999999999877,-1.2499475197441581,0.0,0.0
2.6099999999999874,-1.2491881465032184,0.0,0.0
2.6199999999999872,-1.2483803474342616,0.0,0.0
2.629999999999987,-1.2475241687646921,0.0,0.0
2.6399999999999868,-1.2466196580880839,0.0,0.0
2.6499999999999866,-1.2456668643641795,0.0,0.0
2.6599999999999864,-1.244665837918892,0.0,0.0
2.6699999999999862,-1.2436166304443026,0.0,0.0
2.6799999999999859,-1.242519294998663,0.0,0.0
2.6899999999999857,-1.2413738860063934,0.0,0.0
2.6999999999999855,-1.2401804592580834,0.0,0.0
2.7099999999999853,-1.2389390719104922,0.0,0.0
2.7199999999999851,-1.2376497824865482,0.0,0.0
2.7299999999999849,-1.2363126508753495,0.0,0.0
2.7399999999999847,-1.2349277383321628,0.0,0.0
2.7499999999999845,-1.2334951074784253,0.0,0.0
2.7599999999999842,-1.232014822301742,0.0,0.0
2.769999999999984,-1.2304869481558882,0.0,0.0
2.7799999999999838,-1.2289115517608089,0.0,0.0
2.7899999999999836,-1.2272887012026175,0.0,0.0
2.7999999999999834,-1.2256184659335974,0.0,0.0
2.8099999999999832,-1.223900916772201,0.0,0.0
2.819999999999983,-1.2221361259030499,0.0,0.0
2.8299999999999828,-1.2203241668769358,0.0,0.0
2.8399999999999825,-1.2184651146108187,0.0,0.0
2.8499999999999823,-1.2165590453878288,0.0,0.0
2.8599999999999821,-1.2146060368572653,0.0,0.0
2.8699999999999819,-1.2126061680345965,0.0,0.0
2.8799999999999817,-1.2105595193014604,0.0,0.0
2.8899999999999815,-1.2084661724056642,0.0,0.0
2.8999999999999813,-1.2063262104611847,0.0,0.0
2.909999999999981,-1.2041397179481674,0.0,0.0
2.9199999999999808,-1.2019067807129278,0.0,0.0
2.9299999999999806,-1.1996274859679501,0.0,0.0
2.9399999999999804,-1.1973019222918888,0.0,0.0
2.9499999999999802,-1.1949301796295666,0.0,0.0
2.95999999999998,-1.1925123492919762,0.0,0.0
2.9699999999999798,-1.1900485239562797,0.0,0.0
2.9799999999999796,-1.1875387976658083,0.0,0.0
2.9899999999999793,-1.1849832658300625,0.0,0.0
2.9999999999999791,-1.1823820252247124,0.0,0.0
3.0099999999999789,-1.1797351739915973,0.0,0.0
3.0199999999999787,-1.1770428116387253,0.0,0.0
3.0299999999999785,-1.1743050390402749,0.0,0.0
3.0399999999999783,-1.1715219584365932,0.0,0.0
3.0499999999999781,-1.1686936734341971,0.0,0.0
3.0599999999999778,-1.1658202890057721,0.0,0.0
3.0699999999999776,-1.1629019114901737,0.0,0.0
3.0799999999999774,-1.1599386485924266,0.0,0.0
3.0899999999999772,-1.1569306093837246,0.0,0.0
3.099999999999977,-1.1538779043014316,0.0,0.0
3.1099999999999768,-1.1507806451490794,0.0,0.0
3.1199999999999766,-1.1476389450963704,0.0,0.0
3.1299999999999764,-1.1444529186791761,0.0,0.0
3.1399999999999761,-1.1412226817995368,0.0,0.0
3.1499999999999759,-1.1379483517256632,0.0,0.0
3.1599999999999757,-1.1346300470919337,0.0,0.0
3.1699999999999755,-1.1312678878988975,0.0,0.0
3.1799999999999753,-1.1278619955132732,0.0,0.0
3.1899999999999751,-1.1244124926679469,0.0,0.0
3.1999999999999749,-1.1209195034619761,0.0,0.0
3.2099999999999747,-1.1173831533605869,0.0,0.0
3.2199999999999744,-1.113803569195174,0.0,0.0
3.2299999999999742,-1.110180879163303,0.0,0.0
3.239999999999974,-1.1065152128287072,0.0,0.0
3.2499999999999738,-1.1028067011212908,0.0,0.0
3.2599999999999736,-1.0990554763371259,0.0,0.0
3.2699999999999734,-1.0952616721384543,0.0,0.0
3.2799999999999732,-1.0914254235536884,0.0,0.0
3.2899999999999729,-1.0875468669774084,0.0,0.0
3.2999999999999727,-1.0836261401703642,0.0,0.0
3.3099999999999725,-1.0796633822594752,0.0,0.0
3.3199999999999723,-1.0756587337378307,0.0,0.0
3.3299999999999721,-1.0716123364646883,0.0,0.0
3.3399999999999719,-1.0675243336654754,0.0,0.0
3.3499999999999717,-1.0633948699317894,0.0,0.0
3.3599999999999715,-1.0592240912213959,0.0,0.0
3.3699999999999712,-1.0550121448582304,0.0,0.0
3.379999999999971,-1.0507591795323976,0.0,0.0
3.3899999999999708,-1.046465345300172,0.0,0.0
3.3999999999999706,-1.0421307935839965,0.0,0.0
3.4099999999999704,-1.0377556771724847,0.0,0.0
3.4199999999999702,-1.033340150220418,0.0,0.0
3.42999999999997,-1.0288843682487485,0.0,0.0
3.4399999999999697,-1.0243884881445964,0.0,0.0
3.4499999999999695,-1.0198526681612521,0.0,0.0
3.4599999999999693,-1.0152770679181753,0.0,0.0
3.4699999999999691,-1.0106618484009948,0.0,0.0
3.4799999999999689,-1.0060071719615087,0.0,0.0
3.4899999999999687,-1.0013132023176843,0.0,0.0
3.4999999999999685,-0.99658010455365886,0.0,0.0
3.5099999999999683,-0.99180804511973819,0.0,0.0
3.519999999999968,-0.98699719183239787,0.0,0.0
3.5299999999999678,-0.9821477138742829,0.0,0.0
3.5399999999999676,-0.97725978179420769,0.0,0.0
3.5499999999999674,-0.97233356750715549,0.0,0.0
3.5599999999999672,-0.96736924429427917,0.0,0.0
3.569999999999967,-0.96236698680290089,0.0,0.0
3.5799999999999668,-0.95732697104651276,0.0,0.0
3.5899999999999666,-0.95224937440477508,0.0,0.0
3.5999999999999663,-0.9471343756235181,0.0,0.0
3.6099999999999661,-0.9419821548147419,0.0,0.0
3.6199999999999659,-0.93679289345661476,0.0,0.0
3.6299999999999657,-0.93156677439347535,0.0,0.0
3.6399999999999655,-0.92630398183583118,0.0,0.0
3.6499999999999653,-0.92100470136035895,0.0,0.0
3.6599999999999651,-0.91566911990990552,0.0,0.0
3.6699999999999648,-0.91029742579348571,0.0,0.0
3.6799999999999646,-0.90488980868628488,0.0,0.0
3.6899999999999644,-0.89944645962965752,0.0,0.0
3.6999999999999642,-0.89396757103112667,0.0,0.0
3.709999999999964,-0.88845333666438586,0.0,0.0
3.7199999999999638,-0.88290395166929725,0.0,0.0
3.7299999999999636,-0.87731961255189206,0.0,0.0
3.7399999999999634,-0.87170051718437158,0.0,0.0
3.7499999999999631,-0.86604686480510651,0.0,0.0
3.7599999999999629,-0.8603588560186356,0.0,0.0
3.7699999999999627,-0.85463669279566878,0.0,0.0
3.7799999999999625,-0.84888057847308374,0.0,0.0
3.7899999999999623,-0.8430907177539283,0.0,0.0
3.7999999999999621,-0.83726731670741961,0.0,0.0
3.8099999999999619,-0.83141058276894375,0.0,0.0
3.8199999999999616,-0.82552072474005678,0.0,0.0
3.8299999999999614,-0.81959795278848324,0.0,0.0
3.8399999999999612,-0.81364247844811799,0.0,0.0
3.849999999999961,-0.80765451461902416,0.0,0.0
3.8599999999999608,-0.80163427556743538,0.0,0.0
3.8699999999999606,-0.79558197692575394,0.0,0.0
3.8799999999999604,-0.78949783569255083,0.0,0.0
3.8899999999999602,-0.78338207023256778,0.0,0.0
3.8999999999999599,-0.77723490027671505,0.0,0.0
3.9099999999999597,-0.77105654692207226,0.0,0.0
3.9199999999999595,-0.76484723263188881,0.0,0.0
3.9299999999999593,-0.75860718123558257,0.0,0.0
3.9399999999999591,-0.75233661792874162,0.0,0.0
3.9499999999999589,-0.74603576927312298,0.0,0.0
3.9599999999999587,-0.73970486319665285,0.0,0.0
3.9699999999999589,-0.73334412899342727,0.0,0.0
3.9799999999999587,-0.72695379732371124,0.0,0.0
3.9899999999999585,-0.72053410021393927,0.0,0.0
3.9999999999999583,-0.71408527105671504,0.0,0.0
4.009999999999958,-0.70760754461081177,0.0,0.0
4.0199999999999578,-0.7011011570011717,0.0,0.0
4.0299999999999576,-0.69456634571890663,0.0,0.0
4.0399999999999574,-0.68800334962129817,0.0,0.0
4.0499999999999572,-0.681412408931796,0.0,0.0
4.059999999999957,-0.67479376524002022,0.0,0.0
4.0699999999999568,-0.66814766150176041,0.0,0.0
4.0799999999999566,-0.66147434203897448,0.0,0.0
4.0899999999999563,-0.65477405253979049,0.0,0.0
4.0999999999999561,-0.64804704005850555,0.0,0.0
4.1099999999999559,-0.6412935530155861,0.0,0.0
4.1199999999999557,-0.63451384119766818,0.0,0.0
4.1299999999999555,-0.6277081557575569,0.0,0.0
4.1399999999999553,-0.62087674921422631,0.0,0.0
4.1499999999999551,-0.61401987545282088,0.0,0.0
4.1599999999999548,-0.60713778972465349,0.0,0.0
4.1699999999999546,-0.60023074864720671,0.0,0.0
4.1799999999999544,-0.59329901020413234,0.0,0.0
4.1899999999999542,-0.58634283374525176,0.0,0.0
4.199999999999954,-0.5793624799865551,0.0,0.0
4.2099999999999538,-0.57235821101020279,0.0,0.0
4.2199999999999536,-0.56533029026452353,0.0,0.0
4.2299999999999534,-0.55827898256401642,0.0,0.0
4.2399999999999531,-0.55120455408934899,0.0,0.0
4.2499999999999529,-0.54410727238735834,0.0,0.0
4.2599999999999527,-0.53698740637105136,0.0,0.0
4.2699999999999525,-0.52984522631960351,0.0,0.0
4.2799999999999523,-0.52268100387836047,0.0,0.0
4.2899999999999521,-0.51549501205883674,0.0,0.0
4.2999999999999519,-0.50828752523871634,0.0,0.0
4.3099999999999516,-0.50105881916185235,0.0,0.0
4.3199999999999514,-0.49380917093826726,0.0,0.0
4.3299999999999512,-0.486538859044153,0.0,0.0
4.339999999999951,-0.47924816332187126,0.0,0.0
4.3499999999999508,-0.47193736497995226,0.0,0.0
4.3599999999999506,-0.46460674659309592,0.0,0.0
4.3699999999999504,-0.45725659210217179,0.0,0.0
4.3799999999999502,-0.44988718681421835,0.0,0.0
4.3899999999999499,-0.44249881740244379,0.0,0.0
4.3999999999999497,-0.43509177190622494,0.0,0.0
4.4099999999999495,-0.4276663397311089,0.0,0.0
4.4199999999999493,-0.42022281164881131,0.0,0.0
4.4299999999999491,-0.41276147979721767,0.0,0.0
4.4399999999999489,-0.40528263768038281,0.0,0.0
4.4499999999999487,-0.39778658016853019,0.0,0.0
4.4599999999999485,-0.39027360349805362,0.0,0.0
4.4699999999999482,-0.38274400527151564,0.0,0.0
4.479999999999948,-0.37519808445764835,0.0,0.0
4.4899999999999478,-0.36763614139135303,0.0,0.0
4.4999999999999476,-0.3600584777737002,0.0,0.0
4.5099999999999474,-0.35246539667193011,0.0,0.0
4.5199999999999472,-0.34485720251945201,0.0,0.0
4.529999999999947,-0.33723420111584462,0.0,0.0
4.5399999999999467,-0.32959669962685589,0.0,0.0
4.5499999999999465,-0.3219450065844035,0.0,0.0
4.5599999999999463,-0.31427943188657376,0.0,0.0
4.5699999999999461,-0.30660028679762308,0.0,0.0
4.5799999999999459,-0.29890788394797668,0.0,0.0
4.5899999999999457,-0.29120253733422924,0.0,0.0
4.5999999999999455,-0.28348456231914498,0.0,0.0
4.6099999999999453,-0.27575427563165722,0.0,0.0
4.619999999999945,-0.26801199536686876,0.0,0.0
4.6299999999999448,-0.26025804098605154,0.0,0.0
4.6399999999999446,-0.25249273331664723,0.0,0.0
4.6499999999999444,-0.24471639455226635,0.0,0.0
4.6599999999999442,-0.23692934825268902,0.0,0.0
4.669999999999944,-0.22913191934386498,0.0,0.0
4.6799999999999438,-0.22132443411791269,0.0,0.0
4.6899999999999435,-0.21350722023312038,0.0,0.0
4.6999999999999433,-0.20568060671394542,0.0,0.0
4.7099999999999431,-0.19784492395101472,0.0,0.0
4.7199999999999429,-0.19000050370112448,0.0,0.0
4.7299999999999427,-0.18214767908723992,0.0,0.0
4.7399999999999425,-0.174286784598496,0.0,0.0
4.7499999999999423,-0.16641815609019683,0.0,0.0
4.7599999999999421,-0.15854213078381585,0.0,0.0
4.7699999999999418,-0.15065904726699611,0.0,0.0
4.7799999999999416,-0.14276924549354958,0.0,0.0
4.7899999999999414,-0.13487306678345773,0.0,0.0
4.7999999999999412,-0.12697085382287138,0.0,0.0
4.809999999999941,-0.11906295066411082,0.0,0.0
4.8199999999999408,-0.11114970272566554,0.0,0.0
4.8299999999999406,-0.10323145679219442,0.0,0.0
4.8399999999999403,-0.09530856101452552,0.0,0.0
4.8499999999999401,-0.087381364909656437,0.0,0.0
4.8599999999999399,-0.079450219360754082,0.0,0.0
4.8699999999999397,-0.071515476617154641,0.0,0.0
4.8799999999999395,-0.063577490294363617,0.0,0.0
4.8899999999999393,-0.05563661537405603,0.0,0.0
4.8999999999999391,-0.047693208204075889,0.0,0.0
4.9099999999999389,-0.039747626498436835,0.0,0.0
4.9199999999999386,-0.031800229337321836,0.0,0.0
4.9299999999999384,-0.023851377167083063,0.0,0.0
4.9399999999999382,-0.015901431800242227,0.0,0.0
4.949999999999938,-0.0079507564154900172,0.0,0.0
4.9599999999999378,2.8444231324461025e-07,0.0,0.0
4.9699999999999376,0.0079513249759908117,0.0,0.0
4.9799999999999374,0.015901999388432817,0.0,0.0
4.9899999999999372,0.023851943134978265,0.0,0.0
4.9999999999999369,0.031800793037268849,0.0,0.0
5.0099999999999367,0.039748187283248429,0.0,0.0
5.0199999999999365,0.047693765427163165,0.0,0.0
5.0299999999999363,0.05563716838956153,0.0,0.0
5.0399999999999361,0.063578038457294456,0.0,0.0
5.0499999999999359,0.071516019283515211,0.0,0.0
5.0599999999999357,0.07945075588767922,0.0,0.0
5.0699999999999354,0.087381894655544218,0.0,0.0
5.0799999999999352,0.095309083339170625,0.0,0.0
5.089999999999935,0.10323197105692059,0.0,0.0
5.0999999999999348,0.11115020829345912,0.0,0.0
5.1099999999999346,0.11906344689975344,0.0,0.0
5.1199999999999344,0.12697134009307273,0.0,0.0
5.1299999999999342,0.13487354245698888,0.0,0.0
5.139999999999934,0.14276970994137619,0.0,0.0
5.1499999999999337,0.15065949986241073,0.0,0.0
5.1599999999999335,0.15854257090257187,0.0,0.0
5.1699999999999333,0.16641858311063995,0.0,0.0
5.1799999999999331,0.17428719790169894,0.0,0.0
5.1899999999999329,0.18214807805713429,0.0,0.0
5.1999999999999327,0.19000088772463411,0.0,0.0
5.2099999999999325,0.1978452924181888,0.0,0.0
5.2199999999999322,0.20568095901809128,0.0,0.0
5.229999999999932,0.2135075557709363,0.0,0.0
5.2399999999999318,0.22132475228962128,0.0,0.0
5.2499999999999316,0.22913221955334601,0.0,0.0
5.2599999999999314,0.23692962990761235,0.0,0.0
5.2699999999999312,0.24471665706422485,0.0,0.0
5.279999999999931,0.25249297610129001,0.0,0.0
5.2899999999999308,0.2602582634632169,0.0,0.0
5.2999999999999305,0.26801219696071665,0.0,0.0
5.3099999999999303,0.27575445577080326,0.0,0.0
5.3199999999999301,0.28348472043679235,0.0,0.0
5.3299999999999299,0.29120267286830248,0.0,0.0
5.3399999999999297,0.29890799634125387,0.0,0.0
5.3499999999999295,0.30660037549787006,0.0,0.0
5.3599999999999293,0.31427949634667568,0.0,0.0
5.3699999999999291,0.3219450462624987,0.0,0.0
5.3799999999999288,0.32959671398646906,0.0,0.0
5.3899999999999286,0.33723418962601864,0.0,0.0
5.3999999999999284,0.34485716465488248,0.0,0.0
5.4099999999999282,0.35246533191309726,0.0,0.0
5.419999999999928,0.36005838560700226,0.0,0.0
5.4299999999999278,0.36763602130923895,0.0,0.0
5.4399999999999276,0.37519793595875112,0.0,0.0
5.4499999999999273,0.38274382786078492,0.0,0.0
5.4599999999999271,0.39027339668688926,0.0,0.0
5.4699999999999269,0.39778634347491459,0.0,0.0
5.4799999999999267,0.40528237062901451,0.0,0.0
5.4899999999999265,0.41276118191964389,0.0,0.0
5.4999999999999263,0.42022248248356098,0.0,0.0
5.5099999999999261,0.42766597882382579,0.0,0.0
5.5199999999999259,0.43509137880980098,0.0,0.0
5.5299999999999256,0.44249839167715083,0.0,0.0
5.5399999999999254,0.44988672802784319,0.0,0.0
5.5499999999999252,0.4572560998301472,0.0,0.0
5.559999999999925,0.46460622041863425,0.0,0.0
5.5699999999999248,0.47193680449417907,0.0,0.0
5.5799999999999246,0.47924756812395763,0.0,0.0
5.5899999999999244,0.48653822874144892,0.0,0.0
5.5999999999999241,0.49380850514643393,0.0,0.0
5.6099999999999239,0.50105811750499596,0.0,0.0
5.6199999999999237,0.50828678734952104,0.0,0.0
5.6299999999999235,0.51549423757869683,0.0,0.0
5.6399999999999233,0.52268019245751374,0.0,0.0
5.6499999999999231,0.52984437761726488,0.0,0.0
5.6599999999999229,0.53698652005554504,0.0,0.0
5.6699999999999227,0.54410634813625158,0.0,0.0
5.6799999999999224,0.55120359158958387,0.0,0.0
5.6899999999999222,0.55827798151204433,0.0,0.0
5.699999999999922,0.56532925036643722,0.0,0.0
5.7099999999999218,0.5723571319818691,0.0,0.0
5.7199999999999216,0.57936136155374884,0.0,0.0
5.7299999999999214,0.58634167564378792,0.0,0.0
5.7399999999999212,0.59329781217999999,0.0,0.0
5.749999999999921,0.60022951045670081,0.0,0.0
5.7599999999999207,0.60713651113450895,0.0,0.0
5.7699999999999205,0.61401855624034463,0.0,0.0
5.7799999999999203,0.62087538916743124,0.0,0.0
5.7899999999999201,0.62770675467529358,0.0,0.0
5.7999999999999199,0.63451239888975952,0.0,0.0
5.8099999999999197,0.64129206930295879,0.0,0.0
5.8199999999999195,0.64804551477332384,0.0,0.0
5.8299999999999192,0.6547724855255892,0.0,0.0
5.839999999999919,0.66147273315079136,0.0,0.0
5.8499999999999188,0.6681460106062701,0.0,0.0
5.8599999999999186,0.67479207221566651,0.0,0.0
5.8699999999999184,0.6814106736689246,0.0,0.0
5.8799999999999182,0.68800157202229073,0.0,0.0
5.889999999999918,0.69456452569831295,0.0,0.0
5.8999999999999178,0.70109929448584274,0.0,0.0
5.9099999999999175,0.70760563954003275,0.0,0.0
5.9199999999999173,0.71408332338233849,0.0,0.0
5.9299999999999171,0.7205321099005183,0.0,0.0
5.9399999999999169,0.72695176434863129,0.0,0.0
5.9499999999999167,0.73334205334704128,0.0,0.0
5.9599999999999165,0.73970274488241161,0.0,0.0
5.9699999999999163,0.74603360830771059,0.0,0.0
5.979999999999916,0.75233441434220694,0.0,0.0
5.9899999999999158,0.75860493507147264,0.0,0.0
5.9999999999999156,0.76484494394738201,0.0,0.0
6.0099999999999154,0.77105421578811117,0.0,0.0
6.0199999999999152,0.7772325267781387,0.0,0.0
6.029999999999915,0.7833796544682462,0.0,0.0
6.0399999999999148,0.7894953777755167,0.0,0.0
6.0499999999999146,0.79557947698333575,0.0,0.0
6.0599999999999143,0.80163173374139174,0.0,0.0
6.0699999999999141,0.80765193106567468,0.0,0.0
6.0799999999999139,0.81363985333847788,0.0,0.0
6.0899999999999137,0.81959528630839562,0.0,0.0
6.0999999999999135,0.8255180170903258,0.0,0.0
6.1099999999999133,0.8314078341654676,0.0,0.0
6.1199999999999131,0.8372645273813234,0.0,0.0
6.1299999999999129,0.84308788795169753,0.0,0.0
6.1399999999999126,0.84887770845669641,0.0,0.0
6.1499999999999124,0.85463378284272906,0.0,0.0
6.1599999999999122,0.86035590642250659,0.0,0.0
6.169999999999912,0.86604387587504306,0.0,0.0
6.1799999999999118,0.87169748924565416,0.0,0.0
6.1899999999999116,0.87731654594595809,0.0,0.0
6.1999999999999114,0.88290084675387548,0.0,0.0
6.2099999999999111,0.88845019381362944,0.0,0.0
6.2199999999999109,0.89396439063574507,0.0,0.0
6.2299999999999107,0.89944324209704973,0.0,0.0
6.2399999999999105,0.90488655444067378,0.0,0.0
6.2499999999999103,0.91029413527604897,0.0,0.0
6.2599999999999101,0.91566579357891009,0.0,0.0
6.2699999999999099,0.92100133969129416,0.0,0.0
6.2799999999999097,0.92630058532153992,0.0,0.0
6.2899999999999094,0.9315633435442896,0.0,0.0
6.2999999999999092,0.93678942880048621,0.0,0.0
6.309999999999909,0.94197865689737637,0.0,0.0
6.3199999999999088,0.94713084500850853,0.0,0.0
6.3299999999999086,0.95224581167373357,0.0,0.0
6.3399999999999084,0.95732337679920498,0.0,0.0
6.3499999999999082,0.96236336165737713,0.0,0.0
6.3599999999999079,0.96736558888700885,0.0,0.0
6.3699999999999077,0.97232988249315988,0.0,0.0
6.3799999999999075,0.97725606784719288,0.0,0.0
6.3899999999999073,0.98214397168677237,0.0,0.0
6.3999999999999071,0.98699342211586572,0.0,0.0
6.4099999999999069,0.99180424860474203,0.0,0.0
6.4199999999999067,0.99657628198997306,0.0,0.0
6.4299999999999065,1.0013093544744331,0.0,0.0
6.4399999999999062,1.0060032996272987,0.0,0.0
6.449999999999906,1.0106579523840482,0.0,0.0
6.4599999999999058,1.015273149046463,0.0,0.0
6.4699999999999056,1.019848727282626,0.0,0.0
6.4799999999999054,1.0243845261269235,0.0,0.0
6.4899999999999052,1.0288803859800431,0.0,0.0
6.499999999999905,1.0333361486089754,0.0,0.0
6.5099999999999048,1.0377516571470127,0.0,0.0
6.5199999999999045,1.0421267560937504,0.0,0.0
6.5299999999999043,1.0464612913150855,0.0,0.0
6.5399999999999041,1.0507551100432182,0.0,0.0
6.5499999999999039,1.0550080608766501,0.0,0.0
6.5599999999999037,1.0592199937801854,0.0,0.0
6.5699999999999035,1.0633907600849308,0.0,0.0
6.5799999999999033,1.0675202124882954,0.0,0.0
6.589999999999903,1.0716082050539906,0.0,0.0
6.5999999999999028,1.0756545932120294,0.0,0.0
6.6099999999999026,1.0796592337587283,0.0,0.0
6.6199999999999024,1.0836219848567055,0.0,0.0
6.6299999999999022,1.0875427060348815,0.0,0.0
6.639999999999902,1.0914212581884792,0.0,0.0
6.6499999999999018,1.0952575035790235,0.0,0.0
6.6599999999999016,1.0990513058343423,0.0,0.0
6.6699999999999013,1.1028025299485658,0.0,0.0
6.6799999999999011,1.1065110422821256,0.0,0.0
6.6899999999999009,1.1101767105617566,0.0,0.0
6.6999999999999007,1.1137994038804957,0.0,0.0
6.7099999999999005,1.1173789926976816,0.0,0.0
6.7199999999999003,1.1209153488389567,0.0,0.0
6.7299999999999001,1.1244083454962639,0.0,0.0
6.7399999999998998,1.1278578572278499,0.0,0.0
6.7499999999998996,1.1312637599582629,0.0,0.0
6.7599999999998994,1.1346259309783537,0.0,0.0
6.7699999999998992,1.137944248945276,0.0,0.0
6.779999999999899,1.1412185938824844,0.0,0.0
6.7899999999998988,1.1444488471797378,0.0,0.0
6.7999999999998986,1.147634891593095,0.0,0.0
6.8099999999998984,1.1507766112449194,0.0,0.0
6.8199999999998981,1.1538738916238753,0.0,0.0
6.8299999999998979,1.1569266195849299,0.0,0.0
6.8399999999998977,1.1599346833493531,0.0,0.0
6.8499999999998975,1.1628979725047159,0.0,0.0
6.8599999999998973,1.1658163780048925,0.0,0.0
6.8699999999998971,1.1686897921700594,0.0,0.0
6.8799999999998969,1.1715181086866957,0.0,0.0
6.8899999999998967,1.1743012226075817,0.0,0.0
6.8999999999998964,1.1770390303518015,0.0,0.0
6.9099999999998962,1.1797314297047405,0.0,0.0
6.919999999999896,1.1823783198180864,0.0,0.0
6.9299999999998958,1.1849796012098301,0.0,0.0
6.9399999999998956,1.1875351757642638,0.0,0.0
6.9499999999998954,1.1900449467319829,0.0,0.0
6.9599999999998952,1.192508818729884,0.0,0.0
6.9699999999998949,1.1949266977411677,0.0,0.0
6.9799999999998947,1.1972984911153353,0.0,0.0
6.9899999999998945,1.1996241075681915,0.0,0.0
6.9999999999998943,1.2019034571818425,0.0,0.0
7.0099999999998941,1.2041364514046977,0.0,0.0
7.0199999999998939,1.206323003051468,0.0,0.0
7.0299999999998937,1.208463026303167,0.0,0.0
7.0399999999998935,1.2105564367071109,0.0,0.0
7.0499999999998932,1.2126031511769177,0.0,0.0
7.059999999999893,1.2146030879925083,0.0,0.0
7.0699999999998928,1.216556166800105,0.0,0.0
7.0799999999998926,1.2184623086122337,0.0,0.0
7.0899999999998924,1.2203214358077217,0.0,0.0
7.0999999999998922,1.2221334721316985,0.0,0.0
7.109999999999892,1.2238983426955967,0.0,0.0
7.1199999999998917,1.2256159739771508,0.0,0.0
7.1299999999998915,1.2272862938203974,0.0,0.0
7.1399999999998913,1.2289092314356762,0.0,0.0
7.1499999999998911,1.2304847173996281,0.0,0.0
7.1599999999998909,1.232012683655197,0.0,0.0
7.1699999999998907,1.2334930635116295,0.0,0.0
7.1799999999998905,1.2349257916444736,0.0,0.0
7.1899999999998903,1.2363108040955806,0.0,0.0
7.19999999999989,1.2376480382731032,0.0,0.0
7.2099999999998898,1.2389374329514971,0.0,0.0
7.2199999999998896,1.2401789282715194,0.0,0.0
7.2299999999998894,1.2413724657402312,0.0,0.0
7.2399999999998892,1.2425179882309945,0.0,0.0
7.249999999999889,1.2436154399834738,0.0,0.0
7.2599999999998888,1.2446647666036366,0.0,0.0
7.2699999999998886,1.2456659150637519,0.0,0.0
7.2799999999998883,1.2466188337023916,0.0,0.0
7.2899999999998881,1.2475234722244302,0.0,0.0
7.2999999999998879,1.2483797817010436,0.0,0.0
7.3099999999998877,1.2491877145697101,0.0,0.0
7.3199999999998875,1.2499472246342116,0.0,0.0
7.3299999999998873,1.2506582670646309,0.0,0.0
7.3399999999998871,1.2513207983973542,0.0,0.0
7.3499999999998868,1.2519347765350688,0.0,0.0
7.3599999999998866,1.252500160746765,0.0,0.0
7.3699999999998864,1.2530169116677363,0.0,0.0
7.3799999999998862,1.2534849912995774,0.0,0.0
7.389999999999886,1.2539043630101852,0.0,0.0
7.3999999999998858,1.2542749915337594,0.0,0.0
7.4099999999998856,1.2545968429708023,0.0,0.0
7.4199999999998854,1.2548698847881177,0.0,0.0
7.4299999999998851,1.2550940858188129,0.0,0.0
7.4399999999998849,1.2552694162622964,0.0,0.0
7.4499999999998847,1.2553958476842793,0.0,0.0
7.4599999999998845,1.2554733530167752,0.0,0.0
7.4699999999998843,1.2555019065824711,0.0,0.0
7.4799999999998841,1.2554814843628024,0.0,0.0
7.4899999999998839,1.2554120642660311,0.0,0.0
7.4999999999998836,1.2552936261516152,0.0,0.0
7.5099999999998834,1.2551261518302095,0.0,0.0
7.5199999999998832,1.2549096250636647,0.0,0.0
7.529999999999883,1.2546440315650287,0.0,0.0
7.5399999999998828,1.2543293589985451,0.0,0.0
7.5499999999998826,1.2539655969796546,0.0,0.0
7.5599999999998824,1.2535527370749942,0.0,0.0
7.5699999999998822,1.2530907728023961,0.0,0.0
7.5799999999998819,1.2525796996308911,0.0,0.0
7.5899999999998817,1.2520195149807054,0.0,0.0
7.5999999999998815,1.2514102182232609,0.0,0.0
7.6099999999998813,1.250751810681177,0.0,0.0
7.6199999999998811,1.2500442956282689,0.0,0.0
7.6299999999998809,1.249287678289549,0.0,0.0
7.6399999999998807,1.2484819658412252,0.0,0.0
7.6499999999998805,1.2476271674107027,0.0,0.0
7.6599999999998802,1.2467232940765822,0.0,0.0
7.66999999999988,1.2457703588686617,0.0,0.0
7.6799999999998798,1.2447683767679358,0.0,0.0
7.6899999999998796,1.2437173647065944,0.0,0.0
7.6999999999998794,1.2426173415680242,0.0,0.0
7.7099999999998792,1.2414683281868095,0.0,0.0
7.719999999999879,1.2402703473487302,0.0,0.0
7.7299999999998787,1.2390234237907618,0.0,0.0
7.7399999999998785,1.2377275842010775,0.0,0.0
7.7499999999998783,1.2363828572190467,0.0,0.0
7.7599999999998781,1.234989273435235,0.0,0.0
7.7699999999998779,1.2335468653914043,0.0,0.0
7.7799999999998777,1.2320556675805132,0.0,0.0
7.7899999999998775,1.2305157164467169,0.0,0.0
7.7999999999998773,1.2289270503853664,0.0,0.0
7.809999999999877,1.22728970974301,0.0,0.0
7.8199999999998768,1.2256037368173918,0.0,0.0
7.8299999999998766,1.2238691758574523,0.0,0.0
7.8399999999998764,1.2220860730633289,0.0,0.0
7.8499999999998762,1.2202544765863557,0.0,0.0
7.859999999999876,1.2183744365290621,0.0,0.0
7.8699999999998758,1.2164460049451751,0.0,0.0
7.8799999999998755,1.214469235839617,0.0,0.0
7.8899999999998753,1.2124441851685075,0.0,0.0
7.8999999999998751,1.2103709108391631,0.0,0.0
7.9099999999998749,1.2082494727100952,0.0,0.0
7.9199999999998747,1.2060799325910128,0.0,0.0
7.9299999999998745,1.2038623542428213,0.0,0.0
7.9399999999998743,1.2015968033776216,0.0,0.0
7.9499999999998741,1.1992833476587128,0.0,0.0
7.9599999999998738,1.1969220567005887,0.0,0.0
7.9699999999998736,1.1945130020689401,0.0,0.0
7.9799999999998734,1.1920562572806548,0.0,0.0
7.9899999999998732,1.1895518978038164,0.0,0.0
7.999999999999873,1.1870000010577055,0.0,0.0
8.0099999999998737,1.1844006464127979,0.0,0.0
8.0199999999998735,1.1817539151907677,0.0,0.0
8.0299999999998732,1.1790598906644838,0.0,0.0
8.039999999999873,1.1763186580580129,0.0,0.0
8.0499999999998728,1.173530304546617,0.0,0.0
8.0599999999998726,1.1706949192567546,0.0,0.0
8.0699999999998724,1.1678125932660819,0.0,0.0
8.0799999999998722,1.1648834196034503,0.0,0.0
8.089999999999872,1.1619074932489082,0.0,0.0
8.0999999999998717,1.1588849111336998,0.0,0.0
8.1099999999998715,1.1558157721402664,0.0,0.0
8.1199999999998713,1.1527001771022458,0.0,0.0
8.1299999999998711,1.1495382288044718,0.0,0.0
8.1399999999998709,1.1463300319829748,0.0,0.0
8.1499999999998707,1.1430756933249819,0.0,0.0
8.1599999999998705,1.1397753214689161,0.0,0.0
8.1699999999998703,1.1364290270043977,0.0,0.0
8.17999999999987,1.1330369224722421,0.0,0.0
8.1899999999998698,1.1295991223644626,0.0,0.0
8.1999999999998696,1.1261157431242679,0.0,0.0
8.2099999999998694,1.1225869031460636,0.0,0.0
8.2199999999998692,1.1190127227754518,0.0,0.0
8.229999999999869,1.1153933243092309,0.0,0.0
8.2399999999998688,1.1117288319953955,0.0,0.0
8.2499999999998685,1.1080193720331371,0.0,0.0
8.2599999999998683,1.1042650725728438,0.0,0.0
8.2699999999998681,1.100466063716099,0.0,0.0
8.2799999999998679,1.0966224775156839,0.0,0.0
8.2899999999998677,1.092734447975575,0.0,0.0
8.2999999999998675,1.0888021110509463,0.0,0.0
8.3099999999998673,1.0848256046481677,0.0,0.0
8.3199999999998671,1.0808050686248054,0.0,0.0
8.3299999999998668,1.0767406447896222,0.0,0.0
8.3399999999998666,1.0726324769025775,0.0,0.0
8.3499999999998664,1.0684807106748271,0.0,0.0
8.3599999999998662,1.0642854937687227,0.0,0.0
8.369999999999866,1.0600469757978135,0.0,0.0
8.3799999999998658,1.0557653083268441,0.0,0.0
8.3899999999998656,1.0514406448717561,0.0,0.0
8.3999999999998654,1.0470731408996874,0.0,0.0
8.4099999999998651,1.0426629538289724,0.0,0.0
8.4199999999998649,1.0382102430291416,0.0,0.0
8.4299999999998647,1.0337151698209228,0.0,0.0
8.4399999999998645,1.0291778974762391,0.0,0.0
8.4499999999998643,1.0245985912182112,0.0,0.0
8.4599999999998641,1.019977418221155,0.0,0.0
8.4699999999998639,1.015314547610584,0.0,0.0
8.4799999999998636,1.0106101504632075,0.0,0.0
8.4899999999998634,1.0058643998069314,0.0,0.0
8.4999999999998632,1.0010774706208581,0.0,0.0
8.509999999999863,0.99624953983528608,0.0,0.0
8.5199999999998628,0.99138078633171089,0.0,0.0
8.5299999999998626,0.98647139094282399,0.0,0.0
8.5399999999998624,0.98152153645251361,0.0,0.0
8.5499999999998622,0.9765314075958641,0.0,0.0
8.5599999999998619,0.97150119105915644,0.0,0.0
8.5699999999998617,0.96643107547986851,0.0,0.0
8.5799999999998615,0.96132125144667346,0.0,0.0
8.5899999999998613,0.95617191149944192,0.0,0.0
8.5999999999998611,0.95098325012924079,0.0,0.0
8.6099999999998609,0.94575546377833297,0.0,0.0
8.6199999999998607,0.94048875084017858,0.0,0.0
8.6299999999998604,0.9351833116594328,0.0,0.0
8.6399999999998602,0.92983934853194916,0.0,0.0
8.64999999999986,0.92445706570477593,0.0,0.0
8.6599999999998598,0.91903666937615869,0.0,0.0
8.6699999999998596,0.91357836769553935,0.0,0.0
8.6799999999998594,0.90808237076355613,0.0,0.0
8.6899999999998592,0.90254889063204369,0.0,0.0
8.699999999999859,0.89697814130403297,0.0,0.0
8.7099999999998587,0.89137033873375215,0.0,0.0
8.7199999999998585,0.88572570082662483,0.0,0.0
8.7299999999998583,0.88004444743927179,0.0,0.0
8.7399999999998581,0.87432680037950972,0.0,0.0
8.7499999999998579,0.86857298340635192,0.0,0.0
8.7599999999998577,0.86278322223000847,0.0,0.0
8.7699999999998575,0.85695774451188533,0.0,0.0
8.7799999999998573,0.85109677986458532,0.0,0.0
8.789999999999857,0.84520055985190767,0.0,0.0
8.7999999999998568,0.83926931798884785,0.0,0.0
8.8099999999998566,0.83330328974159795,0.0,0.0
8.8199999999998564,0.82730271252754628,0.0,0.0
8.8299999999998562,0.8212678257152779,0.0,0.0
8.839999999999856,0.81519887062457397,0.0,0.0
8.8499999999998558,0.80909609052641251,0.0,0.0
8.8599999999998555,0.80295973064296744,0.0,0.0
8.8699999999998553,0.79679003814760985,0.0,0.0
8.8799999999998551,0.79058726216490638,0.0,0.0
8.8899999999998549,0.78435165377062077,0.0,0.0
8.8999999999998547,0.77808346599171307,0.0,0.0
8.9099999999998545,0.77178295380633954,0.0,0.0
8.9199999999998543,0.76545037414385342,0.0,0.0
8.9299999999998541,0.75908598588480369,0.0,0.0
8.9399999999998538,0.75269004986093613,0.0,0.0
8.9499999999998536,0.74626282885519302,0.0,0.0
8.9599999999998534,0.73980458760171308,0.0,0.0
8.9699999999998532,0.73331559278583114,0.0,0.0
8.979999999999853,0.72679611304407887,0.0,0.0
8.9899999999998528,0.7202464189641844,0.0,0.0
8.9999999999998526,0.71366678308507181,0.0,0.0
9.0099999999998523,0.70705747989686218,0.0,0.0
9.0199999999998521,0.70041878584087269,0.0,0.0
9.0299999999998519,0.69375097930961704,0.0,0.0
9.0399999999998517,0.68705434064680548,0.0,0.0
9.0499999999998515,0.68032915214734468,0.0,0.0
9.0599999999998513,0.67357569805733741,0.0,0.0
9.0699999999998511,0.66679426457408342,0.0,0.0
9.0799999999998509,0.65998513984607876,0.0,0.0
9.0899999999998506,0.65314861397301538,0.0,0.0
9.0999999999998504,0.64628497900578252,0.0,0.0
9.1099999999998502,0.6393945289464652,0.0,0.0
9.11999999999985,0.63247755974834541,0.0,0.0
9.1299999999998498,0.62553436931590078,0.0,0.0
9.1399999999998496,0.6185652575048064,0.0,0.0
9.1499999999998494,0.61157052612193297,0.0,0.0
9.1599999999998492,0.60455047892534808,0.0,0.0
9.1699999999998489,0.59750542162431575,0.0,0.0
9.1799999999998487,0.59043566187929608,0.0,0.0
9.1899999999998485,0.58334150930194606,0.0,0.0
9.1999999999998483,0.57622327545511887,0.0,0.0
9.2099999999998481,0.56908127385286422,0.0,0.0
9.2199999999998479,0.56191581996042816,0.0,0.0
9.2299999999998477,0.55472723119425327,0.0,0.0
9.2399999999998474,0.54751582692197853,0.0,0.0
9.2499999999998472,0.54028192846243939,0.0,0.0
9.259999999999847,0.53302585908566791,0.0,0.0
9.2699999999998468,0.52574794401289204,0.0,0.0
9.2799999999998466,0.51844851041653695,0.0,0.0
9.2899999999998464,0.51112788742022353,0.0,0.0
9.2999999999998462,0.50378640609876957,0.0,0.0
9.309999999999846,0.49642439947818923,0.0,0.0
9.3199999999998457,0.48904220253569297,0.0,0.0
9.3299999999998455,0.48164015219968759,0.0,0.0
9.3399999999998453,0.47421858734977684,0.0,0.0
9.3499999999998451,0.46677784881676038,0.0,0.0
9.3599999999998449,0.45931827938263453,0.0,0.0
9.3699999999998447,0.45184022378059208,0.0,0.0
9.3799999999998445,0.44434402869502204,0.0,0.0
9.3899999999998442,0.43683004276151027,0.0,0.0
9.399999999999844,0.42929861656683871,0.0,0.0
9.4099999999998438,0.42175010264898583,0.0,0.0
9.4199999999998436,0.41418485549712669,0.0,0.0
9.4299999999998434,0.40660323155163264,0.0,0.0
9.4399999999998432,0.39900558920407148,0.0,0.0
9.449999999999843,0.39139228879720744,0.0,0.0
9.4599999999998428,0.38376369262500126,0.0,0.0
9.4699999999998425,0.37612016493261019,0.0,0.0
9.4799999999998423,0.36846207191638775,0.0,0.0
9.4899999999998421,0.36078978172388393,0.0,0.0
9.4999999999998419,0.35310366445384533,0.0,0.0
9.5099999999998417,0.34540409215621481,0.0,0.0
9.5199999999998415,0.33769143883213171,0.0,0.0
9.5299999999998413,0.32996608043393183,0.0,0.0
9.5399999999998411,0.32222839486514748,0.0,0.0
9.5499999999998408,0.31447876198050728,0.0,0.0
9.5599999999998406,0.30671756358593638,0.0,0.0
9.5699999999998404,0.29894518343855642,0.0,0.0
9.5799999999998402,0.29116200724668528,0.0,0.0
9.58999999999984,0.28336842266983747,0.0,0.0
9.5999999999998398,0.27556481931872395,0.0,0.0
9.6099999999998396,0.26775158875525196,0.0,0.0
9.6199999999998393,0.25992912449252537,0.0,0.0
9.6299999999998391,0.25209782199484437,0.0,0.0
9.6399999999998389,0.24425807867770549,0.0,0.0
9.6499999999998387,0.23641029390780205,0.0,0.0
9.6599999999998385,0.22855486900302346,0.0,0.0
9.6699999999998383,0.22069220723245572,0.0,0.0
9.6799999999998381,0.21282271381638121,0.0,0.0
9.6899999999998379,0.20494679592627893,0.0,0.0
9.6999999999998376,0.19706486268482415,0.0,0.0
9.7099999999998374,0.18917732516588856,0.0,0.0
9.7199999999998372,0.18128459639454034,0.0,0.0
9.729999999999837,0.17338709134704419,0.0,0.0
9.7399999999998368,0.16548522695086124,0.0,0.0
9.7499999999998366,0.15757942208464884,0.0,0.0
9.7599999999998364,0.14967009757826108,0.0,0.0
9.7699999999998361,0.14175767621274832,0.0,0.0
9.7799999999998359,0.1338425827203574,0.0,0.0
9.7899999999998357,0.1259252437845316,0.0,0.0
9.7999999999998355,0.11800608803991068,0.0,0.0
9.8099999999998353,0.11008554607233077,0.0,0.0
9.8199999999998351,0.10216405041882447,0.0,0.0
9.8299999999998349,0.094242035567620869,0.0,0.0
9.8399999999998347,0.086319937958145451,0.0,0.0
9.8499999999998344,0.078398195981020116,0.0,0.0
9.8599999999998342,0.070477249978063275,0.0,0.0
9.869999999999834,0.062557542242289696,0.0,0.0
9.8799999999998338,0.054639517017910699,0.0,0.0
