0.01,4.2717819187758321,16.196804999098486,19.007487756989146
0.02,4.679374100824683,12.148620855442955,18.887305446039541
0.029999999999999999,4.3599780825681469,8.4080935539512431,18.691291310868984
0.040000000000000001,3.051331585508227,5.488530084144096,17.91087133221319
0.050000000000000003,1.3595788403831843,3.0943230560204009,17.025714467125312
0.060000000000000005,-0.24699464032236129,0.75654028465009771,16.626322001705834
0.070000000000000007,-0.94768939288909859,-1.9666399648567929,15.929507634232809
0.080000000000000002,-0.6549312130253564,-5.4074021710660682,14.279903509805971
0.089999999999999997,-0.47665029765653832,-8.3176692503289118,13.003727362240419
0.099999999999999992,0.092001575343133801,-6.9689378951398906,13.468948620975782
0.10999999999999999,0.54892993329113393,-3.6688931989358275,14.648989550012621
0.11999999999999998,0.48771280744628598,-0.59933550670294067,16.073761534452913
0.12999999999999998,-0.32255854059295519,0.97901841911862331,18.77320264312095
0.13999999999999999,-1.8252171278994394,0.87792680394456024,22.563691390275356
0.14999999999999999,-3.541006211234023,0.23498719588435604,26.356144086573181
0.16,-5.1775616481388695,-0.54965193402404888,28.438368026316372
0.17000000000000001,-6.3301245010388323,-0.97261545074388633,26.972111548176304
0.18000000000000002,-7.0682456723184899,-1.1257785895153634,24.865244476381168
0.19000000000000003,-7.5360012113742343,-1.0901440933867239,22.730671411367041
0.20000000000000004,-7.8316441225450042,-0.88998930147022981,20.530018348682301
0.21000000000000005,-8.0384965722962303,-0.55203675732200397,18.263397717109896
0.22000000000000006,-8.1932873826429766,0.028958987211764486,16.647975889665993
0.23000000000000007,-8.3036827295657325,0.83428547581384849,16.100222961178108
0.24000000000000007,-8.3425534546983631,1.6291729172770055,15.723015087098485
0.25000000000000006,-8.3301127857084243,2.0189578252138092,15.280229144640472
0.26000000000000006,-8.5180554192744626,0.70469533852746369,14.356987661240442
0.27000000000000007,-8.5412340431087266,-0.87109692001854933,13.387510086330504
0.28000000000000008,-8.2572396924963876,-2.1730363219398572,12.307417161248194
0.29000000000000009,-7.3318473231717949,-2.1711917837000092,10.283047731076865
0.3000000000000001,-6.1277439054897487,-1.3300246096665109,7.5832885681012714
0.31000000000000011,-5.0503323877617747,-0.44562494734356456,4.8060657097677266
0.32000000000000012,-4.1639612268352515,0.44958361213033571,2.0057291670396111
0.33000000000000013,-3.4944792472557675,1.3772032604756084,-0.80198525880512417
0.34000000000000014,-2.9741875350729421,2.9341592937678129,-3.2084955395656967
0.35000000000000014,-2.2614647423118894,7.6564390863228295,-3.3872374791219237
0.36000000000000015,-1.5443411104640405,6.1634752490313129,-3.3624788129659078
0.37000000000000016,-0.90242710475123356,-9.9700658987699171,-5.3684023040804174
0.38000000000000017,-0.19619370026991367,-13.494639699761084,-6.1557492687874014
0.39000000000000018,0.5591811241287421,-1.3618969578433111,-4.8433398807692702
0.40000000000000019,1.4181860124503678,9.9126365814088278,-4.4927432980408959
0.4100000000000002,3.0810338634738343,6.5427693288969904,-11.487735958132676
0.42000000000000021,3.6977728878493767,0.31118212632177372,-19.812678936849821
0.43000000000000022,3.0688014992334214,-5.1589622930948345,-27.885336959217227
0.44000000000000022,1.5777300724048189,-5.5556721364634418,-35.207513484125606
0.45000000000000023,-0.11134021116937376,-1.8824237309661265,-41.729019018388406
0.46000000000000024,-1.8211762471457718,1.7243087173247071,-43.751321429315738
0.47000000000000025,-3.5152823418239745,3.595726271109648,-36.904156183175559
0.48000000000000026,-4.190919166913087,3.1335286216451599,-28.734379081556895
0.49000000000000027,-4.3871461979311821,0.97699714661513593,-20.936585097635856
0.50000000000000022,-5.3004957756980193,-1.881970424072126,-14.084388153731428
0.51000000000000023,-6.9899385796540203,-4.4451243900620181,-7.5036696214926302
0.52000000000000024,-9.0329872619516447,-5.6281017609691739,-1.2920990231046758
0.53000000000000025,-9.4685182240617713,-2.2415242902641421,1.1664583670252675
0.54000000000000026,-7.869021220339631,4.5652857259097104,-0.18015860739350265
0.55000000000000027,-5.965032368406332,10.916624018009022,-1.9985953642455931
0.56000000000000028,-5.07967791716987,11.174245768483901,-3.3487491668896698
0.57000000000000028,-6.4446838376271627,-0.10567000436241231,-3.5301376807642653
0.58000000000000029,-8.1229448853720037,-11.463019710178559,-3.2211408308994685
0.5900000000000003,-8.7682652336778197,-12.547390922405288,-2.2983627030054441
0.60000000000000031,-8.715642672151299,-6.5437290219070006,-1.2245625214178699
0.61000000000000032,-8.7279213084307052,0.052553057271792658,-0.50802164903029379
0.62000000000000033,-8.9158017261778397,3.0874473627079215,-1.2996067497970354
0.63000000000000034,-9.223239360384806,1.6385618476433828,-3.875642238445987
0.64000000000000035,-9.3148551760268798,3.5466013134663554,-5.4538299103974897
0.65000000000000036,-9.3066934404635528,3.9310520754729383,-4.4859608463294052
0.66000000000000036,-10.081492623868609,-5.3901627529104337,1.1922354098094665
0.67000000000000037,-10.917565166048218,3.9617409253817906,-6.3896987624362147
0.68000000000000038,-11.352882907148199,3.2723893831506441,-2.3226460126982138
0.69000000000000039,-11.042726526024431,-3.3048032761414925,5.821199599554328
0.7000000000000004,-10.412110511215008,3.2562835355899158,-0.87150537912039194
0.71000000000000041,-9.5446085409794108,2.8009911640699876,3.8526924727524139
0.72000000000000042,-9.7790217539275837,2.2253684741438846,3.5740306447123498
0.73000000000000043,-10.144185294336793,2.072157472602945,1.7524750818488313
0.74000000000000044,-10.382994137250229,1.9877063512756741,0.12274097137383766
0.75000000000000044,-10.444945297054479,1.4490686371714532,-0.31946733661852189
0.76000000000000045,-10.386094555066373,0.72456460531379685,-0.22706638970603255
0.77000000000000046,-10.257349014864126,0.14617930040314192,-0.12915583040722467
0.78000000000000047,-10.104207434918614,0.064162629324548637,0.098613607858085928
0.79000000000000048,-9.9437398357715132,0.4320832422371681,0.46182270398001357
0.80000000000000049,-9.7555075333174486,0.87176021961570371,0.84196505061346461
0.8100000000000005,-9.5446188879899196,1.3345877823107712,1.2229221638655705
0.82000000000000051,-9.3208707923291101,1.8172747708315709,1.6050783129442623
0.83000000000000052,-9.1250350736860035,2.253223347887094,1.8715778842119941
0.84000000000000052,-9.1379637956303128,2.2252818076492797,1.3940590834801463
0.85000000000000053,-9.3156221881598817,1.6565664293927416,0.38293403891685251
0.86000000000000054,-9.5351481001724832,0.73739493989767635,-0.58409197024219406
0.87000000000000055,-9.6971523368404355,0.0016448315317584006,0.078958539829271146
0.88000000000000056,-9.7260360475356684,0.47212344974425297,2.5414331054686823
0.89000000000000057,-9.9181525673301429,0.33155646955216111,1.790092483766121
0.90000000000000058,-9.9846613817846297,-0.35235600919897514,0.80222843725514625
0.91000000000000059,-9.9119070175444044,-0.65339627253489152,0.75907201309701833
0.9200000000000006,-9.8473321836426049,-0.97266053979799438,0.70426266757551037
0.9300000000000006,-9.7855433408315768,-1.3075429174334094,0.64015254884511563
0.94000000000000061,-9.7199873441323792,-1.6553405533233256,0.57014962673426428
0.95000000000000062,-9.5661532288503146,-1.889840089817505,0.55584912310758217
0.96000000000000063,-9.0233445642061483,-1.4949860803021626,0.84884659425154929
0.97000000000000064,-8.4612403966979208,-0.99412469139528303,1.2202540563984798
0.98000000000000065,-7.9949245186232254,-0.54751104592963196,1.6128732152971219
0.99000000000000066,-7.8152456032801894,-0.33299068980976038,2.0425283182789049
1.0000000000000007,-7.8297135709523022,-0.28666728392394847,2.4918018936027178
1.0100000000000007,-7.8518707411930464,-0.24251932880722174,2.9028215535812651
1.0200000000000007,-7.7360277954896439,0.43477823632714485,2.8682594264997303
1.0300000000000007,-7.3763720032931683,2.2371676698447374,2.1727819665367964
1.0400000000000007,-6.8842811227676481,4.4936460288611988,1.3550946187643729
1.0500000000000007,-6.1557483107822017,6.7468126472184586,0.66228685299481072
1.0600000000000007,-4.6219032535697178,7.4877492922029445,0.53226492809728843
1.0700000000000007,-3.0693318383581207,7.6269640163056289,0.71318494109092501
1.0800000000000007,-2.8837569324553014,6.3372112809613217,2.3779838471790424
1.0900000000000007,-4.1482504925177803,3.449878291668202,5.4615403830625588
1.1000000000000008,-5.6659323657112717,0.009462222207115345,8.6185727909604974
1.1100000000000008,-6.463744292778717,-2.2533218341823025,10.17944475221846
1.1200000000000008,-5.4172988685932983,-1.0919752510173537,8.5029778928956858
1.1300000000000008,-3.5626551444937098,0.9895641511272053,6.4295763189859336
1.1400000000000008,-0.96343111975158435,1.0375024600394349,5.1977115306497321
1.1500000000000008,2.1851796542896067,-11.53493291966034,7.525478430637083
1.1600000000000008,4.8679352252298713,-17.044434567274944,11.406525097066368
1.1700000000000008,6.5709414597324338,4.2606327543526703,15.277767418895628
1.1800000000000008,6.6832296633952062,15.390651648736522,19.231506236573541
1.1900000000000008,5.7273490231224962,11.296225496044283,23.784901764851512
1.2000000000000008,4.8179710475805848,5.824489344026186,27.028027166609839
1.2100000000000009,3.6908857589971555,1.8232081652974366,22.283000880248004
1.2200000000000009,2.0253103379798398,-2.1023614616729853,16.554352587611554
1.2300000000000009,0.22112839741859736,-5.7608398599315391,12.093221132441014
1.2400000000000009,0.251633052234014,-6.4167758897847325,11.887776402213564
1.2500000000000009,1.2788963137306966,-4.8089930894180641,14.444813629678974
1.2600000000000009,1.7442463987435484,-2.9617569381041324,17.3815569943472
1.2700000000000009,0.99153820259493086,-1.7360023878572099,20.037634003429048
1.2800000000000009,-0.97835955309938605,-1.6113065447447057,21.883465034552149
1.2900000000000009,-3.14420652852872,-1.8612411058637413,23.446669999862753
1.3000000000000009,-5.1293828177015452,-1.992168552369898,24.694698772256629
1.3100000000000009,-6.4067340163527025,-0.97768413843558322,25.07382056999867
1.320000000000001,-7.2639399190290721,0.18931945585275212,25.199965857899073
1.330000000000001,-7.7975533600924534,0.59028374254300453,24.663865748330103
1.340000000000001,-8.0453916772015077,0.2775456382079271,23.451879890714761
1.350000000000001,-8.0842373095367996,-0.036217887298399365,22.114994700909953
1.360000000000001,-7.9556435258527696,-0.29552186511200118,20.759020531305495
1.370000000000001,-7.6884551432235764,-0.50361804034621949,19.412180216804032
1.380000000000001,-7.3663887108975707,-0.72199002617721897,18.092585474222766
1.390000000000001,-7.2909489126514622,-1.188467089146036,16.782510064442803
1.400000000000001,-7.3624015700221062,-1.8279555245407979,15.455878374877377
1.410000000000001,-7.3655990768825212,-2.4865653008287731,14.122494051885235
1.420000000000001,-7.203010813860546,-3.0167650384580602,12.750068890840181
1.430000000000001,-6.8381470184831219,-3.3522364170971954,11.332197351910171
1.4400000000000011,-6.2190267311372418,-0.75284468850232511,10.203653088232912
1.4500000000000011,-4.6902964603614699,17.794413944061187,10.871111778828784
1.4600000000000011,-3.9088810978704043,25.766344767025775,10.983994184383981
1.4700000000000011,-5.3224245064415845,-3.0596035792955529,7.3189109111579587
1.4800000000000011,-5.0628333407620421,-17.3765435048673,4.5065359297210152
1.4900000000000011,-2.3742406578649873,-9.7173112145696194,3.7481748598789784
1.5000000000000011,0.70411686334936929,0.67543004274667295,3.3912452975706708
1.5100000000000011,2.095796106919849,5.8920543594283803,2.0129115125228729
1.5200000000000011,-0.46622262964039818,0.8900837747460183,-2.0341020484545225
1.5300000000000011,-1.0448269024300147,-0.44871385195961377,-6.59986995448741
1.5400000000000011,1.0959463064296573,4.2592953926744128,-10.873774609208994
1.5500000000000012,2.6009466017400413,12.358289899033366,-14.71920021998922
1.5600000000000012,3.2699409898252405,19.914235078647994,-18.377894924438937
1.5700000000000012,1.2159337365931329,4.0039237147037987,-23.601791091909906
1.5800000000000012,-3.9653471653403738,-37.822764716529299,-31.342470237558612
1.5900000000000012,-3.7705419150450989,-33.148810761579227,-35.125121139858507
1.6000000000000012,-0.60302019339534851,1.0634040006868863,-35.398187935999211
1.6100000000000012,-1.5928546682213991,9.4948144133684291,-38.023772727979413
1.6200000000000012,-2.8406314873809855,11.803137589699022,-40.609340739291937
1.6300000000000012,-3.5679663002146551,9.6178971183550956,-38.25593526477391
1.6400000000000012,-3.9650869495305496,3.0298984962898352,-30.863184530034843
1.6500000000000012,-4.3944753905721283,-3.9827481159440956,-22.642972485989425
1.6600000000000013,-5.2893115409949854,-8.4271744101221273,-13.936279215586014
1.6700000000000013,-6.805002562277445,-7.6327771109779938,-4.6982048234869103
1.6800000000000013,-8.9679285083827622,-5.1792874888179812,3.7682645900155576
1.6900000000000013,-9.5602042781807075,-1.3267944246322223,7.6461514575225946
1.7000000000000013,-8.3387613742533127,2.7011637749993875,8.4451121324843825
1.7100000000000013,-6.5633014402742376,5.9334015312575676,8.6442613035588778
1.7200000000000013,-5.4960859231964134,6.5644796149113276,4.4178032481141605
1.7300000000000013,-6.2441535494907701,3.88568253863887,-6.0775479660957199
1.7400000000000013,-7.562553394933774,0.68750397012592679,-17.474443149550655
1.7500000000000013,-8.5543657124818022,-2.4269073035818431,-25.072071331417956
1.7600000000000013,-9.3330629223839026,-5.8216307450148657,-12.806830011563061
1.7700000000000014,-9.1226130422107765,-6.3320625641284849,3.362875674344223
1.7800000000000014,-7.6654367822510556,-2.8411978793257098,16.695838388248802
1.7900000000000014,-9.1862802662127123,-0.26381962349184435,12.477511699318571
1.8000000000000014,-12.151293085493943,0.70289194037965341,-3.6383359450155348
1.8100000000000014,-13.275504103211027,1.4730169624560749,-14.107350330571924
1.8200000000000014,-11.18837527302907,2.2613462506003095,-9.9169634506283408
1.8300000000000014,-8.8992645190710462,2.6628521069576019,-2.6623387355925874
1.8400000000000014,-7.3859197830311754,2.3887934747692694,4.1306786343114439
1.8500000000000014,-7.8140957775438746,0.91402796105888318,6.2655259252014828
1.8600000000000014,-8.9608392838937903,-0.52840302224054359,6.0225510240584574
1.8700000000000014,-10.124688464683825,-0.80903420639105028,4.379186191485986
1.8800000000000014,-11.257994565008703,0.013413076041938171,0.7737512922771872
1.8900000000000015,-12.159448340012414,0.88241973317384914,-3.1586284440132095
1.9000000000000015,-12.480513528459083,1.6213661300249349,-6.004857842459451
1.9100000000000015,-10.961937947651377,2.0175362273231987,-3.0789406341952077
1.9200000000000015,-9.3003752601798322,2.0963027006070125,0.76156133189599462
1.9300000000000015,-8.6225190465823367,1.7315196398887784,2.7032276237826678
1.9400000000000015,-8.8229067039119951,1.1481092926141039,2.6832614335686569
1.9500000000000015,-9.0727045753975197,0.64234584628678904,2.3643301541962747
1.9600000000000015,-9.2826521699477453,0.22645750796870801,1.995642912530867
1.9700000000000015,-9.4782064915492192,-0.089256515745898102,1.5804795720710909
1.9800000000000015,-9.6801640265960884,-0.30920744496483737,1.1222586652258908
1.9900000000000015,-9.8413691103355063,-0.36123457439958218,0.67556767384946426
2.0000000000000013,-9.6864550902894493,0.074018113329759008,0.48205397189660282
2.0100000000000011,-9.4139684972102717,0.75254813875031767,0.39325790068645716
2.0200000000000009,-9.1926607946855921,1.3512359934516558,0.30493126070841736
2.0300000000000007,-9.0539924918538048,1.0084912764847955,0.34301816053898815
2.0400000000000005,-9.0006978128168544,-0.47307214008037995,0.48808232876407409
2.0500000000000003,-9.2036956893734025,-1.5177227516806824,0.64716460622769212
2.0600000000000001,-10.558262385087026,1.592977524338774,0.96889830118248099
2.0699999999999998,-12.244737332033882,5.7218273622587414,1.3603242471033195
2.0799999999999996,-13.238893016235362,9.0822308857868901,1.6316760343921342
2.0899999999999994,-9.4370935122774924,6.5088470834758025,0.99641810540048592
2.0999999999999992,-4.2013621774364127,-1.5030483657945843,-0.12620033240897222
2.109999999999999,-7.7736142304414519,-15.674534161468438,-0.45613757665963828
2.1199999999999988,-11.163497852164824,-19.160850139966684,0.2639396600757804
2.1299999999999986,-11.25026482517293,-4.7152508105381985,2.1642529608442214
2.1399999999999983,-8.3346184057620469,14.859556047036543,3.906986266307559
2.1499999999999981,-4.6192991231809462,29.702806593319771,4.8451673462461207
2.1599999999999979,-5.7757082900643759,11.61143904056069,3.2860032696974333
2.1699999999999977,-7.7913316044915142,-10.580722876269515,1.5925845498753306
2.1799999999999975,-8.3362000071367923,-16.30166920852599,1.5201495025573788
2.1899999999999973,-7.2049612581044027,-5.8433838126411697,2.9689571802868047
2.1999999999999971,-5.768022113478378,6.4752789629098082,4.5776155889585226
2.2099999999999969,-4.8960001104809727,13.765727409574822,5.1711358385944362
2.2199999999999966,-5.3637099020302896,10.245690561886711,3.5966156462998953
2.2299999999999964,-6.0223545189883056,4.6342149732728499,1.6165678988058012
2.2399999999999962,-6.4311113461957987,-3.1630347684477722,-0.15993568521130275
2.249999999999996,-5.6672821773493407,-22.207388733951163,-0.71364399680098245
2.2599999999999958,-3.9710669939974594,-24.512340023649195,1.0933492443906077
2.2699999999999956,-1.7442485429802244,16.271456724971664,6.1880207103225908
2.2799999999999954,-1.5459785581560723,29.096561361604675,9.7399324800182949
2.2899999999999952,-3.1871516973939298,5.5678478390894135,12.022063982522948
2.2999999999999949,-4.2958545920727662,-17.345206119374438,14.568704104721377
2.3099999999999947,-1.4151853920809252,-14.19256950212255,15.362631363507109
2.3199999999999945,2.6590846755682707,-5.3546608171766712,15.088337561585135
2.3299999999999943,6.7247310658673207,3.8841878851545926,14.238760170966989
2.3399999999999941,7.573626320847862,9.3597180001715383,14.984191586412328
2.3499999999999939,6.7126937411396144,12.062226549013202,17.085203465482849
2.3599999999999937,6.2584954945798179,10.609157992778082,18.225798366466435
2.3699999999999934,5.5824653544675149,0.50274465389575251,17.480087198645002
2.3799999999999932,4.3204211613548038,-11.174357927855306,17.099981796483974
2.389999999999993,2.7357508736892484,-19.697915776500285,17.327985146158834
2.3999999999999928,1.4690752603154822,-11.012743714615977,16.510208712135334
2.4099999999999926,-0.066663430884901675,3.902659710388789,15.388561840616349
2.4199999999999924,-1.6078808089929157,0.54996655805759098,15.581559011413567
2.4299999999999922,-2.7527031815255176,-21.215626338849376,16.612245313671057
2.439999999999992,-3.1559707926686662,2.6856427987866076,17.61709431559856
2.4499999999999917,-2.9257288060881113,42.119125319403629,19.735509164299142
2.4599999999999915,-4.8887872185604211,-7.3537704876323113,20.474474739211463
2.4699999999999913,-5.749494856143019,-25.92497162237882,22.377156154731253
2.4799999999999911,-3.6992457785574744,19.187029064457057,27.597098842907911
2.4899999999999909,-4.1809819271285882,25.267987468242968,29.020045972837465
2.4999999999999907,-6.6025921345713821,-0.67343002504286731,26.628340149920174
2.5099999999999905,-7.7460055941108727,-17.986613902430481,23.644069076340891
2.5199999999999902,-6.7572881001081013,-21.048506257167102,19.537167376692551
2.52999999999999,-3.404790924205626,-6.8722323479523881,15.109888126296383
2.5399999999999898,-2.9716680647736515,3.0073033402500329,14.617202855262963
2.5499999999999896,-4.667732905844713,8.9847769909324651,16.38726997946678
2.5599999999999894,-6.9274955229695765,7.6719377564568028,17.388496865884857
2.5699999999999892,-9.6307421272438418,-7.8345758717679912,16.356884765391051
2.579999999999989,-8.6182922528911892,-10.669964401433809,13.689880878222336
2.5899999999999888,-4.5227991148865732,0.57010621553551188,11.168854345811821
2.5999999999999885,-5.4838427368436609,4.8821673986410321,11.58059051186485
2.6099999999999883,-8.0628338934060544,4.7428425903461884,11.91371645261645
2.6199999999999881,-8.1347558801095463,3.8029944520177126,10.307042301540839
2.6299999999999879,-7.6005861654009195,2.7727023857727877,8.4108086483543332
2.6399999999999877,-6.9185032640731698,1.8145374279625046,6.5701244476868759
2.6499999999999875,-6.1236004170802989,0.94063800665157149,4.7884817814215097
2.6599999999999873,-5.2484870434487831,0.36668150268470534,3.0783740932254258
2.6699999999999871,-3.9816953106682123,2.4590510617196104,1.971124156850991
2.6799999999999868,-2.2558853066823561,8.2901211187117472,1.8556148616853854
2.6899999999999866,-0.59079568399948124,14.636755957870067,2.024733124869869
2.6999999999999864,0.48141453799492473,13.153073787336231,0.5519026683589382
2.7099999999999862,-1.1288052132567805,-25.638706710785481,-9.6546702112458576
2.719999999999986,-1.2167391026129333,-33.011433814645073,-12.927995316954107
2.7299999999999858,2.0871484513659651,11.159876800423415,-4.8096375008083623
2.7399999999999856,3.8862923315919957,26.56613087548045,-5.9945297425881661
2.7499999999999853,3.9227472930209766,16.027617000536374,-14.601447607098816
2.7599999999999851,3.2150237668951949,3.8015380347813785,-23.479314072504373
2.7699999999999849,2.0446745469185448,-4.4912053173701603,-31.409526398373998
2.7799999999999847,0.73969285987644895,-7.0704009418271152,-38.219269992428991
2.7899999999999845,-0.43558518945452818,-8.0941605300630304,-43.286261801868378
2.7999999999999843,-2.1913128455345827,-5.3203300759157237,-40.040974762621516
2.8099999999999841,-3.8277912092268753,-0.83009486407373267,-32.938813310201496
2.8199999999999839,-4.8298944032053548,3.4676133793727026,-26.005407982356985
2.8299999999999836,-4.9716756207913679,6.7528161496534107,-21.785279927976308
2.8399999999999834,-4.7044967208619903,8.9218764693938724,-20.437318675658645
2.8499999999999832,-4.6619218144062522,8.1880483910184765,-17.947747108000293
2.859999999999983,-5.2199647841550592,-3.3860994143568774,-6.7679702808741231
2.8699999999999828,-6.5097729154164004,-3.9638133714791288,8.0180089406550756
2.8799999999999826,-7.6075631804268236,8.0968654360175982,22.219376088896968
2.8899999999999824,-8.1495463198044433,9.3169974452429702,16.206848752108964
2.8999999999999821,-8.3409097289352179,3.9538718284857954,-3.9033276049114503
2.9099999999999819,-6.6768738717577971,1.6843694470301684,-17.696646165394075
2.9199999999999817,-8.8432632419638857,-3.5615606031143083,-16.408539063061585
2.9299999999999815,-10.147840031027823,-7.1944625998193041,-12.084286146691078
2.9399999999999813,-9.6930571936688121,-7.955261744271457,-7.5997248497914374
2.9499999999999811,-9.0508894367902109,-5.3744424831035271,-3.1741374196407324
2.9599999999999809,-8.5556801303886161,-1.2631311871768776,1.0794742896353187
2.9699999999999807,-8.2852817414958171,2.742308891137657,4.7885929273507948
2.9799999999999804,-8.6573246381408762,4.6029496070280107,5.4844613712102861
2.9899999999999802,-9.3142694203475749,4.4685166948602246,3.3434114828893731
2.99999999999998,-8.5080911045267484,5.5615838193510312,0.90097890156474447
3.0099999999999798,-8.3602629858877489,0.89539354278289374,-1.3971393098956679
3.0199999999999796,-10.940012492320113,-11.31301589985743,-3.5128521579124214
3.0299999999999794,-11.171315153399568,13.803844056780381,-5.446889850118751
3.0399999999999792,-10.807240543368247,11.171315688101311,-4.8278045535644303
3.049999999999979,-11.00653108752385,-26.522671818894956,-2.9459415407631315
3.0599999999999787,-8.4265787236585759,-0.22804256855702654,-0.98975488412742862
3.0699999999999785,-8.1404859248603323,14.306909992042163,1.2143336387302943
3.0799999999999783,-10.6354397021752,-4.2367241376726597,3.3180195074521515
3.0899999999999781,-11.637511502405847,-9.3359446580079357,5.3910234418715586
3.0999999999999779,-11.77033530852203,-2.6792032633399661,6.5901333591482576
3.1099999999999777,-11.171970108099089,0.94957100934561844,2.7325324739849961
3.1199999999999775,-10.23584258810231,3.8261901014357411,-2.0914923125713445
3.1299999999999772,-9.1316745387074612,6.690632886813729,-6.0036342995480254
3.139999999999977,-8.5002951794009594,9.4894521483434335,-4.231363712620861
3.1499999999999768,-8.4104987782348815,12.252817945813678,1.3859766348782028
3.1599999999999766,-9.5791974954506909,5.9456907931054319,5.1660956692236484
3.1699999999999764,-12.543740733405029,-16.242650632995499,4.326868791697664
3.1799999999999762,-10.57762254946717,-9.9111742892576906,2.7306228910412949
3.189999999999976,-4.7815687804606917,20.781543936414529,1.2764521842204246
3.1999999999999758,-5.6538987519062376,12.969791126689525,-0.45211391147326507
3.2099999999999755,-9.9368723107191386,-14.029107091769282,-2.3989948702857791
3.2199999999999753,-13.802568184430932,-34.770285310796837,-4.0350576199969312
3.2299999999999751,-13.212124502317149,-6.9506752199123607,-2.8270770796602935
3.2399999999999749,-9.7605701160916176,52.505571087036593,0.87662745296695466
3.2499999999999747,-8.3366512428265658,25.94805366782396,2.3857018688670766
3.2599999999999745,-8.5716234648565859,-19.896684245382485,3.092659844389491
3.2699999999999743,-10.081190199604814,-16.147094977261016,5.8039586678634851
3.279999999999974,-11.210950707099,-4.3260073613202428,7.1977006112576358
3.2899999999999738,-8.5945961492764162,1.5934373381036087,-3.1542714509992393
3.2999999999999736,-4.4389851758487655,3.2681656685186464,-16.923095487137658
3.3099999999999734,-6.0864188531731998,3.1337847327177442,-7.4685313611182993
3.3199999999999732,-8.8110413151357978,2.5079867758219732,2.9529290222392821
3.329999999999973,-10.864775662842597,1.7703538427039489,7.3225584524387806
3.3399999999999728,-10.594495380784926,1.3592213785151503,6.5982178355135428
3.3499999999999726,-8.698058976783102,1.9600695553223286,5.2927649372463534
3.3599999999999723,-6.8401512467314909,3.1952753693235736,4.928587360292914
3.3699999999999721,-5.2631977062547142,4.5762301498105566,4.3996493883944376
3.3799999999999719,-4.4335520111392128,4.6922094273024992,2.6212262190540985
3.3899999999999717,-4.1823951703711524,3.1903717287881919,-0.44414673852704856
3.3999999999999715,-4.3995057819528585,1.0898328298957094,-2.7793082308496686
3.4099999999999713,-6.6718910077650335,-1.6858490754643223,-0.14776981095453134
3.4199999999999711,-5.9900083702471321,-1.666527474486625,3.031384399037357
3.4299999999999708,-1.4173023732321088,2.0225007358031752,5.4934384498966429
3.4399999999999706,-2.1786106976851283,1.629551570229965,8.845443121205264
3.4499999999999704,-5.9988478581450888,-1.2643838374093719,13.067082460010596
3.4599999999999702,-5.3033247178619209,-0.27253599117283855,16.183570500191575
3.46999999999997,-3.2938676271456,0.50695245152443236,16.087406836470375
3.4799999999999698,-0.9168543914991778,-0.49293839414756291,11.676948326791155
3.4899999999999696,1.5421314228251322,-2.0644631996292198,6.5680323041244755
3.4999999999999694,3.3724907371427415,-3.6856058815279908,3.8249102793723813
3.5099999999999691,2.0410972612172644,-3.8051142263057427,13.308975653244062
3.5199999999999689,0.12556975302127071,-2.6705027403673274,23.8022876789097
3.5299999999999687,-0.26302054624546756,1.6722882983357614,25.479914732761898
3.5399999999999685,0.43288055199432041,8.2968962268925601,18.612031578680998
3.5499999999999683,-0.75752343929933641,12.546109323067391,12.524512706656099
3.5599999999999681,-3.8691920982585577,1.3176030147335438,11.953123595457107
3.5699999999999679,-2.9758282885854026,-19.946304382591865,12.290069293734666
3.5799999999999677,-0.18482939052312042,26.113811861033565,5.7585220394969578
3.5899999999999674,1.1265052864559648,19.956000662918189,4.502817658163865
3.5999999999999672,0.46212071153347734,-51.425885928958124,11.898846520642255
3.609999999999967,-0.37808178647959956,-14.440733248892096,13.671592958242487
3.6199999999999668,-1.847478817369508,7.1898818567602385,17.813360951060975
3.6299999999999666,-4.9214264615965249,-15.323781353196578,23.352480499159732
3.6399999999999664,-5.2614110548313517,13.917121314856576,26.425889455614396
3.6499999999999662,-3.2369284953146411,27.144940637775189,23.761405333222008
3.6599999999999659,-2.9316031768980739,9.9642104667115454,20.052720029215862
3.6699999999999657,-6.7952007478054774,-15.512047505076577,21.518402273949
3.6799999999999655,-8.2887194779870406,-22.559921121220778,22.100585666008385
3.6899999999999653,-6.1541843547871569,-9.0977095000807005,21.934421961830527
3.6999999999999651,-3.3970384356945349,7.0615707935395307,21.977880993558493
3.7099999999999649,-2.7115288276402354,11.149566043585438,21.595762679857128
3.7199999999999647,-6.625703463448767,-10.118260183674881,19.885528877358627
3.7299999999999645,-8.943141095500847,-25.725279511686868,16.975095576388352
3.7399999999999642,-7.8658060896337147,-17.055080453142246,15.083804256820814
3.749999999999964,-3.7922100075529119,67.817552155512431,22.948257555139442
3.7599999999999638,-3.9627360604950272,79.419219873113718,22.577718331662602
3.7699999999999636,-13.461539829939436,-57.472184108890509,7.1624512845799693
3.7799999999999634,-14.771530600173499,-56.389492090880744,6.991983545903274
3.7899999999999632,-8.9531549374231965,-23.116752430045068,7.3973610580555711
3.799999999999963,-2.9781141661240103,-4.7186405056315097,6.213230998641107
3.8099999999999627,-1.2877152584047193,33.293651041342045,10.438238184874663
3.8199999999999625,-1.0088977448782579,66.119013886483941,14.942676245941543
3.8299999999999623,-3.3997301266585396,20.760622234245645,8.9098269987452863
3.8399999999999621,-8.0916478343451637,-77.915641610238367,-6.4930978527298713
3.8499999999999619,-2.8490775288148873,-45.097485209207079,-3.7970174663848932
