0.01,0.94964804641461154,-5.9088967001417378,-0.077068440928229953
0.02,0.87299286368043094,-6.6626115113390014,-0.12199153583733158
0.029999999999999999,0.92038117501753325,-7.3973043740846869,-0.088017205303474899
0.040000000000000001,1.0368800636873716,-8.0514953537760388,-0.030540071693555659
0.050000000000000003,1.0964459804061035,-8.4856173455929991,-0.047218356432767172
0.060000000000000005,1.0585382911412675,-8.6615567465842709,-0.15684833035130696
0.070000000000000007,0.8930759748649082,-8.5624446121665034,-0.29030354662520153
0.080000000000000002,0.52260783170768876,-8.0649285611961314,-0.192018728249439
0.089999999999999997,-0.062093433425825829,-6.5198328807955015,0.20828523615670061
0.099999999999999992,-0.80495750707210267,-3.5747037016313152,0.68399631270434924
0.10999999999999999,-1.6503458515503293,-0.67144265816008986,1.0132559146588065
0.11999999999999998,-2.5955106022970629,1.3401012644064514,1.1913316614870528
0.12999999999999998,-3.5138437532018103,2.3103835350929933,1.2385708386206313
0.13999999999999999,-4.0006672960220966,2.8193334614826671,1.1921106898154266
0.14999999999999999,-3.9054324064730501,3.0788419631904089,1.0733498392810594
0.16,-3.2800785945988764,3.1267843036785838,0.89862107204177299
0.17000000000000001,-2.4733832088865113,3.1544609970611526,0.72293052124373591
0.18000000000000002,-1.7232898448347262,3.2944839709789826,0.58103062612309897
0.19000000000000003,-1.0548874557060093,3.5644652370126337,0.47628909479768544
0.20000000000000004,-0.46607583668372743,3.9895496689209806,0.40872019651119118
0.21000000000000005,0.045972430730307517,4.6035379456039607,0.37827754140526509
0.22000000000000006,0.47210247207730932,5.3316135498049162,0.37347536070247322
0.23000000000000007,0.776488684319525,5.8697694775672682,0.35517118175149853
0.24000000000000007,0.94341853422635435,6.0773953223006192,0.30143943170252158
0.25000000000000006,0.97996364378180012,5.9802623525867045,0.21148691131067343
0.26000000000000006,0.92681676782204891,5.775282069211924,0.12030621725207491
0.27000000000000007,0.81993692435737331,5.6472737895686356,0.063021913796530216
0.28000000000000008,0.66168278799463187,5.610260719063259,0.03997117192232047
0.29000000000000009,0.46420517448713905,5.6214350809025957,0.037555143214624997
0.3000000000000001,0.25778336040301353,5.6044558686402244,0.03367807473174167
0.31000000000000011,0.050799551353706368,5.5405310923826692,0.023050031548362354
0.32000000000000012,-0.15622787071740929,5.4300157037087953,0.0055434395144511595
0.33000000000000013,-0.36301433293300811,5.2738537944360271,-0.018804231005724967
0.34000000000000014,-0.56133787850869488,5.0773293763356344,-0.047174699635846667
0.35000000000000014,-0.67523761128979065,4.8798813559212535,-0.050759699871074815
0.36000000000000015,-0.59522860861927229,4.7386009029390017,0.018852987651259492
0.37000000000000016,-0.30996163537579674,4.6643866904007725,0.17554905876979829
0.38000000000000017,0.082597798945173925,4.6647206827931829,0.33490986438883064
0.39000000000000018,0.3566633542726021,4.7568471762124807,0.2672944620947918
0.40000000000000019,0.70457776842364761,4.9035006096663256,0.18147380920147788
0.4100000000000002,1.2160907680295807,4.9360897428999539,0.29752236444891855
0.42000000000000021,1.5968704969238283,4.714840566868248,0.40712690926567785
0.43000000000000022,1.7987777772177052,4.2197017138140502,0.46521228057340125
0.44000000000000022,1.8226827120627695,3.4500124138306916,0.46822307340173808
0.45000000000000023,1.6699277972823137,2.406754648246074,0.41438532779896409
0.46000000000000024,1.3681360948996715,1.1369884769241165,0.31382754772817811
0.47000000000000025,1.0652310956940518,-0.10209964122013888,0.22345240899243157
0.48000000000000026,0.86131503295952938,-1.137108573698608,0.17975834444087935
0.49000000000000027,0.76727253657808803,-1.9507146562992974,0.18376763580841204
0.50000000000000022,0.78393599111325718,-2.5430985082926836,0.23194572730275803
0.51000000000000023,0.91258900965261547,-2.9137324371167947,0.32013158493894234
0.52000000000000024,1.1492677244434666,-3.0637639203258908,0.43899277377425355
0.53000000000000025,1.3720575420393009,-3.0326127785397596,0.48860499773204169
0.54000000000000026,1.2549478046455889,-2.9332814654426804,0.23769706653005285
0.55000000000000027,0.91917835427070649,-2.8049499912049503,-0.093254425266778185
0.56000000000000028,0.70892379434183372,-2.6432867667241671,-0.094963764545292373
0.57000000000000028,0.53653834327551719,-2.4480928325092188,0.12091571437230733
0.58000000000000029,0.30084018309822225,-2.22251174062621,0.42170816852220661
0.5900000000000003,0.080588757828696678,-1.9833937592512441,0.70863202409810555
0.60000000000000031,0.056299479586096546,-1.7659126745731353,0.80124979376585936
0.61000000000000032,0.26858409547798023,-1.5804171183581024,0.65058268295891652
0.62000000000000033,0.62245620410389035,-1.425059393752188,0.33101054264866375
0.63000000000000034,0.76009804296053951,-1.2851192976079426,0.15151930543122405
0.64000000000000035,0.51110282328007928,-1.1507165965807813,0.26774285742908954
0.65000000000000036,0.042004354902584917,-1.026538765543469,0.53747872671432928
0.66000000000000036,0.32574922497153269,-0.952455654593792,0.11913303924235832
0.67000000000000037,0.31819497137496205,-0.86540947192176954,-0.17253549417650343
0.68000000000000038,-0.98463783311838404,-0.71759055753917089,0.31927366234535437
0.69000000000000039,-0.53062544659122723,-0.61059961481237224,0.49504810683876427
0.7000000000000004,-0.038918887445369504,-0.51508805470525809,0.31607644871494001
0.71000000000000041,-0.0086138227580679905,-0.40630632750059908,0.17676775695711769
0.72000000000000042,-0.048389111111564326,-0.29685660689696136,0.17795398406804197
0.73000000000000043,-0.086929146805817259,-0.19898506084885895,0.19522200402177148
0.74000000000000044,-0.12195077674076801,-0.11405156967440135,0.21065901568287862
0.75000000000000044,-0.15348628708775833,-0.042052513677629341,0.22424551550730973
0.76000000000000045,-0.18156470555303966,0.01701402256114902,0.23596145522200446
0.77000000000000046,-0.20629035194996498,0.063147091847372272,0.24571463508131258
0.78000000000000047,-0.22935278274687562,0.096339047281153126,0.25195055617772877
0.79000000000000048,-0.25545523946218002,0.11658813179876001,0.25033243625128965
0.80000000000000049,-0.28628005740186047,0.12392233082518633,0.23929610796854878
0.8100000000000005,-0.32192362672269148,0.11837975519962193,0.21873106557964472
0.82000000000000051,-0.36240552454252883,0.10000150739014184,0.18859087479611081
0.83000000000000052,-0.4074264381429834,0.069156915928274637,0.14898076454531561
0.84000000000000052,-0.45284131277668604,0.030186947711540527,0.10189215024080395
0.85000000000000053,-0.49012364953664783,-0.008070662975448584,0.051496100293855457
0.86000000000000054,-0.5166621607418812,-0.043359939619948835,-0.00073192278846528902
0.87000000000000055,-0.50616474598818118,-0.076160956742813299,-0.030484081476388508
0.88000000000000056,-0.36736415802084987,-0.10853422839710065,0.046556743260250277
0.89000000000000057,-0.18568577380878196,-0.13887023880071689,0.15289414206662855
0.90000000000000058,-0.14409940804243532,-0.16258909104174676,0.13456789944955702
0.91000000000000059,-0.14884524478038227,-0.18149673311744718,0.10008762372050872
0.9200000000000006,-0.17051677748248623,-0.19627668237864421,0.080468405409804711
0.9300000000000006,-0.20908036101057381,-0.20693830412141012,0.075746381396494672
0.94000000000000061,-0.26450203884366363,-0.21349685774818539,0.085961228317043545
0.95000000000000062,-0.33513388768671759,-0.21724864164643448,0.10946558545087934
0.96000000000000063,-0.40863777872563312,-0.22794823779726436,0.13336067167247143
0.97000000000000064,-0.47273703370854181,-0.25530865450227541,0.14466167349581227
0.98000000000000065,-0.52588686257112893,-0.30055892427643366,0.14157142310303999
0.99000000000000066,-0.56815957035401743,-0.36364823075656161,0.12397222886094336
1.0000000000000007,-0.59963273980903087,-0.44452013002748453,0.091733122344038465
1.0100000000000007,-0.62027401851140995,-0.54311424532774077,0.044780767165303714
1.0200000000000007,-0.6227967402411303,-0.65971709559637237,-0.012190061848319222
1.0300000000000007,-0.57841143009671137,-0.79572771037716961,-0.060486478865684534
1.0400000000000007,-0.47293390532601987,-0.95190839030240904,-0.091385916970396941
1.0500000000000007,-0.30553315804540621,-1.1283294970723281,-0.10518702276505301
1.0600000000000007,-0.079297993178645998,-1.324784935195777,-0.10545326401151897
1.0700000000000007,0.20103448629260284,-1.5411560623508906,-0.09626124165738123
1.0800000000000007,0.49978605707413265,-1.7808599674103653,-0.089151104668965697
1.0900000000000007,0.71714905553810637,-2.0541921536535268,-0.11303369477804398
1.1000000000000008,0.81727361415997291,-2.365540620143221,-0.17600428149926339
1.1100000000000008,0.8043950715756194,-2.7164461616718754,-0.27069380968417833
1.1200000000000008,0.71404748221025105,-3.1094825869186722,-0.36656099309881007
1.1300000000000008,0.57109847826645666,-3.5464274292257953,-0.44288248067038094
1.1400000000000008,0.40137148298345687,-4.0348182247433764,-0.48262872293651676
1.1500000000000008,0.42160427262701539,-4.6387903501896783,-0.36175664962941878
1.1600000000000008,0.82541181935051788,-5.4482675799555809,0.0012612757877962233
1.1700000000000008,0.93200850411190173,-6.4614898625766921,0.16157289122940643
1.1800000000000008,0.48823528492909324,-7.5374022274296859,-0.0089903352491284561
1.1900000000000008,0.23077195349768012,-8.2956368816547652,-0.095613310805975404
1.2000000000000008,0.40480968028177944,-8.6192457567866949,-0.0011795174674618658
1.2100000000000009,0.61729091755467858,-8.5280700365755244,0.11373472189681011
1.2200000000000009,0.50632608192891515,-8.0203228895878773,0.15230717959321838
1.2300000000000009,0.24902815282086502,-7.0859351886547222,0.20411029516897025
1.2400000000000009,-0.11972649941676415,-5.8492528377290816,0.29609725731376257
1.2500000000000009,-0.76854039034979105,-4.5400145242481074,0.40327430846376522
1.2600000000000009,-1.7422438425578413,-2.8396583421380628,0.51490449321026399
1.2700000000000009,-2.8574611993476395,-0.59893957257740504,0.64333844730460599
1.2800000000000009,-3.4205785984561552,1.2497804661426757,0.83106100998200638
1.2900000000000009,-3.3157231233117868,2.2223686680365704,1.0314302754087123
1.3000000000000009,-2.9805322457804495,2.3631851486721862,1.1282019958147251
1.3100000000000009,-2.5382691525420831,2.2314146429585278,1.0830859206551886
1.320000000000001,-1.9841999832235944,2.3739382721627327,0.90398507707521369
1.330000000000001,-1.3522108953132448,2.7908893359998888,0.64222696784792377
1.340000000000001,-0.76964303118635613,3.2863976455306148,0.42201070000864194
1.350000000000001,-0.2865993616191238,3.7924850979822393,0.28415182968052854
1.360000000000001,0.091298929391564004,4.3082085691718053,0.22747279123349842
1.370000000000001,0.36102507123490007,4.8363884673973425,0.24788071452049715
1.380000000000001,0.52024045611214509,5.3755196911170859,0.33760901888088057
1.390000000000001,0.57442263031808427,5.8661487568943587,0.4558699368019794
1.400000000000001,0.54063989549206259,6.1814434824403879,0.52580049495092263
1.410000000000001,0.42652209374886574,6.2901611254088694,0.52539984519304572
1.420000000000001,0.25150096604020905,6.2155809983653718,0.45929389797660564
1.430000000000001,0.080068230409580735,6.0406179446931008,0.35962397119592571
1.4400000000000011,-0.053955530076386815,5.8040548747722571,0.24698383043126462
1.4500000000000011,-0.11931237830275315,5.5178875991353342,0.1490989787263749
1.4600000000000011,-0.075339848308756757,5.1969230962606696,0.10639429818478814
1.4700000000000011,0.080533276953589611,4.8421960916287787,0.13011481707262759
1.4800000000000011,0.3075799045652704,4.4541653699493322,0.19772628705361361
1.4900000000000011,0.4996345010798926,4.0373936001833073,0.23158706028948051
1.5000000000000011,0.62157394588879034,3.5921818363143458,0.20085731459758616
1.5100000000000011,0.70783035609281253,3.150886039381287,0.11866268461420104
1.5200000000000011,0.9457604370628212,2.9037244877271764,0.077812061895658702
1.5300000000000011,1.3990528352969478,2.9857241117214346,0.090744057805838052
1.5400000000000011,1.8826681339582085,3.4214818766179471,0.010277238561639424
1.5500000000000012,2.123967716448516,4.2126221976282929,-0.17630864241889999
1.5600000000000012,1.8078197248959818,5.3527573687656931,-0.41717999580626619
1.5700000000000012,1.0945507227645888,6.621093468269029,-0.60632432643266299
1.5800000000000012,0.78904283511509354,7.1719977457556041,-0.27534471683597683
1.5900000000000012,0.87324147532377894,6.6037654480183097,0.40936999109381783
1.6000000000000012,0.62144100617521858,4.9709086574995602,0.57208347032783813
1.6100000000000012,0.14613893632511427,2.8451722915269975,0.35451201651569686
1.6200000000000012,-0.27044664098383225,0.78732970212796471,0.15490575730931752
1.6300000000000012,-0.58371129383652165,-1.0371082513296097,0.023176689972093101
1.6400000000000012,-0.76570182777955587,-2.3453890813776619,-0.050840406624028223
1.6500000000000012,-0.80618645599151117,-3.0369342078380375,-0.069429319745121287
1.6600000000000013,-0.70439806651918491,-3.1482193448883184,-0.03221166888036997
1.6700000000000013,-0.45839024790259364,-2.8924468866078858,0.05809498611709113
1.6800000000000013,-0.067575185729461432,-2.4520998945767407,0.19347638584584717
1.6900000000000013,0.44060296194682663,-2.3668582318914382,0.31907236350324025
1.7000000000000013,1.0002172229207751,-3.4908973673699109,0.33210431455290768
1.7100000000000013,1.5820341852652318,-4.4361950936781547,0.23010654166111555
1.7200000000000013,1.9357500266812799,-3.8280076696606304,0.087638466105476542
1.7300000000000013,1.1220691450041622,-2.4456765022626601,0.17676453207584109
1.7400000000000013,-0.40944372807640933,-1.1094664512732617,0.46989805664644441
1.7500000000000013,-0.84128209189074121,-0.59667586300193476,0.57546410891502076
1.7600000000000013,-0.47685257940102255,-0.62336053373114197,0.51989150141706253
1.7700000000000014,-0.10899606661499747,-0.69064267898922727,0.44936112556044294
1.7800000000000014,0.15869267151803429,-0.73194596535023748,0.38448441238215525
1.7900000000000014,0.32280282603902333,-0.74653566466817434,0.32981314719315241
1.8000000000000014,0.37527127038916425,-0.73349363846104532,0.29430050544070696
1.8100000000000014,0.3251173357154642,-0.69482566953136127,0.27847905332035261
1.8200000000000014,0.23440079551929002,-0.64571784802950571,0.27030949168402346
1.8300000000000014,0.1452492113008586,-0.59676130273261119,0.26134198457456032
1.8400000000000014,0.062114070815635775,-0.54913630589211282,0.25064844917415241
1.8500000000000014,-0.014991093246927392,-0.50289381621964047,0.2382049376942908
1.8600000000000014,-0.086060577059501001,-0.45807453686705024,0.22399451463870065
1.8700000000000014,-0.15109623518724954,-0.41471224905846477,0.2080004188350249
1.8800000000000014,-0.21010632703341253,-0.37283656292655365,0.1902009614544877
1.8900000000000015,-0.26310341850034291,-0.33247130398287233,0.17057474934335393
1.9000000000000015,-0.31010331047873202,-0.29363431539891083,0.14910185112459284
1.9100000000000015,-0.35112451979961889,-0.25633626319495167,0.12576643008760829
1.9200000000000015,-0.3861619084497907,-0.22061030197461018,0.10062538176936897
1.9300000000000015,-0.41467386820815832,-0.18706265234323172,0.075268798385466185
1.9400000000000015,-0.43508632341985631,-0.15740370986010757,0.05420608992174103
1.9500000000000015,-0.44683086798805816,-0.13226089800511656,0.039010107633965369
1.9600000000000015,-0.44987206916396394,-0.11168662892879259,0.02972032550654663
1.9700000000000015,-0.44419955685986712,-0.095707036494838277,0.026305242685743024
1.9800000000000015,-0.42980316877554203,-0.084349291120630762,0.028734314969230318
1.9900000000000015,-0.40720920923166304,-0.077619209571850978,0.036490139602937455
2.0000000000000013,-0.38150022678052475,-0.075334452515886746,0.044900775252311953
2.0100000000000011,-0.3601770056510728,-0.077183440443412146,0.04710233541088879
2.0200000000000009,-0.34458537609315165,-0.083082826885469224,0.041860242379581331
2.0300000000000007,-0.33473274235260675,-0.093004147150192423,0.029163471614148062
2.0400000000000005,-0.33062663332546366,-0.106920944357502,0.0090020939468324068
2.0500000000000003,-0.3316917670863988,-0.12484295534261486,-0.017755492778142007
2.0600000000000001,-0.33347777889812286,-0.14702070686787111,-0.044419054696822613
2.0699999999999998,-0.33151982678152392,-0.17373390120065949,-0.064307024872916091
2.0799999999999996,-0.32473125072006298,-0.20506553660021762,-0.076125226469140023
2.0899999999999994,-0.30674020747497871,-0.24137870969773603,-0.074169879225823396
2.0999999999999992,-0.26047161312945777,-0.28363608992587835,-0.043148686847246792
2.109999999999999,-0.15250165481073052,-0.33375323342530727,0.046750691301276993
2.1199999999999988,0.0078357924075794089,-0.39129595895443753,0.18684724558308244
2.1299999999999986,0.067468753247354504,-0.44757312301705227,0.24047658037385561
2.1399999999999983,-0.05073160275813518,-0.49794374927383295,0.13995669158746449
2.1499999999999981,-0.32580168478781596,-0.54336072926055135,-0.094799486698617555
2.1599999999999979,-0.54808057858670811,-0.59607384184792778,-0.27851388919506337
2.1699999999999977,-0.50994795751017141,-0.66888895760713063,-0.23192297511402865
2.1799999999999975,-0.25629131215079864,-0.76411663168811961,-0.024271085223468464
2.1899999999999973,0.0050218390005741173,-0.88226494227584129,0.086146994077155897
2.1999999999999971,0.19876828277025535,-1.0234741650454084,0.0086483017598752293
2.2099999999999969,0.31781792252215918,-1.1892383252944154,-0.22640373907095512
2.2199999999999966,0.34970133668034536,-1.3855233465209755,-0.4291621675453644
2.2299999999999964,0.28830280172847705,-1.6161025774343505,-0.47014198697868381
2.2399999999999962,0.14477931974098351,-1.8787906671202244,-0.34548390157769071
2.249999999999996,0.010084735262829214,-2.1473555099982193,-0.16164160951371989
2.2599999999999958,0.014090985204405049,-2.3813362055105833,-0.079352729345647147
2.2699999999999956,0.17439557386529503,-2.5734320758180877,-0.1284313439362357
2.2799999999999954,0.42574756052758106,-2.7893355052156115,-0.25946308246820204
2.2899999999999952,0.5947088019474881,-3.2244599595895247,-0.32310454987154769
2.2999999999999949,0.63361498111218773,-3.93383432957551,-0.27164061272590873
2.3099999999999947,0.60467508351577093,-4.770034480374636,-0.17209807645830871
2.3199999999999945,0.5670772690886472,-5.5788011473197709,-0.097011816688140518
2.3299999999999943,0.52618209817695227,-6.3404270721979676,-0.055976853207387434
2.3399999999999941,0.47945469492150172,-7.0542143364751091,-0.048922005206773533
2.3499999999999939,0.42421392881509079,-7.7180491163087996,-0.075692415679493363
2.3599999999999937,0.36184217270919827,-8.2913236120018716,-0.12403348986856316
2.3699999999999934,0.31614257625938047,-8.5627679295729298,-0.12897883308910019
2.3799999999999932,0.30939807449464413,-8.396347294225869,-0.050264728285110749
2.389999999999993,0.30939330294114498,-7.7954790800591827,0.099303467333914014
2.3999999999999928,-0.073273935525835665,-6.8034157151003329,0.21317259016418039
2.4099999999999926,-1.1506420190119191,-5.4573915778626318,0.24238307411471063
2.4199999999999924,-1.5774431567095435,-3.7621464888429386,0.48096664698750502
2.4299999999999922,-1.1644161809030082,-1.7440507783219268,0.84039816561899017
2.439999999999992,-1.3548578427730125,0.34458414904031509,0.99852809490136374
2.4499999999999917,-2.2202279697626048,1.9146292552125672,0.94955058214272592
2.4599999999999915,-2.5297958841756594,2.4799623494832903,0.9099059747232966
2.4699999999999913,-1.615745824812556,2.0249624230793661,1.0049105575131332
2.4799999999999911,-1.2025699181419538,1.8385008936763534,0.90613696043046432
2.4899999999999909,-1.5105721040005311,2.2996984343298155,0.60576149930313206
2.4999999999999907,-1.2438203281029958,2.8573210519105956,0.46563777514107607
2.5099999999999905,-0.60625005462276627,3.3832680757811073,0.47025431099274034
2.5199999999999902,-0.13498611826798573,3.9075090306400337,0.49252137563242349
2.52999999999999,0.19254476764360809,4.4306103116455127,0.53324125878097006
2.5399999999999898,0.4111913701192238,4.9462890944265956,0.59534429995339122
2.5499999999999896,0.41620447940874616,5.4058088288768182,0.62158786455222081
2.5599999999999894,0.1093393062623584,5.7338022134289348,0.54054698334066775
2.5699999999999892,-0.21851313781571835,5.9021606514163443,0.44604302088318371
2.579999999999989,-0.39101504818992672,5.9548156139505064,0.41405397540090849
2.5899999999999888,-0.48600910355177024,6.042344984282666,0.4221496002974654
2.5999999999999885,-0.53883713542612011,6.2137242097745373,0.45924499547677672
2.6099999999999883,-0.55833662295257436,6.4147513720900058,0.5198600852409182
2.6199999999999881,-0.58069296274086257,6.3602948603779339,0.56355212814845546
2.6299999999999879,-0.62974611131641689,5.861487795812387,0.55897130740584899
2.6399999999999877,-0.70643923601274761,4.9506005376964328,0.5037668920206857
2.6499999999999875,-0.79701012170722452,4.068832348359372,0.43934917161855103
2.6599999999999873,-0.88022810002139518,3.8534900291401502,0.43358644351906861
2.6699999999999871,-0.93112362872116439,4.2531175039806746,0.49155349834666628
2.6799999999999868,-0.87054072791532178,4.6363544843580211,0.56765598434938869
2.6899999999999866,-0.66115223323778949,4.6944853566835567,0.64057495944568366
2.6999999999999864,-0.29337424458627204,4.4443573148949698,0.72611289026711379
2.7099999999999862,0.29352424739197358,4.2009960067356387,0.93341098449353443
2.719999999999986,1.0334679168150345,4.2979453882355472,1.2535260687301242
2.7299999999999858,1.4621831076446932,4.826035643781589,1.2262324175494417
2.7399999999999856,1.539308400758761,5.560516516754233,0.8256140588437163
2.7499999999999853,1.6050343384240542,5.9778655226764705,0.51686127638266788
2.7599999999999851,1.7331214132134105,5.9451896715825425,0.43617371006689765
2.7699999999999849,1.8725796571966624,5.4587938467314538,0.54666262753192973
2.7799999999999847,1.8712490507422648,4.4957883907075606,0.65898663789651146
2.7899999999999845,1.6647436422208299,3.0358278656627653,0.67059717257399032
2.7999999999999843,1.2887698493829576,1.0100932113073959,0.5097396427619314
2.8099999999999841,0.83983964667532807,-1.401794663619276,0.16204388167054645
2.8199999999999839,0.54735245433439483,-2.6623847165260881,0.032178500125899484
2.8299999999999836,0.52951030633444818,-2.235242880914726,0.2441496775482476
2.8399999999999834,0.68748976360224845,-1.5590049250481652,0.39450645147716185
2.8499999999999832,0.95564194876974651,-1.4969782400506819,0.33498803648720932
2.859999999999983,1.1992744940944913,-2.5272358021207699,0.17363773631024026
2.8699999999999828,1.2985369030967235,-4.222093536693162,0.069300907040775073
2.8799999999999826,1.2675616331297039,-4.7078523706019828,0.10248901826090884
2.8899999999999824,1.1358308108165267,-3.7857119276482041,0.21405700123962818
2.8999999999999821,0.92349939189400509,-2.9055062962396172,0.25350343403957409
2.9099999999999819,0.64860231256122747,-2.4171321290088303,0.20725521454662185
2.9199999999999817,0.41320831298219074,-2.1121146693216577,0.1748392279535908
2.9299999999999815,0.28962777232834114,-1.8454192513028655,0.22020066640604438
2.9399999999999813,0.2801439391900844,-1.6017231822183964,0.34066109513138354
2.9499999999999811,0.32023222108248844,-1.3795645883036827,0.46621879344674449
2.9599999999999809,0.31257387907561268,-1.1767203355555862,0.49641222079492214
2.9699999999999807,0.23976867709773009,-0.99289148493893231,0.41622238395288019
2.9799999999999804,0.13005422427294788,-0.82881715215562679,0.26937304900297543
2.9899999999999802,0.066248083086174914,-0.6864762723890987,0.17687603658513057
2.99999999999998,0.078451230120374554,-0.56655570682923273,0.1810803534203454
3.0099999999999798,0.14505838978989621,-0.46843412690816849,0.26039144289375066
3.0199999999999796,0.13447230274473265,-0.38844953086806533,0.28568109772447053
3.0299999999999794,-0.03304722106778929,-0.32390752082201185,0.17915759353119354
3.0399999999999792,-0.23370988108990104,-0.2739528480309274,0.051855775566141862
3.049999999999979,-0.22128786897140129,-0.23728055707755161,0.12160824463974451
3.0599999999999787,-0.14030584878314026,-0.20753693821535135,0.24269161133138481
3.0699999999999785,-0.16967758556482679,-0.17887623627599453,0.24242781197055388
3.0799999999999783,-0.19884466445609858,-0.15485267960366153,0.22751773925261831
3.0899999999999781,-0.17865345095552559,-0.13728687867807304,0.24516588110453802
3.0999999999999779,-0.14524757238145497,-0.12490686035660886,0.26196301283719364
3.1099999999999777,-0.12122803249809304,-0.1167748559483487,0.26649012788286419
3.1199999999999775,-0.11916973107294512,-0.1122845746390653,0.25696956934662191
3.1299999999999772,-0.14071834978246447,-0.11128730500612175,0.23321669277286244
3.139999999999977,-0.18589809542748298,-0.11370902231905008,0.19525927768322704
3.1499999999999768,-0.25473468816817341,-0.11947947953522256,0.14312144336214572
3.1599999999999766,-0.34155998968824375,-0.12837425133083935,0.080632135229321417
3.1699999999999764,-0.41448486029802567,-0.13952077898623647,0.029106348947747746
3.1799999999999762,-0.45183281613002046,-0.15243832381169434,0.0029544696289619532
3.189999999999976,-0.45127416618405553,-0.16718738750992468,0.0036349201667892628
3.1999999999999758,-0.41275402053431731,-0.18388520790159812,0.031081077429236964
3.2099999999999755,-0.3362171120844557,-0.2026505574542192,0.085216393093439674
3.2199999999999753,-0.22518138388542208,-0.22337570096995496,0.16275023622435836
3.2299999999999751,-0.15815898368977224,-0.24108411148141884,0.19322328539519135
3.2399999999999749,-0.33019372731909891,-0.24282703472541078,0.0035127457874050139
3.2499999999999747,-0.56796924796322679,-0.23978951104583224,-0.24029192669055816
3.2599999999999745,-0.54071830463299875,-0.25465946652461197,-0.22971711984816001
3.2699999999999743,-0.39384904551919675,-0.2778567274093664,-0.10110559490959103
3.279999999999974,-0.27194056675095551,-0.2996626032809302,0.010813192952702222
3.2899999999999738,-0.19591265210703973,-0.32253149744834669,0.084177814608635257
3.2999999999999736,-0.17744647328393254,-0.35373506827761231,0.10299314741097733
3.3099999999999734,-0.21970335427296073,-0.39501461896893114,0.063314280637325568
3.3199999999999732,-0.32296634241885658,-0.44624597862309601,-0.034710419476835841
3.329999999999973,-0.48749561971176303,-0.50727721920191915,-0.19085523129926626
3.3399999999999728,-0.6955461746830347,-0.57935658813959734,-0.38931214561292043
3.3499999999999726,-0.77575027054136325,-0.67577979582085035,-0.4824075477336951
3.3599999999999723,-0.52933489530386024,-0.81223404591080939,-0.30383533642784899
3.3699999999999721,-0.21934077053568091,-0.96773194598053081,-0.092116577889134924
3.3799999999999719,-0.043648015543053149,-1.1262887269318458,-0.021471800660049514
3.3899999999999717,0.01264167483087171,-1.2891158755794285,-0.076340721489184013
3.3999999999999715,-0.025114796762693653,-1.4602578207784005,-0.23072827104693741
3.4099999999999713,-0.057599729626980234,-1.6621457602980043,-0.38619471513630049
3.4199999999999711,0.015941179973188696,-1.9170311145898025,-0.44701945164636436
3.4299999999999708,0.20708486906882734,-2.2274213111508812,-0.40570996353267519
3.4399999999999706,0.470173091076102,-2.5897628653838387,-0.30257631218704406
3.4499999999999704,0.70765000078767137,-2.9973695440317907,-0.21588562457801563
3.4599999999999702,0.89356050749755311,-3.4488553371111745,-0.16390407301337689
3.46999999999997,1.0254283463073479,-3.9406894920412547,-0.14227849252479696
3.4799999999999698,1.0984165997754993,-4.4592465079565375,-0.13842340349056959
3.4899999999999696,1.1105924432193932,-5.0000385980293318,-0.14469346960571872
3.4999999999999694,1.0600672570534708,-5.5658547045380322,-0.15449738095238985
3.5099999999999691,0.93257878661182758,-6.159572823320195,-0.13922729071423756
3.5199999999999689,0.72291595540257902,-6.7810420737073995,-0.067658278769643032
3.5299999999999687,0.58838127571965293,-7.3748435099976968,0.086984979363672221
3.5399999999999685,0.8581288810612735,-7.7745656030650832,0.30625238777600189
3.5499999999999683,0.81836938459003195,-7.9028935887618204,0.20874544703054304
3.5599999999999681,0.46654810613578823,-7.7604447864071631,-0.13463489299386078
3.5699999999999679,0.41904217034814473,-7.3516784949473202,-0.17972710415007781
3.5799999999999677,0.07496568663355313,-6.6425633854067296,0.064922796286116025
3.5899999999999674,-0.93843215234600053,-5.3353387162058103,0.37788482851284277
3.5999999999999672,-1.87514007022037,-2.9518740124250957,0.64803737289976393
3.609999999999967,-2.488934441359071,-0.42143681677876876,0.90193652282028758
3.6199999999999668,-2.8483682753009871,1.2278136826517321,1.1404890260187965
3.6299999999999666,-3.1812818111304866,2.1560323533930212,1.2260441613031734
3.6399999999999664,-3.5712136211469976,2.5422233793393865,1.0927137517823475
3.6499999999999662,-3.7857145477801071,2.6138755609272106,0.83236915478721674
3.6599999999999659,-3.470679640287841,2.6757154478727392,0.61603489022453894
3.6699999999999657,-2.5762306703253124,2.7770989765359988,0.48998680979410003
3.6799999999999655,-1.3112317852046889,2.9260589302812936,0.44990349713069622
3.6899999999999653,-0.25249401083035766,3.1546542426328776,0.44077022527479515
3.6999999999999651,0.39800660008159833,3.4747785418922055,0.430079868952575
3.7099999999999649,0.6718041096055235,3.8708873558353707,0.40841257779929974
3.7199999999999647,0.79340149847776842,4.2583442819855328,0.39801698866608093
3.7299999999999645,0.94422200389805511,4.5788299572189715,0.43195306818092305
3.7399999999999642,1.1581460593780353,4.8268335661946535,0.5226144129921686
3.749999999999964,0.82769236961802661,5.0492767363846118,0.41422926064436488
3.7599999999999638,-0.40161964750326007,5.2730837263327626,-0.079760636255857886
3.7699999999999636,-0.26827727909728338,5.3391153615121594,0.082112267794989605
3.7799999999999634,0.35832078558786967,5.3343597795324547,0.50326587083015384
3.7899999999999632,0.47294596672894801,5.3434922493220309,0.65286144365737497
3.799999999999963,0.40748760057295391,5.3418406293299574,0.68980678583398181
3.8099999999999627,0.11363069712113757,5.3332426821932009,0.56949933632105787
3.8199999999999625,-0.54559125173390544,5.3297916680921258,0.18360694069763636
3.8299999999999623,-1.1931770951596337,5.3184164580774071,-0.22801871173997984
3.8399999999999621,-0.85424832809879847,5.2620552931589746,0.057123576473352061
3.8499999999999619,-0.084199756499094586,5.2146023035243596,0.67333599815507306
