0.0,0.00021772515914750208,0.00022966372681987876,0.00082628365698997905
0.010000000000000002,0.00020482735991525367,0.00076767305821934923,0.0018580458607216073
0.020000000000000004,-2.4146115001133029e-05,0.0016010885518967463,0.0030970116201327344
0.030000000000000006,-0.00045547182504940232,0.002717521496204041,0.0045447930649795869
0.040000000000000001,-0.0010762289755257082,0.0041051178722049013,0.0062028923278323149
0.049999999999999996,-0.0018742782212796609,0.0057525423157327501,0.0080727044260705295
0.059999999999999991,-0.0028382404704193811,0.0076489620794488325,0.010155520143878867
0.069999999999999979,-0.0039574756880165415,0.0097840309949002585,0.012452528914242504
0.079999999999999988,-0.0052220616998114189,0.012147873434578085,0.014964821700942736
0.089999999999999969,-0.006622772995917953,0.014731068273975363,0.017693393880552508
0.099999999999999978,-0.0081510595345287776,0.017524632853645191,0.020639148124431954
0.10999999999999999,-0.0097990255456202845,0.02052000694125879,0.023802897280723954
0.12,-0.011559408334657668,0.02370903669366356,0.02718536725634968
0.13,-0.013425557086299974,0.027083958618941133,0.030787199899004115
0.14000000000000001,-0.01539141166810514,0.030637383538465429,0.034608955879151658
0.15000000000000002,-0.017451481434235066,0.034362280548960726,0.038651117572021595
0.16000000000000003,-0.019600824029160645,0.038251960984559727,0.042914091939603709
0.17000000000000004,-0.021835024191366827,0.042300062378861601,0.047398213412643789
0.18000000000000005,-0.024150172557057637,0.046500532426990059,0.052103746772639195
0.19000000000000006,-0.026542844463861279,0.050847612947651395,0.05703089003383436
0.20000000000000007,-0.029010078754535124,0.055335823845192575,0.062179777325216422
0.21000000000000005,-0.031549356580670797,0.059959947071659241,0.06755048177251069
0.22000000000000006,-0.034158580206399246,0.064715010588853886,0.0731430183801762
0.23000000000000007,-0.036836051812095719,0.069596272330393755,0.078957346913401338
0.24000000000000007,-0.039580452298084892,0.074599204163769042,0.084993374780099273
0.25000000000000011,-0.042390820088345847,0.079719475852400842,0.091250959912903551
0.26000000000000012,-0.04526652993421719,0.084952939017699333,0.097729913651163694
0.27000000000000013,-0.048207271718102067,0.09029561110112172,0.10443000362294068
0.28000000000000014,-0.051213029257173193,0.095743659326230357,0.11135095662700245
0.29000000000000015,-0.054284059107077932,0.10129338466075077,0.11849246151481961
0.30000000000000016,-0.057420869365643341,0.10694120577862977,0.12585417207256078
0.31000000000000016,-0.060624198476581216,0.11268364302209347,0.13343570990308831
0.32000000000000017,-0.063894994033193125,0.11851730236370533,0.14123666730795373
0.33000000000000018,-0.067234391582075517,0.12443885936842433,0.14925661016939329
0.34000000000000019,-0.070643693426824652,0.13044504315566283,0.15749508083232358
0.3500000000000002,-0.074124347431741774,0.13653262036134475,0.16595160098633702
0.36000000000000021,-0.077677925825538133,0.14269837909996377,0.17462567454769737
0.37000000000000022,-0.081306104005039959,0.14893911292664111,0.18351679054133535
0.38000000000000023,-0.085010639338893579,0.15525160479918365,0.19262442598284418
0.39000000000000024,-0.088793349971270488,0.16163261104014232,0.20194804876047506
0.40000000000000024,-0.092656093625572311,0.16807884529886968,0.21148712051713289
0.41000000000000025,-0.096600746408135957,0.17458696251357825,0.22124109953237139
0.42000000000000026,-0.10062918161193854,0.18115354287339855,0.2312094436043893
0.43000000000000027,-0.10474324852030259,0.18777507578043715,0.24139161293202532
0.44000000000000028,-0.10894475121060097,0.19444794381183469,0.2517870729967539
0.45000000000000029,-0.11323542735796195,0.20116840668182392,0.26239529744468104
0.46000000000000024,-0.11761692703897431,0.20793258520378788,0.27321577096853922
0.47000000000000025,-0.12209079153539233,0.21473644525231778,0.28424799218968355
0.48000000000000026,-0.12665843213784095,0.22157578172527137,0.29549147654008723
0.49000000000000027,-0.13132110894952057,0.22844620250583048,0.30694575914433642
0.50000000000000022,-0.13607990968991246,0.23534311242455969,0.31861039770162686
0.51000000000000023,-0.1409357284984834,0.24226169722146385,0.33048497536775845
0.52000000000000024,-0.14588924473839113,0.24919690750804654,0.3425691036371315
0.53000000000000025,-0.15094090180018915,0.25614344272936795,0.35486242522474171
0.54000000000000026,-0.15609088590553177,0.2630957351261029,0.36736461694817635
0.55000000000000027,-0.16133910491087924,0.27004793369659902,0.38007539260960904
0.56000000000000028,-0.1666851671112029,0.27699388815893478,0.39299450587779605
0.57000000000000028,-0.17212836004368992,0.28392713291297722,0.40612175317007115
0.58000000000000029,-0.17766762929144869,0.29084087100244088,0.41945697653434189
0.5900000000000003,-0.18330155728721365,0.2977279580769448,0.43300006653108447
0.60000000000000031,-0.18902834230807231,0.30458088660508209,0.44675096555616456
0.61000000000000032,-0.19484578243676309,0.31139177661377138,0.46070968262510353
0.62000000000000033,-0.20075127213042157,0.31815238299432536,0.47487633725178569
0.63000000000000034,-0.20674180375589768,0.32485410933480241,0.48925121478861061
0.64000000000000035,-0.21281396931609467,0.33148802200336869,0.503834822207471
0.65000000000000036,-0.21896396217630815,0.33804486423166036,0.51862794388073075
0.66000000000000036,-0.22518757879056528,0.34451507019814598,0.53363169736220228
0.67000000000000037,-0.23148022042796365,0.35088877911148858,0.54884758916812437
0.68000000000000038,-0.23783689489901044,0.35715584929390798,0.56427757055814021
0.69000000000000039,-0.24425221828196131,0.36330587226454286,0.57992409331627459
0.7000000000000004,-0.25072041664915973,0.36932818682281343,0.59579016553191189
0.71000000000000041,-0.25723532779337577,0.3752118931317831,0.61187940738077418
0.72000000000000042,-0.26379040295414513,0.38094586680152098,0.62819610690589822
0.73000000000000043,-0.27037870854410856,0.3865187729724644,0.64474527579861363
0.74000000000000044,-0.27699292787535035,0.39191908039878054,0.6615327051795209
0.75000000000000044,-0.28362536288573786,0.39713507553172939,0.67856502137946839
0.76000000000000045,-0.29026793586526017,0.40215487660302501,0.69584972934069267
0.77000000000000046,-0.29691219118236761,0.40696644770819901,0.71339493414218236
0.78000000000000047,-0.30354929701031025,0.41155761288996162,0.73120824545576046
0.79000000000000048,-0.31017004705347734,0.41591607022156452,0.74929536012638942
0.80000000000000049,-0.3167648622737364,0.42002940589016341,0.76765863237263987
0.8100000000000005,-0.32332379261677174,0.42388510828017917,0.7862956439871599
0.82000000000000051,-0.32983651873842423,0.42747058205666127,0.8051977745371407
0.83000000000000052,-0.33629235373102984,0.43077316224864926,0.82434877156478736
0.84000000000000052,-0.34268024484975879,0.43378012833253515,0.84372332078778522
0.85000000000000053,-0.34898877523895461,0.4364787183154259,0.86328561629976897
0.86000000000000054,-0.35520616565847341,0.43885614281850538,0.88298793077079063
0.87000000000000055,-0.36132027621002266,0.44089959916039684,0.9027691856477873
0.88000000000000056,-0.36731860806350025,0.44259628544052487,0.92255352135504953
0.89000000000000057,-0.37318830518333357,0.44393341462247765,0.94224886749469039
0.90000000000000058,-0.37891615605481893,0.44489822861736994,0.96174551304711209
0.91000000000000059,-0.38448860055379896,0.44547801769458839,0.98091486281437512
0.9200000000000006,-0.38989187054316132,0.44566027840453676,0.99961303617896169
0.9300000000000006,-0.39511246992972454,0.44543322310875716,1.0176967578939284
0.94000000000000061,-0.40013778844794379,0.4447864280220486,1.0350440911884564
0.95000000000000062,-0.40495672058695548,0.44371148658197052,1.0515750992354431
0.96000000000000063,-0.409560284517623,0.44220266281834614,1.0672658017168457
0.97000000000000064,-0.41394224101958094,0.44025754472276579,1.0821449816368267
0.98000000000000065,-0.41809971240828059,0.43787769761809031,1.0962809172240029
0.99000000000000066,-0.42203378954401438,0.43506930424452966,1.1097595177495629
1.0000000000000007,-0.42574982897241553,0.43184345947668806,1.1226647166219279
1.0100000000000007,-0.4292569634756247,0.42821558833459877,1.1350730195127263
1.0200000000000007,-0.4325673027549311,0.424204518625725,1.1470536797679587
1.0300000000000007,-0.43569512219539408,0.41983154030353648,1.1586690902532106
1.0400000000000007,-0.43865605163046328,0.4151194648260853,1.1699751751988634
1.0500000000000007,-0.44146626410660106,0.41009168451458311,1.1810217820453071
1.0600000000000007,-0.4441416646479025,0.40477123191197717,1.1918530732881503
1.0700000000000007,-0.44669708683337006,0.39917984822981789,1.2025079177852074
1.0800000000000007,-0.44914569250316794,0.39333728809070895,1.2130202680695958
1.0900000000000007,-0.45149888709997837,0.38726122409799929,1.2234195021398884
1.1000000000000008,-0.45376643813933853,0.3809673877010577,1.2337307512563798
1.1100000000000008,-0.45595660149263023,0.37446971914883842,1.243975227199126
1.1200000000000008,-0.4580762476700696,0.36778051744344653,1.2541705495259814
1.1300000000000008,-0.46013098810369712,0.36091059029370398,1.2643310728306409
1.1400000000000008,-0.46212530143036712,0.35386940406871492,1.2744682140006764
1.1500000000000008,-0.46406265977473743,0.34666523375143138,1.2845907794755786
1.1600000000000008,-0.46594565503225921,0.33930531289221899,1.2947052925047937
1.1700000000000008,-0.4677761251521671,0.33179598356242274,1.3048163204057635
1.1800000000000008,-0.46955528042046824,0.32414284630793228,1.3149268018219649
1.1900000000000008,-0.47128382974293243,0.3163509101027478,1.325038373980949
1.2000000000000008,-0.4729621069280821,0.30842474230254568,1.3351516999523805
1.2100000000000009,-0.47459019697018157,0.30036861859824404,1.3452667959060751
1.2200000000000009,-0.476168061279854,0.29218667171334839,1.3553833556423907
1.2300000000000009,-0.47769563555300215,0.28388300743957934,1.3655010042037019
1.2400000000000009,-0.47917285818311578,0.27546173776198452,1.3756193714609442
1.2500000000000009,-0.48059967131188203,0.26692698132233256,1.3857380947812463
1.2600000000000009,-0.48197602082742408,0.25828286262628708,1.3958568189679093
1.2700000000000009,-0.48330185636253931,0.24953351125058079,1.405975196200389
1.2800000000000009,-0.48457713129293672,0.24068306105018905,1.416092885974277
1.2900000000000009,-0.48580180273547591,0.23173564936550436,1.4262095550412797
1.3000000000000009,-0.48697583154640434,0.22269541622950997,1.4363248773492014
1.3100000000000009,-0.48809918231959609,0.2135665035749541,1.4464385339819248
1.320000000000001,-0.48917182338478948,0.20435305444152382,1.4565502130993897
1.330000000000001,-0.49019372680582551,0.19505921218301886,1.466659609877577
1.340000000000001,-0.49116486837888579,0.18568911967452592,1.4767664264484877
1.350000000000001,-0.49208522763073054,0.17624691851959245,1.4868703718401244
1.360000000000001,-0.49295478781693697,0.16673674825740065,1.4969711619164721
1.370000000000001,-0.49377353592013695,0.15716274556994136,1.5070685193174793
1.380000000000001,-0.49454146264825571,0.1475290434891883,1.5171621733990384
1.390000000000001,-0.49525856243274907,0.13783977060427169,1.5272518601729663
1.400000000000001,-0.49592483342684252,0.12809905026865254,1.5373373222469873
1.410000000000001,-0.49654027750376867,0.11831099980729655,1.5474183087647113
1.420000000000001,-0.49710490025500531,0.10847972972384784,1.5574945753456173
1.430000000000001,-0.49761871098851401,0.098609342907803446,1.5675658840250319
1.4400000000000011,-0.49808172272697782,0.088703933841686705,1.5776320031941118
1.4500000000000011,-0.49849395220603915,0.078767587808221587,1.5876927075398237
1.4600000000000011,-0.49885541987253867,0.068804380097506695,1.5977477779849267
1.4700000000000011,-0.49916614988275265,0.058818375214189117,1.6077970016279517
1.4800000000000011,-0.49942617010063112,0.048813626084638247,1.6178401716831829
1.4900000000000011,-0.49963551209603624,0.038794173264120241,1.6278770874206372
1.5000000000000011,-0.49979421114298078,0.028764044143971539,1.6379075541060499
1.5100000000000011,-0.49990230621786508,0.018727252158772977,1.6479313829408486
1.5200000000000011,-0.49995983999771604,0.0086877959935239037,1.6579483910021395
1.5300000000000011,-0.49996685885842512,-0.0013503412091840498,1.6679584011826869
1.5400000000000011,-0.49992341287298597,-0.0113831926419928,1.6779612421308929
1.5500000000000012,-0.49982955580973315,-0.021406808625603957,1.6879567481907789
1.5600000000000012,-0.49968534513057988,-0.031417257401604871,1.6979447593419679
1.5700000000000012,-0.49949084198925592,-0.041410625925294521,1.7079251211396631
1.5800000000000012,-0.49924611122954621,-0.051383020658509637,1.7178976846546308
1.5900000000000012,-0.49895122138352843,-0.061330568362450731,1.7278623064131793
1.6000000000000012,-0.4986062446698114,-0.071249416890508094,1.7378188483371424
1.6100000000000012,-0.49821125699177338,-0.081135735981087642,1.7477671776838579
1.6200000000000012,-0.49776633793579939,-0.090985718050437356,1.7577071669861495
1.6300000000000012,-0.49727157076952017,-0.10079557898547283,1.7676386939923074
1.6400000000000012,-0.49672704244004984,-0.11056155893660374,1.7775616416060709
1.6500000000000012,-0.49613284357222404,-0.12027992311055945,1.7874758978266059
1.6600000000000013,-0.49548906846683793,-0.12994696256321533,1.7973813556884892
1.6700000000000013,-0.49479581509888465,-0.13955899499241867,1.8072779132016865
1.6800000000000013,-0.49405318511579288,-0.14911236553081461,1.8171654732915374
1.6900000000000013,-0.49326128383566548,-0.15860344753867231,1.8270439437387302
1.7000000000000013,-0.49242022024551707,-0.16802864339671106,1.8369132371192889
1.7100000000000013,-0.49153010699951272,-0.17738438529892595,1.8467732707445503
1.7200000000000013,-0.49059106041720524,-0.18666713604541427,1.8566239666011461
1.7300000000000013,-0.48960320048177408,-0.19587338983520117,1.8664652512909843
1.7400000000000013,-0.48856665083826301,-0.20499967305906611,1.8762970559712289
1.7500000000000013,-0.48748153879181827,-0.2140425450923685,1.8861193162942822
1.7600000000000013,-0.48634799530592659,-0.22299859908787389,1.8959319723477643
1.7700000000000014,-0.48516615500065352,-0.23186446276858011,1.9057349685944951
1.7800000000000014,-0.48393615615088131,-0.2406367992205429,1.9155282538124745
1.7900000000000014,-0.48265814068454699,-0.24931230768570239,1.9253117810348637
1.8000000000000014,-0.4813322541808806,-0.25788772435470891,1.9350855074899662
1.8100000000000014,-0.4799586458686434,-0.26635982315974899,1.944849394541208
1.8200000000000014,-0.47853746862436547,-0.27472541656737121,1.9546034076271193
1.8300000000000014,-0.47706887897058431,-0.28298135637131278,1.9643475162013149
1.8400000000000014,-0.47555303707408281,-0.29112453448532499,1.9740816936724754
1.8500000000000014,-0.47399010674412706,-0.29915188373599949,1.9838059173443283
1.8600000000000014,-0.472380255430705,-0.30706037865559438,1.9935201683556285
1.8700000000000014,-0.47072365422276391,-0.31484703627485999,2.0032244316201386
1.8800000000000014,-0.46902047784644879,-0.32250891691586497,2.012918695766611
1.8900000000000015,-0.46727090466334059,-0.33004312498482258,2.0226029530787684
1.9000000000000015,-0.46547511666869423,-0.33744680976491642,2.0322771994352844
1.9100000000000015,-0.46363329948967608,-0.3447171662091264,2.0419414342497646
1.9200000000000015,-0.46174564238360327,-0.35185143573305522,2.0515956604107273
1.9300000000000015,-0.45981233823618073,-0.35884690700775379,2.0612398842215858
1.9400000000000015,-0.45783358355973974,-0.36570091675254768,2.0708741153406258
1.9500000000000015,-0.45580957849147602,-0.37241085052786282,2.0804983667209909
1.9600000000000013,-0.45374052679168764,-0.37897414352805198,2.0901126545506603
1.9700000000000011,-0.45162663584201329,-0.38538828137422027,2.09971699819243
1.9800000000000009,-0.44946811664367015,-0.39165080090705157,2.1093114201238952
1.9900000000000007,-0.44726518381569236,-0.39775929097963436,2.1188959458774299
2.0000000000000004,-0.44501805559316887,-0.40371139325028771,2.1284706039801682
2.0100000000000002,-0.44272695382548144,-0.40950480297538749,2.1380354258939862
2.02,-0.44039210397454281,-0.41513726980219201,2.1475904459554802
2.0299999999999998,-0.43801373511303526,-0.4206065985616686,2.15713570131595
2.0399999999999996,-0.43559207992264753,-0.42591065006131906,2.1666712318813799
2.0499999999999994,-0.43312737469231433,-0.43104734187800597,2.1761970802524178
2.0599999999999992,-0.43061985931645358,-0.43601464915077898,2.1857132916643578
2.069999999999999,-0.42806977729320461,-0.44081060537370037,2.1952199139271205
2.0799999999999987,-0.42547737572266625,-0.44543330318867114,2.204716997365233
2.0899999999999985,-0.42284290530513524,-0.44988089517825708,2.2142045947578106
2.0999999999999983,-0.42016662033934404,-0.45415159465851512,2.223682761278539
2.1099999999999981,-0.41744877872069891,-0.45824367647181902,2.2331515544356533
2.1199999999999979,-0.41468964193951813,-0.46215547777968541,2.2426110340119192
2.1299999999999977,-0.41188947507926987,-0.46588539885559954,2.2520612620046143
2.1399999999999975,-0.40904854681481084,-0.46943190387784217,2.2615023025655092
2.1499999999999972,-0.4061671294106235,-0.47279352172231465,2.2709342219408479
2.159999999999997,-0.40324549871905507,-0.4759688467553656,2.2803570884113293
2.1699999999999968,-0.40028393417855496,-0.47895653962661644,2.2897709722320876
2.1799999999999966,-0.39728271881191324,-0.48175532806178756,2.2991759455726735
2.1899999999999964,-0.39424213922449852,-0.4843640076555249,2.3085720824570339
2.1999999999999962,-0.39116248560249611,-0.48678144266422474,2.3179594587034957
2.209999999999996,-0.38804405171114631,-0.48900656679886129,2.3273381518647431
2.2199999999999958,-0.38488713489298215,-0.49103838401781125,2.3367082411678011
2.2299999999999955,-0.38169203606606761,-0.49287596931968081,2.3460698074540156
2.2399999999999953,-0.37845905972223592,-0.49451846953613121,2.3554229331190335
2.2499999999999951,-0.37518851392532743,-0.49596510412470485,2.3647677020527862
2.2599999999999949,-0.37188071030942788,-0.49721516596165161,2.3741041995794663
2.2699999999999947,-0.36853596407710615,-0.49826802213475418,2.3834325123975124
2.2799999999999945,-0.36515459399765282,-0.49912311473615506,2.3927527285195884
2.2899999999999943,-0.3617369224053178,-0.49977996165518146,2.4020649372125633
2.299999999999994,-0.35828327519754888,-0.50023815737117217,2.4113692289374948
2.3099999999999938,-0.35479398183322969,-0.50049737374630365,2.4206656952896073
2.3199999999999936,-0.35126937533091712,-0.50055736081841506,2.4299544289382755
2.3299999999999934,-0.34770979226708093,-0.5004179475938354,2.4392355235670027
2.3399999999999932,-0.34411557277434002,-0.50007904284020865,2.4485090738134039
2.349999999999993,-0.34048706053970196,-0.49954063587932096,2.4577751752091852
2.3599999999999928,-0.33682460280280041,-0.49880279737992506,2.4670339241201265
2.3699999999999926,-0.33312855035413325,-0.49786568015056759,2.4762854176860589
2.3799999999999923,-0.3293992575333009,-0.49672951993241465,2.4855297537608498
2.3899999999999921,-0.32563708222724408,-0.49539463619207785,2.4947670308523815
2.3999999999999919,-0.32184238586848241,-0.49386143291444012,2.5039973480625313
2.4099999999999917,-0.31801553343335204,-0.4921303993954822,2.5132208050271552
2.4199999999999915,-0.31415689344024389,-0.49020211103510836,2.5224375018560674
2.4299999999999913,-0.31026683794784177,-0.48807723012997228,2.5316475390730191
2.4399999999999911,-0.30634574255336056,-0.48575650666630338,2.5408510175556822
2.4499999999999909,-0.30239398639078396,-0.48324077911273272,2.5500480384756297
2.4599999999999906,-0.29841195212910326,-0.48053097521311922,2.5592387032383161
2.4699999999999904,-0.29440002597011911,-0.47762811276097067,2.568423113423516
2.4799999999999902,-0.29035859763492228,-0.47453329989535259,2.5776013707376833
2.48999999999999,-0.28628806032163268,-0.47124773418210725,2.586773576996559
2.4999999999999898,-0.282188810651815,-0.46777270121656028,2.5959398341196986
2.5099999999999896,-0.27806124861646025,-0.4641095732078217,2.6051002441254587
2.5199999999999894,-0.27390577752196665,-0.46025980756308826,2.6142549091259855
2.5299999999999891,-0.26972280393612036,-0.45622494547194459,2.6234039313221951
2.5399999999999889,-0.26551273763407657,-0.45200661049066537,2.6325474129987652
2.5499999999999887,-0.26127599154434022,-0.44760650712651645,2.641685456519117
2.5599999999999885,-0.25701298169474723,-0.44302641942205695,2.6508181643204032
2.5699999999999883,-0.25272412715844544,-0.43826820953944079,2.6599456389084928
2.5799999999999881,-0.24840984999987517,-0.4333338163447184,2.6690679828529587
2.5899999999999879,-0.24407057522075043,-0.4282252539921384,2.6781852987820622
2.5999999999999877,-0.23970673070603993,-0.42294461050844934,2.6872976893777381
2.6099999999999874,-0.23531874716994788,-0.41749404637720094,2.6964052573705839
2.6199999999999872,-0.23090705810189491,-0.41187579312304684,2.7055081055348413
2.629999999999987,-0.2264720997124991,-0.40609215189604464,2.7146063366833864
2.6399999999999868,-0.22201431087955692,-0.40014549205595945,2.7237000536627138
2.6499999999999866,-0.21753413309402392,-0.3940382497565641,2.7327893593479207
2.6599999999999864,-0.21303201040599612,-0.38777292652994122,2.7418743566376969
2.6699999999999862,-0.20850838937069061,-0.38135208787078567,2.7509551484493064
2.6799999999999859,-0.20396371899442639,-0.37477836182070506,2.7600318377135769
2.6899999999999857,-0.19939845068060577,-0.36805443755252198,2.7691045273698851
2.6999999999999855,-0.19481303817569481,-0.36118306395457611,2.7781733203611387
2.7099999999999853,-0.19020793751520457,-0.35416704821502509,2.7872383196287678
2.7199999999999851,-0.18558360696967197,-0.34700925440614672,2.7962996281077084
2.7299999999999849,-0.18094050699064057,-0.33971260206864035,2.8053573487213872
2.7399999999999847,-0.1762791001566418,-0.3322800647959287,2.8144115843767112
2.7499999999999845,-0.17159985111917569,-0.3247146688184599,2.8234624379590487
2.7599999999999842,-0.16690322654869172,-0.3170194915880083,2.8325100123272184
2.769999999999984,-0.16218969508057018,-0.30919766036197699,2.8415544103084756
2.7799999999999838,-0.15745972726110244,-0.30125235078769907,2.8505957346934969
2.7899999999999836,-0.15271379549347269,-0.29318678548673943,2.8596340882313656
2.7999999999999834,-0.14795237398373803,-0.28500423263919633,2.86866957362456
2.8099999999999832,-0.14317593868681011,-0.27670800456800304,2.8777022935239365
2.819999999999983,-0.13838496725243579,-0.26830145632323005,2.886732350523717
2.8299999999999828,-0.13357993897117784,-0.25978798426638583,2.8957598471564774
2.8399999999999825,-0.12876133472039636,-0.25117102465471958,2.9047848858881262
2.8499999999999823,-0.1239296369102294,-0.24245405222552163,2.9138075691128993
2.8599999999999821,-0.11908532942957376,-0.2336405787804266,2.9228279991483399
2.8699999999999819,-0.11422889759206652,-0.22473415176971367,2.9318462782302865
2.8799999999999817,-0.10936082808206522,-0.21573835287660925,2.940862508507859
2.8899999999999815,-0.10448160890062938,-0.20665679660158837,2.9498767920384439
2.8999999999999813,-0.09959172931150112,-0.19749312884667597,2.9588892307826815
2.909999999999981,-0.09469167978708623,-0.18825102549974931,2.9678999265994497
2.9199999999999808,-0.089781951954435113,-0.17893419101883884,2.9769089812408516
2.9299999999999806,-0.084863038541223637,-0.16954635701643062,2.985916496347202
2.9399999999999804,-0.079935433321734056,-0.16009128084376761,2.994922573442012
2.9499999999999802,-0.074999631062836233,-0.15057274417515121,3.0039273139269742
2.95999999999998,-0.070056127469968088,-0.14099455159224333,3.0129308190769519
2.9699999999999798,-0.065105419133117029,-0.13136052916836788,3.0219331900349609
2.9799999999999796,-0.060148003472800325,-0.12167452305281216,3.0309345278071587
2.9899999999999793,-0.055184378686046823,-0.11194039805512945,3.0399349332578294
2.9999999999999791,-0.050215043692377143,-0.10216203622943942,3.0489345071043688
3.0099999999999789,-0.045240498079785016,-0.092343335458730719,3.0579333499122705
3.0199999999999787,-0.040261242050718002,-0.0824882080391625,3.0669315620901134
3.0299999999999785,-0.03527777636805865,-0.072600579264365597,3.0759292438845467
3.0399999999999783,-0.030290602301105446,-0.062684386009745213,3.0849264953752749
3.0499999999999781,-0.025300221571553348,-0.052743575316781456,3.0939234164700453
3.0599999999999778,-0.020307136299475195,-0.042782102977331739,3.1029201068996324
3.0699999999999776,-0.015311848949302312,-0.032803932117932415,3.1119166662128253
3.0799999999999774,-0.010314862275805812,-0.02281303178409996,3.1209131937714134
3.0899999999999772,-0.005316679270077165,-0.012813375524633273,3.1299097887451701
3.099999999999977,-0.00031780310550925072,-0.0028089399759150366,3.1389065501068432
3.1099999999999768,0.0046812629162226657,0.0071962965537865084,3.1479035766271366
3.1199999999999766,0.0096800154191798507,0.017198355500016173,3.1569009668696975
3.1299999999999764,0.014677951007179561,0.027193259457829674,3.1658988191861037
3.1399999999999761,0.019674566317813696,0.037177033597492165,3.1748972317108488
3.1499999999999759,0.024669358076468081,0.047145707080176666,3.1838963023563269
3.1599999999999757,0.02966182315034149,0.057095314473662326,3.1928961288078201
3.1699999999999755,0.034651458602464692,0.067021897168032613,3.2018968085184829
3.1799999999999753,0.039637761745719521,0.076921504791373746,3.2108984387043313
3.1899999999999751,0.04462023019685793,0.086790196625473021,3.2199011163392246
3.1999999999999749,0.04959836193052114,0.096624043021517114,3.2289049381498534
3.2099999999999747,0.054571655333258445,0.10641912681579038,3.2379100006107273
3.2199999999999744,0.059539609257546665,0.11617154474537317,3.2469163999391562
3.2299999999999742,0.064501723075808926,0.12587740886384027,3.2559242320902415
3.239999999999974,0.069457496734433716,0.13553284795695905,3.2649335927518588
3.2499999999999738,0.074406430807794105,0.14513400895838757,3.2739445773396434
3.2599999999999736,0.079348026552266804,0.15467705836537385,3.2829572809919783
3.2699999999999734,0.084281785960251099,0.16415818365445298,3.2919717985649806
3.2799999999999732,0.089207211814187823,0.17357359469714614,3.3009882246274844
3.2899999999999729,0.094123807740578727,0.18291952517565879,3.3100066534560293
3.2999999999999727,0.099031078264005465,0.19219223399857902,3.319027179029844
3.3099999999999725,0.10392852886114846,0.20138800671657583,3.3280498950258366
3.3199999999999723,0.10881566601480598,0.21050315693809721,3.3370748948135747
3.3299999999999721,0.11369199726791361,0.21953402774506903,3.3461022714502771
3.3399999999999719,0.11855703127756266,0.22847699310859268,3.355132117675796
3.3499999999999717,0.12341027786901983,0.237328459304644,3.3641645259076016
3.3599999999999715,0.12825124808974589,0.24608486632977122,3.3731995882357735
3.3699999999999712,0.13307945426341497,0.25474268931679345,3.3822373964179819
3.379999999999971,0.13789441004393341,0.26329843995049884,3.3912780418744761
3.3899999999999708,0.14269563046945904,0.27174866788334312,3.4003216156830698
3.3999999999999706,0.1474826320164202,0.28008996215114773,3.4093682085741244
3.4099999999999704,0.1522549326535346,0.28831895258879819,3.4184179109255397
3.4199999999999702,0.15701205189582859,0.2964323112459426,3.4274708127577362
3.42999999999997,0.16175351085865611,0.30442675380268963,3.4365270037286431
3.4399999999999697,0.16647883231171801,0.31229904098530714,3.4455865731286828
3.4499999999999695,0.17118754073308062,0.32004597998192036,3.4546496098757569
3.4599999999999693,0.17587916236319537,0.32766442585820998,3.4637162025102337
3.4699999999999691,0.18055322525891734,0.33515128297311114,3.4727864391899326
3.4799999999999689,0.1852092593475248,0.34250350639451121,3.4818604076851116
3.4899999999999687,0.18984679648073788,0.3497181033149479,3.4909381953734502
3.4999999999999685,0.19446537048873788,0.35679213446730823,3.5000198892350398
3.5099999999999683,0.19906451723418622,0.36372271554052654,3.5091055758473653
3.519999999999968,0.20364377466624356,0.37050701859528262,3.5181953413802924
3.5299999999999678,0.20820268287458876,0.37714227347970025,3.5272892715910573
3.5399999999999676,0.21274078414343803,0.38362576924504582,3.536387451819246
3.5499999999999674,0.21725762300556409,0.38995485556142578,3.5454899669817852
3.5599999999999672,0.22175274629631514,0.39612694413348576,3.5545969015679275
3.569999999999967,0.22622570320763352,0.40213951011610871,3.5637083396342333
3.5799999999999668,0.23067604534207586,0.40799009353011306,3.572824364799565
3.5899999999999666,0.23510332676683074,0.41367630067795103,3.5819450602400633
3.5999999999999663,0.23950710406773892,0.41919580555940705,3.5910705086841399
3.6099999999999661,0.24388693640331166,0.42454635128729618,3.6002007924074615
3.6199999999999659,0.24824238555875031,0.42972575150316211,3.6093359932279347
3.6299999999999657,0.25257301599996496,0.43473189179297617,3.6184761925006939
3.6399999999999655,0.25687839492759362,0.43956273110283456,3.6276214711130859
3.6499999999999653,0.26115809233102155,0.44421630315465738,3.6367719094796538
3.6599999999999651,0.26541168104239993,0.44869071786188736,3.6459275875371286
3.6699999999999648,0.26963873679066502,0.45298416274518716,3.6550885847394081
3.6799999999999646,0.27383883825555766,0.45709490434813843,3.6642549800525521
3.6899999999999644,0.27801156712164155,0.46102128965293976,3.6734268519497566
3.6999999999999642,0.28215650813232301,0.46476174749610516,3.6826042784063491
3.709999999999964,0.28627324914386981,0.46831478998416265,3.6917873368947705
3.7199999999999638,0.29036138117913496,0.47167901389354949,3.7009761043795635
3.7299999999999636,0.2944204984736109,0.47485310165964922,3.7101706573123545
3.7399999999999634,0.29845019850201404,0.47783582132287639,3.7193710716268429
3.7499999999999631,0.3024500819971972,0.48062602606390031,3.7285774227337867
3.7599999999999629,0.30641975296877005,0.48322265372306872,3.7377897855159872
3.7699999999999627,0.31035881872171678,0.48562472631983006,3.7470082343232756
3.7799999999999625,0.31426688987501555,0.48783134957215568,3.7562328429674996
3.7899999999999623,0.3181435803802572,0.4898417124159628,3.7654636847175076
3.7999999999999621,0.32198850754026398,0.49165508652453715,3.774700832294136
3.8099999999999619,0.32580129202770858,0.49327082582795484,3.7839443578651952
3.8199999999999616,0.32958155790373306,0.4946883660325056,3.7931943330404558
3.8299999999999614,0.33332893263656738,0.49590722414011545,3.802450828866633
3.8399999999999612,0.33704304712014843,0.49692699796776846,3.8117139158223723
3.849999999999961,0.34072353569273928,0.49774736566693001,3.8209836638132395
3.8599999999999608,0.34437003615554707,0.49836808524296922,3.8302601421667011
3.8699999999999606,0.34798218979134293,0.49878899407458133,3.839543419627117
3.8799999999999604,0.35155964138308027,0.49901000843321036,3.8488335643507146
3.8899999999999602,0.35510203923251338,0.4990311230024716,3.8581306439005898
3.8999999999999599,0.3586090351788172,0.49885241039757444,3.8674347252416839
3.9099999999999597,0.36208028461720504,0.49847402068474478,3.8767458747357688
3.9199999999999595,0.36551544651754847,0.49789618090064697,3.8860641581364379
3.9299999999999593,0.36891418344299531,0.49711919457180775,3.8953896405840887
3.9399999999999591,0.37227616156858928,0.49614344123403747,3.9047223866009095
3.9499999999999589,0.37560105069988808,0.49496937595185353,3.9140624600858653
3.9599999999999587,0.37888852429158293,0.49359752883790209,3.9234099243096834
3.9699999999999589,0.38213825946611707,0.49202850457238156,3.9327648419098424
3.9799999999999587,0.38534993703230425,0.49026298192246504,3.9421272748855514
3.9899999999999585,0.38852324150394857,0.48830171326172184,3.9514972845927447
3.9999999999999583,0.39165786111846251,0.4861455240895412,3.9608749317390579
4.009999999999958,0.39475348785548597,0.48379531255055441,3.9702602763788244
4.0199999999999578,0.39780981745550548,0.4812520489540576,3.9796533779080541
4.0299999999999576,0.40082654943847223,0.47851677529343334,3.9890542950594168
4.0399999999999574,0.40380338712242209,0.47559060476557513,3.998463085897241
4.0499999999999572,0.4067400376420936,0.47247472129030776,4.0078798078124844
4.059999999999957,0.40963621196754685,0.46917037902981118,4.0173045175177302
4.0699999999999568,0.4124916249227828,0.46567890190804329,4.0267372710421698
4.0799999999999566,0.41530599520436184,0.46200168313016143,4.0361781237265859
4.0899999999999563,0.41807904540002278,0.45814018470194562,4.045627130218346
4.0999999999999561,0.42081050200730136,0.45409593694922129,4.0550843444663789
4.1099999999999559,0.42350009545214967,0.44987053803728105,4.0645498197161665
4.1199999999999557,0.4261475601075545,0.44546565349030837,4.0740236085047306
4.1299999999999555,0.42875263431215643,0.44088301571079902,4.0835057626556148
4.1399999999999553,0.43131506038886874,0.43612442349898439,4.0929963332738746
4.1499999999999551,0.43383458466349606,0.43119174157225382,4.1024953707410567
4.1599999999999548,0.43631095748335352,0.426086900084577,4.1120029247101941
4.1699999999999546,0.43874393323588518,0.42081189414592673,4.1215190441007863
4.1799999999999544,0.44113327036728317,0.41536878334170163,4.1310437770937831
4.1899999999999542,0.443478731401107,0.40975969125214812,4.1405771711265782
4.199999999999954,0.44578008295690108,0.4039868049717838,4.150119272887987
4.2099999999999538,0.44803709576881517,0.39805237462881909,4.1596701283132393
4.2199999999999536,0.45024954470422224,0.39195871290458073,4.1692297825789595
4.2299999999999534,0.45241720878233715,0.38570819455293365,4.1787982800981567
4.2399999999999531,0.45453987119283668,0.37930325591970365,4.1883756645152097
4.2499999999999529,0.45661731931447685,0.37274639446210039,4.1979619787008504
4.2599999999999527,0.45864934473371349,0.36604016826813945,4.2075572647471544
4.2699999999999525,0.46063574326331919,0.35918719557606504,4.2171615639625202
4.2799999999999523,0.46257631496100377,0.35219015429377259,4.2267749168666633
4.2899999999999521,0.46447086414803218,0.34505178151823152,4.2363973631855973
4.2999999999999519,0.466319199427844,0.3377748730549075,4.2460289418466175
4.3099999999999516,0.46812113370467151,0.33036228293718506,4.2556696909732947
4.3199999999999514,0.46987648420215949,0.32281692294579017,4.2653196478804514
4.3299999999999512,0.471585072481983,0.31514176212821299,4.2749788490691563
4.339999999999951,0.47324672446246746,0.30733982631813006,4.2846473302217065
4.3499999999999508,0.47486127043720661,0.29941419764471294,4.2943251261966102
4.3599999999999506,0.47642854509368132,0.2913680137789606,4.3040122710235806
4.3699999999999504,0.47794838753187902,0.28320446651247944,4.3137087978985127
4.3799999999999502,0.47942064128291262,0.27492680007328868,4.323414739178479
4.3899999999999499,0.48084515432763836,0.26653830943151058,4.333130126376707
4.3999999999999497,0.48222177911527592,0.25804233860506032,4.3428549901575693
4.4099999999999495,0.4835503725820261,0.24944227896533691,4.3525893603315655
4.4199999999999493,0.48483079616969083,0.24074156754291354,4.3623332658503164
4.4299999999999491,0.48606291584429129,0.23194368533322776,4.3720867348015426
4.4399999999999489,0.48724660211468673,0.22305215560227218,4.3818497944040509
4.4499999999999487,0.48838173005119367,0.2140705421922845,4.3916224710027265
4.4599999999999485,0.48946817930420466,0.20500244782743821,4.4014047900635092
4.4699999999999482,0.49050583412280707,0.19585151241953286,4.4111967761683859
4.479999999999948,0.49149458337340213,0.18662141137368438,4.4209984530103803
4.4899999999999478,0.49243432055832331,0.17731585389401563,4.430809843388527
4.4999999999999476,0.49332494383445552,0.16793858128934674,4.4406309692028687
4.5099999999999474,0.49416635603185416,0.15849336527888544,4.4504618514494334
4.5199999999999472,0.49495846467236371,0.14898400629791747,4.4603025102152305
4.529999999999947,0.49570118198823637,0.13941433180349713,4.4701529646732263
4.5399999999999467,0.49639442494075164,0.12978819458013746,4.4800132330773366
4.5499999999999465,0.49703811523883423,0.12010947104550074,4.4898833327574073
4.5599999999999463,0.49763217935767368,0.11038205955608887,4.499763280114208
4.5699999999999461,0.49817654855734267,0.1006098787129338,4.5096530906144112
4.5799999999999459,0.49867115890141661,0.090796865667287882,4.51955277878558
4.5899999999999457,0.49911595127559144,0.080946974426314239,4.5294623582111582
4.5999999999999455,0.49951087140630351,0.071064174158777318,4.5393818415254463
4.6099999999999453,0.49985586987934771,0.061152447500733072,4.5493112404086
4.619999999999945,0.50015090215849656,0.051215788861219406,4.559250565581606
4.6299999999999448,0.50039592860411974,0.041258202727946731,4.569199826801273
4.6399999999999446,0.50059091449180149,0.031283701972988062,4.5791590328552187
4.6499999999999444,0.50073583003096078,0.021296306158469905,4.5891281915568491
4.6599999999999442,0.5008306503834693,0.011300039842262015,4.5991073097403534
4.669999999999944,0.50087535568227126,0.0012989308836683956,4.6090963932556805
4.6799999999999438,0.50086993105000122,-0.0087029912508828529,4.6190954469635361
4.6899999999999435,0.50081436661760359,-0.018701697182148688,4.6291044747303571
4.6999999999999433,0.50070865754295113,-0.028693159312380985,4.6391234794233052
4.7099999999999431,0.50055280402946423,-0.038673353519635904,4.6491524629052501
4.7199999999999429,0.50034681134472936,-0.048638260852083982,4.6591914260297562
4.7299999999999427,0.50009068983911809,-0.058583869222319021,4.6692403686360677
4.7399999999999425,0.49978445496440577,-0.068506175101668454,4.6792992895440957
4.7499999999999423,0.49942812729239089,-0.078401185214502317,4.6893681865494017
4.7599999999999421,0.49902173253351345,-0.088264918232543274,4.6994470564181876
4.7699999999999418,0.49856530155547374,-0.098093406469176025,4.7095358948822756
4.7799999999999416,0.49805887040185176,-0.10788269757375676,4.7196346966341052
4.7899999999999414,0.49750248031072547,-0.11762885622592333,4.7297434553217057
4.7999999999999412,0.49689617773329009,-0.12732796582990419,4.7398621635436866
4.809999999999941,0.4962400143524765,-0.13697613020882837,4.7499908128442323
4.8199999999999408,0.4955340471015709,-0.14656947529903494,4.7601293937080742
4.8299999999999406,0.49477833818283246,-0.15610415084438289,4.7702778955554876
4.8399999999999403,0.49397295508611322,-0.16557633209056019,4.7804363067372737
4.8499999999999401,0.49311797060747675,-0.17498222147939407,4.7906046145297418
4.8599999999999399,0.49221346286781636,-0.18431805034316004,4.8007828051296988
4.8699999999999397,0.49125951533147455,-0.19358008059889173,4.810970863649441
4.8799999999999395,0.4902562168248622,-0.20276460644269079,4.8211687741117268
4.8899999999999393,0.48920366155507627,-0.21186795604403574,4.8313765194447758
4.8999999999999391,0.48810194912852001,-0.22088649324009244,4.8415940814772433
4.9099999999999389,0.48695118456952069,-0.22981661923002311,4.8518214409332172
4.9199999999999386,0.48575147833894883,-0.23865477426929618,4.8620585774271943
4.9299999999999384,0.4845029463528378,-0.24739743936399569,4.8723054694590733
4.9399999999999382,0.48320571000100143,-0.25604113796513134,4.8825620944091375
4.949999999999938,0.48185989616565361,-0.26458243766294748,4.892828428533039
4.9599999999999378,0.48046563724002694,-0.27301795188123318,4.9031044469567906
4.9699999999999376,0.47902307114647436,-0.28134434156273563,4.9133901236718609
4.9799999999999374,0.47753234134111372,-0.28955831662327608,4.9236854315332943
4.9899999999999372,0.4759935967843153,-0.29765663681872678,4.9339903422654761
4.9999999999999369,0.47440699189773344,-0.30563611238068927,4.9443048264709164
5.0099999999999367,0.47277268652081861,-0.31349360464327758,4.9546288536391421
5.0199999999999365,0.47109084586733257,-0.32122602666990141,4.9649623921555985
5.0299999999999363,0.46936164048186069,-0.32883034388004878,4.9753054093105451
5.0399999999999361,0.46758524619632591,-0.33630357467606892,4.9856578713079474
5.0499999999999359,0.46576184408650256,-0.34364279106995532,4.9960197432743865
5.0599999999999357,0.46389162042852905,-0.35084511931012852,5.0063909892679401
5.0699999999999354,0.4619747666554222,-0.35790774050821905,5.01677157228709
5.0799999999999352,0.46001147931359049,-0.36482789126585069,5.0271614542796161
5.089999999999935,0.45800196001934723,-0.37160286430142275,5.0375605961514944
5.0999999999999348,0.45594641541542458,-0.37823000907689347,5.047968957775792
5.1099999999999346,0.45384505712748685,-0.38470673242456283,5.0583864980015649
5.1199999999999344,0.45169810172064362,-0.39103049917385535,5.0688131746627549
5.1299999999999342,0.44950577065596403,-0.39719883277810319,5.0792489445870865
5.139999999999934,0.44726829024698989,-0.40320931594132897,5.0896937636049673
5.1499999999999337,0.44498589161624907,-0.40905959124502866,5.1001475865583741
5.1599999999999335,0.44265881065176882,-0.4147473617749543,5.1106103673097678
5.1699999999999333,0.4402872879635904,-0.42027039174789765,5.1210820587509698
5.1799999999999331,0.43787156884028089,-0.42562650713847205,5.1315626128120764
5.1899999999999329,0.43541190320544826,-0.43081359630589633,5.1420519804703444
5.1999999999999327,0.43290854557425396,-0.43582961062077696,5.1525501117590924
5.2099999999999325,0.43036175500992663,-0.44067256509189162,5.1630569557766002
5.2199999999999322,0.42777179508027574,-0.44534053899297144,5.1735724606950004
5.229999999999932,0.42513893381420531,-0.44983167648948463,5.1840965737691773
5.2399999999999318,0.42246344365822669,-0.45414418726541861,5.1946292413456652
5.2499999999999316,0.41974560143297285,-0.45827634715006399,5.2051704088715471
5.2599999999999314,0.41698568828971144,-0.4622264987447961,5.215720020903345
5.2699999999999312,0.41418398966685865,-0.46599305204985914,5.2262780211159221
5.279999999999931,0.41134079524649214,-0.46957448509114863,5.2368443523113806
5.2899999999999308,0.40845639891086527,-0.47296934454699402,5.2474189564279534
5.2999999999999305,0.40553109869892023,-0.4761762463749421,5.2580017745489078
5.3099999999999303,0.4025651967628015,-0.47919387643853989,5.2685927469114358
5.3199999999999301,0.39955899932436922,-0.48202099113411717,5.2791918129155553
5.3299999999999299,0.39651281663171345,-0.48465641801756937,5.2897989111330066
5.3399999999999297,0.39342696291566664,-0.48709905643114149,5.3004139793161444
5.3499999999999295,0.3903017563463182,-0.48934787813020936,5.3110369544068465
5.3599999999999293,0.38713751898952703,-0.4914019279100641,5.3216677725453962
5.3699999999999291,0.38393457676343573,-0.49326032423269422,5.3323063690793902
5.3799999999999288,0.38069325939498372,-0.49492225985356864,5.3429526785726287
5.3899999999999286,0.37741390037642114,-0.49638700244841993,5.3536066348140166
5.3999999999999284,0.37409683692182188,-0.4976538952400264,5.3642681708264597
5.4099999999999282,0.37074240992359742,-0.49872235762499639,5.3749372188757611
5.419999999999928,0.36735096390901012,-0.4995918858005497,5.3856137104795154
5.4299999999999278,0.3639228469966872,-0.50026205339130181,5.3962975764160097
5.4399999999999276,0.36045841085313363,-0.50073251207604574,5.406988746733119
5.4499999999999273,0.35695801064924609,-0.50100299221453559,5.417687150757204
5.4599999999999271,0.35342200501682625,-0.50107330347426926,5.4283927171020068
5.4699999999999269,0.3498507560050943,-0.50094333545727132,5.4391053736775472
5.4799999999999267,0.34624462903720266,-0.5006130583268763,5.4498250476990213
5.4899999999999265,0.3426039928667492,-0.50008252343451109,5.4605516656956965
5.4999999999999263,0.33892921953429117,-0.49935186394647807,5.4712851535198146
5.5099999999999261,0.33522068432385815,-0.49842129547073799,5.4820254363554781
5.5199999999999259,0.33147876571946605,-0.49729111668369297,5.4927724387275552
5.5299999999999256,0.32770384536163022,-0.49596170995696953,5.5035260845105745
5.5399999999999254,0.32389630800387947,-0.49443354198420142,5.5142862969376232
5.5499999999999252,0.3200565414692691,-0.49270716440781209,5.5250529986092403
5.559999999999925,0.31618493660689473,-0.49078321444579837,5.5358261115023177
5.5699999999999248,0.31228188724840533,-0.4886624155185128,5.546605556978994
5.5799999999999246,0.30834779016451747,-0.4863455778754468,5.5573912557955545
5.5899999999999244,0.30438304502152841,-0.48383359922201369,5.5681831281113245
5.5999999999999241,0.30038805433782956,-0.48112746532991146,5.5789810934975712
5.6099999999999239,0.29636322344041999,-0.47822825022056953,5.5897850709463937
5.6199999999999237,0.29230896042142013,-0.475137115264884,5.600594978879629
5.6299999999999235,0.28822567609458527,-0.47185530785603674,5.6114107351577376
5.6399999999999233,0.28411378395181869,-0.46838416006589467,5.6222322570887107
5.6499999999999231,0.27997370011968592,-0.46472508730140782,5.6330594614369645
5.6599999999999229,0.27580584331592745,-0.46087958696100961,5.6438922644322309
5.6699999999999227,0.27161063480597275,-0.45684923709101544,5.6547305817784643
5.6799999999999224,0.26738849835945355,-0.45263569504202134,5.6655743286627294
5.6899999999999222,0.26313986020671748,-0.44824069612530348,5.6764234197641033
5.699999999999922,0.25886514899534158,-0.44366605226921724,5.6872777692625736
5.7099999999999218,0.25456479574664559,-0.43891365067559585,5.6981372908479333
5.7199999999999216,0.25023923381220592,-0.43398545247615017,5.7090018977286716
5.7299999999999214,0.24588889883036852,-0.42888349138886661,5.7198715026408848
5.7399999999999212,0.24151422868276295,-0.42360987237440756,5.7307460178571592
5.749999999999921,0.23711566345081592,-0.41816677029250937,5.7416253551954792
5.7599999999999207,0.23269364537226411,-0.41255642855838182,5.7525094260281131
5.7699999999999205,0.22824861879766842,-0.40678115779910706,5.7633981412905211
5.7799999999999203,0.22378103014692732,-0.40084333451003901,5.7742914114902444
5.7899999999999201,0.21929132786578995,-0.39474539971120187,5.7851891467158074
5.7999999999999199,0.21477996238237015,-0.38848985760368965,5.7960912566456111
5.8099999999999197,0.21024738606365978,-0.38207927422606469,5.806997650556827
5.8199999999999195,0.20569405317204198,-0.37551627611075739,5.8179082373343052
5.8299999999999192,0.2011204198218052,-0.36880354894046474,5.828822925479459
5.839999999999919,0.19652694393565626,-0.36194383620454951,5.8397416231191688
5.8499999999999188,0.19191408520123396,-0.35493993785543948,5.8506642380146809
5.8599999999999186,0.18728230502762294,-0.34779470896502618,5.8615906775704936
5.8699999999999184,0.18263206650186656,-0.34051105838106427,5.8725208488432674
5.8799999999999182,0.1779638343454811,-0.33309194738357012,5.8834546585507113
5.889999999999918,0.17327807487096855,-0.32554038834122162,5.8943920130804903
5.8999999999999178,0.16857525593833095,-0.31785944336775662,5.9053328184991116
5.9099999999999175,0.16385584691158325,-0.31005222297837193,5.9162769805608271
5.9199999999999173,0.15912031861526693,-0.30212188474612289,5.9272244047165312
5.9299999999999171,0.15436914329096363,-0.29407163195832187,5.9381749961226573
5.9399999999999169,0.14960279455380887,-0.28590471227293784,5.949128659650067
5.9499999999999167,0.14482174734900527,-0.27762441637499508,5.9600852998929623
5.9599999999999165,0.14002647790833589,-0.26923407663297222,5.9710448211777667
5.9699999999999163,0.13521746370667834,-0.26073706575520134,5.982007127572035
5.979999999999916,0.13039518341851761,-0.25213679544626733,5.9929721228933408
5.9899999999999158,0.12556011687446025,-0.24343671506340639,6.0039397107181776
5.9999999999999156,0.12071274501774713,-0.23464031027290561,6.0149097943908565
6.0099999999999154,0.11585354986076785,-0.22575110170650173,6.0258822770324016
6.0199999999999152,0.11098301444157323,-0.21677264361778018,6.0368570615494468
6.029999999999915,0.10610162278038981,-0.20770852253857414,6.047834050643135
6.0399999999999148,0.1012098598361328,-0.19856235593536395,6.0588131468180073
6.0499999999999146,0.096308211462919527,-0.18933779086567559,6.0697942523909143
6.0599999999999143,0.091397164366583322,-0.18003850263448012,6.0807772694999001
6.0699999999999141,0.086477206061186668,-0.17066819345059259,6.091762100113101
6.0799999999999139,0.081548824825535091,-0.16123059108307128,6.1027486460376554
6.0899999999999137,0.076612509659690256,-0.15172944751761633,6.1137368089285768
6.0999999999999135,0.07166875024148385,-0.14216853761296933,6.1247264902976744
6.1099999999999133,0.066718036883030782,-0.1325516577573119,6.135717591522436
6.1199999999999131,0.061760860487242934,-0.12288262452466515,6.1467100138549302
6.1299999999999129,0.056797712504342464,-0.11316527333128831,6.1577036584307026
6.1399999999999126,0.051829084888375669,-0.10340345709207831,6.1686984262776718
6.1499999999999124,0.046855470053726131,-0.093601044876968187,6.179694218325027
6.1599999999999122,0.041877360831628171,-0.083761920567326689,6.1906909354121229
6.169999999999912,0.036895250426681035,-0.073889981512357136,6.2016884782973811
6.1799999999999118,0.031909632373361398,-0.063989137185496342,6.2126867476671848
6.1899999999999116,0.026921000492537598,-0.054063307840813847,6.2236856441447728
6.1999999999999114,0.021929848847983126,-0.044116423169410897,6.2346850682991413
6.2099999999999111,0.016936671702889827,-0.034152420955819496,6.2456849206539369
6.2199999999999109,0.011941963476381424,-0.024175245733701507,6.2566851016963563
6.2299999999999107,0.0069462187000274931,-0.01418884742334869,6.2676855118860404
6.2399999999999105,0.0019499319743561286,-0.0041971799229848037,6.2786860516639784
6.2499999999999103,-0.0030464020746314578,0.0057958003181309567,6.2896866214613913
6.2599999999999101,-0.008042288838948447,0.015786135727301042,6.300687121708644
6.2699999999999099,-0.01303723377210826,0.02576986903598609,6.3116874528441302
6.2799999999999097,-0.018030742432611196,0.035743044707401812,6.3226875153231763
6.2899999999999094,-0.023022320527431014,0.045701710364115945,6.3336872096269365
6.2999999999999092,-0.028011473955501433,0.055641918215644619,6.3446864362712896
6.309999999999909,-0.032997708851202484,0.065559726486049588,6.3556850958157343
6.3199999999999088,-0.037980531627847126,0.075451200841534893,6.3666830888722883
6.3299999999999086,-0.04295944902116762,0.085312415818043469,6.3776803161143851
6.3399999999999084,-0.047933968132802179,0.095139456248854115,6.3886766782857745
6.3499999999999082,-0.052903596473781116,0.10492841869217828,6.3996720762094048
6.3599999999999079,-0.057867842008013828,0.11467541285875683,6.4106664107963418
6.3699999999999077,-0.06282621319577493,0.12437656303945668,6.4216595830546472
6.3799999999999075,-0.067778219037190765,0.13402800953286798,6.4326514940982866
6.3899999999999073,-0.072723369115726008,0.14362591007290038,6.4436420451560199
6.3999999999999071,-0.077661173641670259,0.15316644125638024,6.4546311375803036
6.4099999999999069,-0.082591143495624006,0.16264579997064735,6.4656186728561806
6.4199999999999067,-0.087512790271985844,0.17206020482115142,6.4766045526101879
6.4299999999999065,-0.092425626322438517,0.18140589755904926,6.4875886786192405
6.4399999999999062,-0.097329164799435361,0.19067914450880133,6.4985709528195406
6.449999999999906,-0.10222291969968704,0.19987623799576873,6.5095512773154658
6.4599999999999058,-0.1071064059076479,0.20899349777380977,6.52052955438847
6.4699999999999056,-0.11197913923900249,0.21802727245287676,6.5315056865059793
6.4799999999999054,-0.11684063648415198,0.22697394092661297,6.5424795763302903
6.4899999999999052,-0.12169041545170077,0.23582991379994953,6.5534511267274622
6.499999999999905,-0.12652799501194281,0.24459163481670176,6.564420240776224
6.5099999999999048,-0.13135289514034829,0.25325558228716633,6.575386821776859
6.5199999999999045,-0.13616463696104991,0.26181827051571804,6.5863507732601105
6.5299999999999043,-0.14096274279032964,0.27027625122840654,6.5973119989960747
6.5399999999999041,-0.14574673618010497,0.27862611500055284,6.6082704030031012
6.5499999999999039,-0.15051614196141536,0.28686449268434672,6.6192258895566836
6.5599999999999037,-0.15527048628790907,0.29498805683644297,6.630178363198362
6.5699999999999035,-0.16000929667932931,0.3029935231455585,6.6411277287446184
6.5799999999999033,-0.16473210206500075,0.31087765186006877,6.6520738912957755
6.589999999999903,-0.1694384328273163,0.31863724921560505,6.6630167562448914
6.5999999999999028,-0.1741278208452233,0.32626916886265095,6.6739562292866497
6.6099999999999026,-0.17879979953770989,0.33377031329413914,6.6848922164262756
6.6199999999999024,-0.18345390390729216,0.3411376352730483,6.6958246239884129
6.6299999999999022,-0.18808967058349982,0.34836813925999999,6.7067533586260284
6.639999999999902,-0.19270663786636319,0.35545888284085497,6.7176783273293124
6.6499999999999018,-0.1973043457698995,0.36240697815431067,6.7285994374345703
6.6599999999999016,-0.20188233606559944,0.36920959331949743,6.7395165966331243
6.6699999999999013,-0.20644015232591392,0.37586395386357535,6.750429712980206
6.6799999999999011,-0.21097733996773987,0.38236734414933171,6.7613386949038556
6.6899999999999009,-0.21549344629590722,0.38871710880277682,6.7722434512138197
6.6999999999999007,-0.21998802054666552,0.39491065414074156,6.7831438911104414
6.7099999999999005,-0.22446061393117001,0.4009454495984735,6.7940399241935703
6.7199999999999003,-0.22891077967896836,0.40681902915723445,6.8049314604714466
6.7299999999999001,-0.23333807308148716,0.4125289927718967,6.815818410369606
6.7399999999998998,-0.2377420515355182,0.4180730077985399,6.8267006847397722
6.7499999999998996,-0.24212227458670527,0.42344881042204802,6.8375781948687564
6.7599999999998994,-0.24647830397303053,0.42865420708370633,6.8484508524873524
6.7699999999998992,-0.25080970366830069,0.43368707590879713,6.859318569779238
6.779999999999899,-0.2551160399256342,0.43854536813419814,6.870181259389863
6.7899999999998988,-0.25939688132094685,0.4432271095359781,6.8810388344353584
6.7999999999998986,-0.2636517987964388,0.44773040185699386,6.8918912085114181
6.8099999999998984,-0.26788036570408119,0.4520534242344873,6.9027382957022123
6.8199999999998981,-0.2720821578491025,0.45619443462768222,6.9135800105892713
6.8299999999998979,-0.27625675353347445,0.4601517712453807,6.9244162682603898
6.8399999999998977,-0.28040373359939941,0.4639238539735604,6.9352469843185247
6.8499999999998975,-0.28452268147279658,0.46750918578767869,6.9460720748906795
6.8599999999998973,-0.28861318320678753,0.47090635376738049,6.9568914566368196
6.8699999999998971,-0.2926748275251847,0.4741140291019208,6.9677050467587573
6.8799999999998969,-0.29670720586597593,0.47713096669798943,6.9785127630090509
6.8899999999998967,-0.30070991242481199,0.47995600477224476,6.9893145236999041
6.8999999999998964,-0.30468254419849267,0.48258806444384689,7.0001102477120618
6.9099999999998962,-0.30862470102845346,0.48502614932699051,7.0108998545037045
6.919999999999896,-0.31253598564425228,0.48726934512343822,7.0216832641193463
6.9299999999998958,-0.31641600370705497,0.4893168192150536,7.0324603971987374
6.9399999999998956,-0.32026436385312329,0.49116782025633476,7.0432311749857517
6.9499999999998954,-0.32408067773729993,0.49282167776694674,7.0539955193372927
6.9599999999998952,-0.32786456007649617,0.49427780172425528,7.0647533527321826
6.9699999999998949,-0.33161562869317746,0.49553568215586008,7.0755045982800651
6.9799999999998947,-0.33533350455885047,0.49659488873212737,7.0862491797302987
6.9899999999998945,-0.33901781183754953,0.49745507035872349,7.0969870214808584
6.9999999999998943,-0.3426681779293228,0.49811595476914816,7.1077180485872242
7.0099999999998941,-0.34628423351371918,0.49857734811726701,7.1184421867712864
7.0199999999998939,-0.34986561259327409,0.49883913456984552,7.1291593624302383
7.0299999999998937,-0.35341195253699731,0.49890127589908195,7.1398695026454755
7.0399999999998935,-0.35692289412385786,0.49876381107514012,7.1505725351914888
7.0499999999998932,-0.3603980815862714,0.49842685585868279,7.1612683885447668
7.059999999999893,-0.36383716265358673,0.49789060239340516,7.1719569918926886
7.0699999999998928,-0.36723978859557177,0.49715531879856767,7.1826382751424189
7.0799999999998926,-0.370605614265901,0.49622134876152907,7.1933121689298147
7.0899999999998924,-0.37393429814564061,0.49508911113027976,7.2039786046283094
7.0999999999998922,-0.37722550238673597,0.49375909950597519,7.2146375143578183
7.109999999999892,-0.38047889285549785,0.49223188183546862,7.2252888309936329
7.1199999999998917,-0.38369413917608908,0.49050810000384443,7.2359324881753198
7.1299999999998915,-0.3868709147740107,0.48858846942695122,7.2465684203156124
7.1399999999998913,-0.39000889691958857,0.48647377864393521,7.2571965626093133
7.1499999999998911,-0.39310776677146003,0.48416488890977299,7.2678168510421886
7.1599999999998909,-0.3961672094200599,0.48166273378780516,7.2784292223998666
7.1699999999998907,-0.39918691393110789,0.47896831874226925,7.2890336142767351
7.1799999999998905,-0.40216657338909412,0.47608272073083274,7.2996299650848302
7.1899999999998903,-0.4051058849407661,0.47300708779712636,7.3102182140627496
7.19999999999989,-0.40800454983861517,0.46974263866327742,7.3207983012845315
7.2099999999998898,-0.41086227348436283,0.46629066232244276,7.3313701676685632
7.2199999999998896,-0.41367876547244736,0.46265251763134185,7.3419337549864734
7.2299999999998894,-0.41645373963351057,0.45882963290279016,7.3524890058720347
7.2399999999998892,-0.41918691407788378,0.45482350549823214,7.3630358638300537
7.249999999999889,-0.42187801123907431,0.45063570142027465,7.3735742732452669
7.2599999999998888,-0.42452675791725247,0.44626785490521986,7.3841041793912456
7.2699999999998886,-0.42713288532273785,0.44172166801559842,7.3946255284392866
7.2799999999998883,-0.42969612911948546,0.43699891023270271,7.4051382674673141
7.2899999999998881,-0.4322162294685728,0.43210141804912011,7.4156423444687709
7.2999999999998879,-0.43469293107168572,0.42703109456126587,7.4261377083615168
7.3099999999998877,-0.43712598321460538,0.42178990906191649,7.436624308996727
7.3199999999998875,-0.43951513981069451,0.416379896632743,7.4471020971677948
7.3299999999998873,-0.441860159444384,0.41080315773684362,7.457571024619214
7.3399999999998871,-0.44416080541465947,0.40506185781127763,7.4680310440554907
7.3499999999998868,-0.44641684577854729,0.39915822685959806,7.4784821091500282
7.3599999999998866,-0.44862805339460193,0.39309455904438456,7.4889241745540334
7.3699999999998864,-0.45079420596639147,0.38687321227977739,7.4993571959054144
7.3799999999998862,-0.45291508608598474,0.38049660782401007,7.5097811298376618
7.389999999999886,-0.45499048127743785,0.37396722987194259,7.5201959339887674
7.3999999999998858,-0.45702018404028,0.3672876251475945,7.530601567010101
7.4099999999998856,-0.45900399189300062,0.36046040249667821,7.5409979885753282
7.4199999999998854,-0.46094170741653584,0.3534882324791323,7.5513851593892873
7.4299999999998851,-0.46283313829775447,0.34637384696165407,7.5617630411968975
7.4399999999998849,-0.46467809737294508,0.33912003871023361,7.5721315967920555
7.4499999999998847,-0.46647640267130197,0.33172966098268614,7.582490790026525
7.4599999999998845,-0.46822787745841221,0.32420562712118561,7.592840585818843
7.4699999999998843,-0.4699323502792469,0.31655091013404835,7.6031809501631118
7.4799999999998841,-0.47158965498829403,0.30876854199803211,7.613511850135084
7.4899999999998839,-0.47319963074704774,0.30086161225117353,7.6238332538914282
7.4999999999998836,-0.47476212200863727,0.29283326630614126,7.6341451306662718
7.5099999999998834,-0.47627697850196282,0.28468670375283922,7.6444474507676548
7.5199999999998832,-0.47774405521583019,0.27642517666101013,7.6547401855739734
7.529999999999883,-0.4791632123830859,0.26805198788283924,7.6650233075304399
7.5399999999998828,-0.48053431546475212,0.25957048935555738,7.6752967901455236
7.5499999999998826,-0.4818572351341624,0.25098408040404468,7.6855606079874033
7.5599999999998824,-0.48313184726109537,0.24229620604343402,7.6958147366804122
7.5699999999998822,-0.48435803289591112,0.23351035528171446,7.7060591529014912
7.5799999999998819,-0.48553567825368593,0.22463005942233466,7.7162938343766454
7.5899999999998817,-0.4866646746983469,0.21565889036680663,7.7265187598773819
7.5999999999998815,-0.48774491872680731,0.20660045891730877,7.7367339092171594
7.6099999999998813,-0.48877631195310162,0.19745841307928966,7.7469392632478433
7.6199999999998811,-0.48975876109252059,0.18823643636407136,7.7571348038561574
7.6299999999998809,-0.49069217794574649,0.17893824609145312,7.7673205139601276
7.6399999999998807,-0.49157647938298776,0.16956759169231458,7.7774963775055292
7.6499999999998805,-0.49241158732811419,0.1601282530112193,7.787662379462347
7.6599999999998802,-0.49319742874279243,0.15062403860901832,7.7978185058212102
7.66999999999988,-0.49393393561062027,0.14105878406545377,7.8079647435898512
7.6799999999998798,-0.49462104492126252,0.13143635028176176,7.8181010807895595
7.6899999999998796,-0.49525869865458544,0.12176062178327672,7.8282275064516158
7.6999999999998794,-0.49584684376479188,0.1120355050220341,7.8383440106137536
7.7099999999998792,-0.49638543216455694,0.10226492667937426,7.8484505843166064
7.719999999999879,-0.49687442070916199,0.092452831968545826,7.8585472196001565
7.7299999999998787,-0.49731377118063103,0.082603182937309172,7.86863390950018
7.7399999999998785,-0.4977034502718643,0.072719956770539856,7.8787106480447004
7.7499999999998783,-0.49804342957077469,0.062807144092832196,7.8887774302504434
7.7599999999998781,-0.4983336855444217,0.05286874727110244,7.8988342521192738
7.7699999999998779,-0.4985741995231473,0.042908778717192848,7.9088811106346535
7.7799999999998777,-0.49876495768471063,0.032931259190474453,7.9189180037580869
7.7899999999998775,-0.49890595103842272,0.022940216100451025,7.9289449304255788
7.7999999999998773,-0.49899717540928251,0.012939681809362384,7.9389618905440678
7.809999999999877,-0.49903863142211113,0.0029336919347877216,7.9489688849878926
7.8199999999998768,-0.49903032448568674,-0.007073716347750573,7.9589659155952308
7.8299999999998766,-0.49897226477688078,-0.017078506002183805,7.9689529851645489
7.8399999999998764,-0.49886446722479144,-0.027076641829293365,7.9789300974510597
7.8499999999998762,-0.49870695149488015,-0.03706409216410702,7.9888972571631625
7.859999999999876,-0.49849974197310581,-0.047036830573295968,7.9988544699588946
7.8699999999998758,-0.49824286775005988,-0.056990837552570749,8.0088017424423885
7.8799999999998755,-0.49793636260510188,-0.066922102224078434,8.0187390821603017
7.8899999999998753,-0.49758026499049413,-0.07682662403379846,8.0286664975982962
7.8999999999998751,-0.49717461801553675,-0.086700414448939681,8.0385839981774598
7.9099999999998749,-0.49671946943070294,-0.096539498655336703,8.048491594250768
7.9199999999998747,-0.49621487161177397,-0.10633991725484634,8.0583892970995343
7.9299999999998745,-0.49566088154397414,-0.11609772796274448,8.0682771189298563
7.9399999999998743,-0.49505756080610586,-0.12580900730512198,8.0781550728690661
7.9499999999998741,-0.49440497555468499,-0.13546985231628186,8.0880231729621812
7.9599999999998738,-0.49370319650807531,-0.14507638223613536,8.0978814341683503
7.9699999999998736,-0.49295229893062426,-0.154624740207599,8.1077298723573019
7.9799999999998734,-0.49215236261679729,-0.16411109497399023,8.117568504305801
7.9899999999998732,-0.49130347187531381,-0.17353164257642492,8.1273973476940959
7.999999999999873,-0.49040571551328144,-0.18288260805121337,8.1372164211023605
8.0099999999998737,-0.48945918682033107,-0.19216024712725688,8.147025744007145
8.0199999999998735,-0.48846398355275289,-0.20136084792344405,8.1568253367778425
8.0299999999998732,-0.48742020791763024,-0.21048073264604825,8.166615220673112
8.039999999999873,-0.48632796655697552,-0.21951625928612295,8.1763954178373499
8.0499999999998728,-0.48518737053186478,-0.22846382331689885,8.1861659512971219
8.0599999999998726,-0.48399853530657294,-0.23731985939118042,8.1959268449576257
8.0699999999998724,-0.48276158073270875,-0.24608084303874248,8.2056781235991352
8.0799999999998722,-0.48147663103335031,-0.25474329236372639,8.2154198128734492
8.089999999999872,-0.48014381478717927,-0.26330376974203668,8.2251519393003409
8.0999999999998717,-0.47876326491261673,-0.27175888351015876,8.2348745302640118
8.1099999999998715,-0.47733511865195793,-0.28010528943091184,8.2445876140095269
8.1199999999998713,-0.47585951755550698,-0.2883396915929648,8.2542912196392884
8.1299999999998711,-0.47433660746571277,-0.2964588430872882,8.2639853771094618
8.1399999999998709,-0.47276653850130307,-0.30445954667502739,8.2736701172264375
8.1499999999998707,-0.47114946504142047,-0.31233865545537465,8.2833454716432779
8.1599999999998705,-0.46948554570975654,-0.32009307353344224,8.2930114728561595
8.1699999999998703,-0.46777494335868797,-0.32771975668813491,8.3026681542008447
8.17999999999987,-0.46601782505341033,-0.33521571304002301,8.3123155498490959
8.1899999999998698,-0.46421436205607436,-0.34257800371921476,8.321953694805158
8.1999999999998696,-0.46236472980992027,-0.34980374353322902,8.3315826249021896
8.2099999999998694,-0.46046910792341295,-0.35689010163486823,8.3412023767987158
8.2199999999998692,-0.45852768015437745,-0.36383430219009105,8.3508129879750825
8.229999999999869,-0.45654063439413295,-0.3706336250458851,8.3604144967298968
8.2399999999998688,-0.45450816265162958,-0.37728540639813929,8.3700069421764862
8.2499999999998685,-0.4524304610375815,-0.38378703945951709,8.3795903642393395
8.2599999999998683,-0.45030772974860372,-0.39013597512732912,8.3891648036505639
8.2699999999998681,-0.44814017305134551,-0.39632972265140548,8.398730301946328
8.2799999999998679,-0.44592799926662707,-0.40236585030196892,8.4082869014633133
8.2899999999998677,-0.44367142075357335,-0.40824198603750722,8.417834645335164
8.2999999999998675,-0.44137065389374985,-0.41395581817264593,8.4273735774889396
8.3099999999998673,-0.43902591907529731,-0.41950509604602187,8.4369037426415581
8.3199999999998671,-0.43663744067706672,-0.42488763068815422,8.4464251862962474
8.3299999999998668,-0.43420544705275466,-0.43010129548931891,8.4559379547389977
8.3399999999998666,-0.43173017051503837,-0.43514402686742004,8.4654420950350069
8.3499999999998664,-0.42921184731971046,-0.44001382493586383,8.4749376550251334
8.3599999999998662,-0.42665071764981422,-0.44470875417143008,8.4844246833223451
8.369999999999866,-0.42404702559977869,-0.44922694408214586,8.4939032293081631
8.3799999999998658,-0.42140101915955358,-0.45356658987515769,8.5033733431291179
8.3899999999998656,-0.41871295019874455,-0.45772595312460401,8.5128350756932001
8.3999999999998654,-0.41598307445074795,-0.46170336243948906,8.5222884786662991
8.4099999999998651,-0.4132116514968861,-0.46549721413155426,8.5317336044686645
8.4199999999998649,-0.4103989447505425,-0.46910597288315159,8.5411705062713477
8.4299999999998647,-0.40754522144129651,-0.47252817241511619,8.5505992379926585
8.4399999999998645,-0.40465075259905858,-0.47576241615463921,8.5600198542946035
8.4499999999998643,-0.40171581303820547,-0.4788073779031401,8.5694324105793456
8.4599999999998641,-0.39874068134171509,-0.48166180250413998,8.5788369629856511
8.4699999999998639,-0.39572563984530151,-0.48432450651113373,8.5882335683853359
8.4799999999998636,-0.39267097462155048,-0.48679437885546301,8.5976222843797157
8.4899999999998634,-0.38957697546405379,-0.48907038151418897,8.6070031692960587
8.4999999999998632,-0.38644393587154474,-0.49115155017796447,8.616376282184028
8.509999999999863,-0.38327215303203344,-0.49303699491890829,8.625741682812146
8.5199999999998628,-0.38006192780694137,-0.49472590085847573,8.6350994316642193
8.5299999999998626,-0.37681356471523653,-0.4962175288353331,8.6444495899358156
8.5399999999998624,-0.37352737191756891,-0.49751121607322907,8.6537922195306898
8.5499999999998622,-0.37020366120040493,-0.49860637684886833,8.6631273830572457
8.5599999999998619,-0.3668427479601632,-0.49950250315978434,8.6724551438249886
8.5699999999998617,-0.36344495118734887,-0.50019916539221132,8.6817755658409634
8.5799999999998615,-0.3600105934506892,-0.5006960129889575,8.6910887138062094
8.5899999999998613,-0.3565400008812683,-0.50099277511727747,8.7003946531122089
8.5999999999998611,-0.3530335031566626,-0.50108926133674536,8.7096934498373457
8.6099999999998609,-0.34949143348507533,-0.50098536226712709,8.7189851707433359
8.6199999999998607,-0.34591412858947218,-0.50068105025625376,8.7282698832716967
8.6299999999998604,-0.34230192869171572,-0.50017638004789311,8.7375476555401761
8.6399999999998602,-0.33865517749670115,-0.49947148944962372,8.7468185563392247
8.64999999999986,-0.33497422217649081,-0.49856660000070668,8.7560826551284272
8.6599999999998598,-0.33125941335444958,-0.49746201763995868,8.7653400220329551
8.6699999999998596,-0.32751110508937964,-0.49615813337362497,8.7745907278400264
8.6799999999998594,-0.32372965485965588,-0.4946554239432514,8.78383484399534
8.6899999999998592,-0.31991542354736069,-0.49295445249355768,8.7930724425995379
8.699999999999859,-0.31606877542241901,-0.49105586924030992,8.8023035964046468
8.7099999999998587,-0.31219007812673361,-0.48896041213819358,8.8115283788105287
8.7199999999998585,-0.30827970265831994,-0.48666890753238007,8.8207468638613378
8.7299999999998583,-0.30433802335544141,-0.48418227038615064,8.8299591262419543
8.7399999999998581,-0.30036541788074422,-0.48150150343235387,8.8391652412744488
8.7499999999998579,-0.29636226720539222,-0.47862769590091941,8.8483652849145251
8.7599999999998577,-0.29232895559320282,-0.47556202223006699,8.8575593337479699
8.7699999999998575,-0.28826587058478104,-0.47230574077751392,8.8667474649871014
8.7799999999998573,-0.28417340298165528,-0.46886019253168432,8.8759297564672224
8.789999999999857,-0.28005194683041196,-0.46522679982291665,8.8851062866430652
8.7999999999998568,-0.27590189940683069,-0.46140706503467277,8.8942771345852449
8.8099999999998566,-0.27172366120001956,-0.45740256931474604,8.9034423799767062
8.8199999999998564,-0.26751763589654987,-0.45321497128646943,8.9126021031091689
8.8299999999998562,-0.26328423036459137,-0.44884600575992456,8.9217563848795916
8.839999999999856,-0.25902385463804722,-0.44429748244314926,8.9309053067866024
8.8499999999998558,-0.25473692190068936,-0.43957128465334649,8.9400489509269594
8.8599999999998555,-0.25042384847029286,-0.43466936802809247,8.9491873999920006
8.8699999999998553,-0.24608505378277185,-0.42959375923654503,8.9583207372640885
8.8799999999998551,-0.24172096037631399,-0.42434655469065247,8.9674490466130639
8.8899999999998549,-0.23733199387551565,-0.41892991925636081,8.9765724124926844
8.8999999999998547,-0.23291858297551718,-0.41334608496482361,8.9856909199370936
8.9099999999998545,-0.22848115942613773,-0.40759734972360895,8.9948046545572531
8.9199999999998543,-0.22402015801601038,-0.40168607602790884,9.0039137025373996
8.9299999999998541,-0.21953601655671715,-0.39561468967174707,9.0130181506314901
8.9399999999998538,-0.21502917586692424,-0.38938567845918759,9.0221180861596562
8.9499999999998536,-0.21050007975651694,-0.38300159091554309,9.0312135970046512
8.9599999999998534,-0.20594917501073479,-0.37646503499858314,9.040304771608298
8.9699999999998532,-0.20137691137430619,-0.36977867680974275,9.0493916989679413
8.979999999999853,-0.19678374153558431,-0.36294523930533079,9.0584744686328893
8.9899999999998528,-0.19217012111068149,-0.35596750100773783,9.067553170700883
8.9999999999998526,-0.18753650862760451,-0.34884829471664514,9.0766278958145179
9.0099999999998523,-0.18288336551038942,-0.34159050622023274,9.0856987351577132
9.0199999999998521,-0.17821115606323712,-0.33419707300638807,9.0947657804521533
9.0299999999998519,-0.17352034745464789,-0.32667098297391378,9.1038291239537443
9.0399999999998517,-0.16881140970155667,-0.31901527314373662,9.1128888584490522
9.0499999999998515,-0.16408481565346825,-0.31123302837011552,9.1219450772517625
9.0599999999998513,-0.15934104097659202,-0.30332738005185012,9.1309978741991191
9.0699999999998511,-0.1545805641379773,-0.29530150484348927,9.1400473436483889
9.0799999999998509,-0.14980386638964835,-0.28715862336653875,9.1490935804732985
9.0899999999998506,-0.14501143175273909,-0.27890199892067052,9.1581366800604798
9.0999999999998504,-0.1402037470016288,-0.27053493619493046,9.1671767383059439
9.1099999999998502,-0.13538130164807666,-0.26206077997894689,9.1762138516114931
9.11999999999985,-0.13054458792535692,-0.25348291387413913,9.1852481168812083
9.1299999999998498,-0.12569410077239407,-0.24480475900492557,9.1942796315178672
9.1399999999998496,-0.12083033781789791,-0.23602977272993228,9.2033084934194189
9.1499999999998494,-0.11595379936449837,-0.22716144735320121,9.2123348009754125
9.1599999999998492,-0.11106498837288088,-0.21820330883539868,9.2213586530634615
9.1699999999998489,-0.10616441044592134,-0.20915891550502361,9.2303801490456827
9.1799999999998487,-0.10125257381282086,-0.20003185676961607,9.2393993887651522
9.1899999999998485,-0.096329989313241382,-0.19082575182696546,9.2484164725423543
9.1999999999998483,-0.09139717038144024,-0.181544248376319,9.2574315011716237
9.2099999999998481,-0.086454633030405542,-0.17219102132958991,9.2664445759176104
9.2199999999998479,-0.081502895835991018,-0.16276977152256636,9.2754557985117092
9.2299999999998477,-0.07654247992105126,-0.15328422442611872,9.2844652711485232
9.2399999999998474,-0.071573908939576575,-0.14373812885740925,9.2934730964823107
9.2499999999998472,-0.066597709060828264,-0.13413525569109935,9.3024793776234276
9.259999999999847,-0.06161440895347358,-0.12447939657055866,9.3114842181347903
9.2699999999998468,-0.056624539769720698,-0.11477436261907316,9.3204877220283056
9.2799999999998466,-0.051628635129453933,-0.10502398315105335,9.3294899937613405
9.2899999999998464,-0.046627231104368616,-0.095232104383242963,9.3384911382331612
9.2999999999998462,-0.04162086620210647,-0.085402588145927202,9.3474912607813803
9.309999999999846,-0.036610081350390219,-0.075539310594140818,9.3564904671784106
9.3199999999998457,-0.031595419881159048,-0.06564616091887715,9.365488863627915
9.3299999999998455,-0.026577427514703499,-0.055727040058295721,9.3744865567612496
9.3399999999998453,-0.021556652343800425,-0.045785859408931144,9.3834836536339274
9.3499999999998451,-0.016533644817848296,-0.035826539536901209,9.3924802617220493
9.3599999999998449,-0.011508957727001994,-0.02585300888911541,9.4014764889187621
9.3699999999998447,-0.0064831461863080874,-0.015869202504483208,9.4104724435307148
9.3799999999998445,-0.0014567676198397822,-0.0058790607251224631,9.4194682342744933
9.3899999999998442,0.003569618255168014,0.004113472092432238,9.4284639702730839
9.399999999999844,0.0085954494441836393,0.014104448866021156,9.437459761052315
9.4099999999998438,0.013620161691243554,0.02408992107665122,9.4464557165373026
9.4199999999998436,0.018643188494817317,0.034065940057287414,9.4554519470489122
9.4299999999998434,0.023663961123672618,0.044028558281644446,9.4644485633002002
9.4399999999998432,0.028681908632740061,0.053973830652978644,9.4734456763928598
9.449999999999843,0.033696457878978188,0.063897815792879273,9.4824433978136753
9.4599999999998428,0.038707033537238415,0.073796577330060301,9.491441839430971
9.4699999999998425,0.043713058116130001,0.083666185189152059,9.5004411134910658
9.4799999999998423,0.048713951973884929,0.093502716879492895,9.509441332614708
9.4899999999998421,0.053709133334222878,0.10330225878392059,9.518442609793544
9.4999999999998419,0.05869801830221618,0.11306090744756431,9.5274450583865491
9.5099999999998417,0.063680020880154703,0.1227747708666361,9.5364487921164862
9.5199999999998415,0.068654552983410874,0.13243996977722236,9.5454539250663615
9.5299999999998413,0.073621024456304585,0.14205263894407577,9.5544605716758575
9.5399999999998411,0.078578843087968045,0.15160892844940668,9.5634688467377984
9.5499999999998408,0.083527414628210894,0.16110500498167488,9.5724788653945847
9.5599999999998406,0.088466142803385051,0.17053705312438125,9.5814907431346601
9.5699999999998404,0.093394429332249604,0.17990127664485922,9.5905045957889463
9.5799999999998402,0.098311673941835764,0.18919389978306658,9.599520539527294
9.58999999999984,0.103217274383312,0.19841116854037713,9.6085386908549424
9.5999999999998398,0.10811062644784862,0.2075493519683721,9.6175591666089559
9.6099999999998396,0.1129911239824832,0.21660474345763198,9.6265820839546876
9.6199999999998393,0.1178581589059849,0.22557366202652823,9.6356075603822067
9.6299999999998391,0.12271112122472001,0.23445245361001454,9.6446357137027761
9.6399999999998389,0.12754939904851653,0.2432374923484189,9.6536666620452767
9.6499999999998387,0.13237237860652917,0.25192518187623486,9.6627005238526742
9.6599999999998385,0.13717944426310447,0.26051195661091359,9.671737417878461
9.6699999999998383,0.1419699785336454,0.26899428304165501,9.6807774631830981
9.6799999999998381,0.14674336210047664,0.27736866101819979,9.6898207791304802
9.6899999999998379,0.15149897382870939,0.28563162503962103,9.6988674853843779
9.6999999999998376,0.15623619078210627,0.29377974554311542,9.7079177019048863
9.7099999999998374,0.16095438823894623,0.30180963019279533,9.7169715489448691
9.7199999999998372,0.16565293970788969,0.30971792516848051,9.7260291470464217
9.729999999999837,0.17033121694384323,0.31750131645448909,9.7350906170373044
9.7399999999998368,0.17498858996382469,0.32515653112843013,9.7441560800274036
9.7499999999998366,0.17962442706282816,0.33268033864999419,9.7532256574051814
9.7599999999998364,0.18423809482968864,0.34006955214974627,9.7622994708341153
9.7699999999998361,0.18882895816294729,0.34732102971791595,9.7713776422491527
9.7799999999998359,0.19339638028671624,0.35443167569319051,9.7804602938531673
9.7899999999998357,0.19793972276654356,0.36139844195150511,9.7895475481133953
9.7999999999998355,0.20245834552527814,0.36821832919483571,9.7986395277578939
9.8099999999998353,0.20695160685893474,0.37488838823998999,9.8077363557719934
9.8199999999998351,0.21141886345255873,0.38140572130739897,9.8168381553947288
9.8299999999998349,0.21585947039609135,0.38776748330990912,9.8259450501153172
9.8399999999998347,0.22027278120023436,0.39397088314157336,9.83505716366958
9.8499999999998344,0.22465814781231511,0.40001318496644328,9.8441746200364122
9.8599999999998342,0.22901492063215137,0.40589170950736042,9.8532975434342163
9.869999999999834,0.23334244852791647,0.41160383533474793,9.8624260583173609
9.8799999999998338,0.23764007885200422,0.4171470001554024,9.8715602893726384
